# phase src dst weight
0 0 0 31.35000000
0 0 4 30.75000000
0 0 8 30.75000000
0 0 12 30.75000000
0 1 1 0.60000000
0 2 2 0.60000000
0 3 3 0.60000000
0 4 4 0.60000000
0 5 5 0.60000000
0 6 6 0.60000000
0 7 1 30.75000000
0 7 5 30.75000000
0 7 7 0.60000000
0 7 9 30.75000000
0 7 13 30.75000000
0 8 8 0.60000000
0 9 9 0.60000000
0 10 10 0.60000000
0 11 11 0.60000000
0 12 12 0.60000000
0 13 13 0.60000000
0 14 14 0.60000000
0 15 15 0.60000000
0 56 2 30.75000000
0 56 6 30.75000000
0 56 10 30.75000000
0 56 14 30.75000000
0 63 3 30.75000000
0 63 7 30.75000000
0 63 11 30.75000000
0 63 15 30.75000000
1 0 48 30.75000000
1 0 52 30.75000000
1 0 56 30.75000000
1 0 60 30.75000000
1 7 49 30.75000000
1 7 53 30.75000000
1 7 57 30.75000000
1 7 61 30.75000000
1 48 48 0.60000000
1 49 49 0.60000000
1 50 50 0.60000000
1 51 51 0.60000000
1 52 52 0.60000000
1 53 53 0.60000000
1 54 54 0.60000000
1 55 55 0.60000000
1 56 50 30.75000000
1 56 54 30.75000000
1 56 56 0.60000000
1 56 58 30.75000000
1 56 62 30.75000000
1 57 57 0.60000000
1 58 58 0.60000000
1 59 59 0.60000000
1 60 60 0.60000000
1 61 61 0.60000000
1 62 62 0.60000000
1 63 51 30.75000000
1 63 55 30.75000000
1 63 59 30.75000000
1 63 63 31.35000000
2 0 32 30.75000000
2 0 36 30.75000000
2 0 40 30.75000000
2 0 44 30.75000000
2 7 33 30.75000000
2 7 37 30.75000000
2 7 41 30.75000000
2 7 45 30.75000000
2 32 32 0.60000000
2 33 33 0.60000000
2 34 34 0.60000000
2 35 35 0.60000000
2 36 36 0.60000000
2 37 37 0.60000000
2 38 38 0.60000000
2 39 39 0.60000000
2 40 40 0.60000000
2 41 41 0.60000000
2 42 42 0.60000000
2 43 43 0.60000000
2 44 44 0.60000000
2 45 45 0.60000000
2 46 46 0.60000000
2 47 47 0.60000000
2 56 34 30.75000000
2 56 38 30.75000000
2 56 42 30.75000000
2 56 46 30.75000000
2 63 35 30.75000000
2 63 39 30.75000000
2 63 43 30.75000000
2 63 47 30.75000000
3 0 16 30.75000000
3 0 20 30.75000000
3 0 24 30.75000000
3 0 28 30.75000000
3 7 17 30.75000000
3 7 21 30.75000000
3 7 25 30.75000000
3 7 29 30.75000000
3 16 16 0.60000000
3 17 17 0.60000000
3 18 18 0.60000000
3 19 19 0.60000000
3 20 20 0.60000000
3 21 21 0.60000000
3 22 22 0.60000000
3 23 23 0.60000000
3 24 24 0.60000000
3 25 25 0.60000000
3 26 26 0.60000000
3 27 27 0.60000000
3 28 28 0.60000000
3 29 29 0.60000000
3 30 30 0.60000000
3 31 31 0.60000000
3 56 18 30.75000000
3 56 22 30.75000000
3 56 26 30.75000000
3 56 30 30.75000000
3 63 19 30.75000000
3 63 23 30.75000000
3 63 27 30.75000000
3 63 31 30.75000000
4 0 0 31.35000000
4 0 4 30.75000000
4 0 8 30.75000000
4 0 12 30.75000000
4 1 1 0.60000000
4 2 2 0.60000000
4 3 3 0.60000000
4 4 4 0.60000000
4 5 5 0.60000000
4 6 6 0.60000000
4 7 1 30.75000000
4 7 5 30.75000000
4 7 7 0.60000000
4 7 9 30.75000000
4 7 13 30.75000000
4 8 8 0.60000000
4 9 9 0.60000000
4 10 10 0.60000000
4 11 11 0.60000000
4 12 12 0.60000000
4 13 13 0.60000000
4 14 14 0.60000000
4 15 15 0.60000000
4 56 2 30.75000000
4 56 6 30.75000000
4 56 10 30.75000000
4 56 14 30.75000000
4 63 3 30.75000000
4 63 7 30.75000000
4 63 11 30.75000000
4 63 15 30.75000000
5 0 48 30.75000000
5 0 52 30.75000000
5 0 56 30.75000000
5 0 60 30.75000000
5 7 49 30.75000000
5 7 53 30.75000000
5 7 57 30.75000000
5 7 61 30.75000000
5 48 48 0.60000000
5 49 49 0.60000000
5 50 50 0.60000000
5 51 51 0.60000000
5 52 52 0.60000000
5 53 53 0.60000000
5 54 54 0.60000000
5 55 55 0.60000000
5 56 50 30.75000000
5 56 54 30.75000000
5 56 56 0.60000000
5 56 58 30.75000000
5 56 62 30.75000000
5 57 57 0.60000000
5 58 58 0.60000000
5 59 59 0.60000000
5 60 60 0.60000000
5 61 61 0.60000000
5 62 62 0.60000000
5 63 51 30.75000000
5 63 55 30.75000000
5 63 59 30.75000000
5 63 63 31.35000000
6 0 32 30.75000000
6 0 36 30.75000000
6 0 40 30.75000000
6 0 44 30.75000000
6 7 33 30.75000000
6 7 37 30.75000000
6 7 41 30.75000000
6 7 45 30.75000000
6 32 32 0.60000000
6 33 33 0.60000000
6 34 34 0.60000000
6 35 35 0.60000000
6 36 36 0.60000000
6 37 37 0.60000000
6 38 38 0.60000000
6 39 39 0.60000000
6 40 40 0.60000000
6 41 41 0.60000000
6 42 42 0.60000000
6 43 43 0.60000000
6 44 44 0.60000000
6 45 45 0.60000000
6 46 46 0.60000000
6 47 47 0.60000000
6 56 34 30.75000000
6 56 38 30.75000000
6 56 42 30.75000000
6 56 46 30.75000000
6 63 35 30.75000000
6 63 39 30.75000000
6 63 43 30.75000000
6 63 47 30.75000000
7 0 16 30.75000000
7 0 20 30.75000000
7 0 24 30.75000000
7 0 28 30.75000000
7 7 17 30.75000000
7 7 21 30.75000000
7 7 25 30.75000000
7 7 29 30.75000000
7 16 16 0.60000000
7 17 17 0.60000000
7 18 18 0.60000000
7 19 19 0.60000000
7 20 20 0.60000000
7 21 21 0.60000000
7 22 22 0.60000000
7 23 23 0.60000000
7 24 24 0.60000000
7 25 25 0.60000000
7 26 26 0.60000000
7 27 27 0.60000000
7 28 28 0.60000000
7 29 29 0.60000000
7 30 30 0.60000000
7 31 31 0.60000000
7 56 18 30.75000000
7 56 22 30.75000000
7 56 26 30.75000000
7 56 30 30.75000000
7 63 19 30.75000000
7 63 23 30.75000000
7 63 27 30.75000000
7 63 31 30.75000000
8 0 0 31.35000000
8 0 4 30.75000000
8 0 8 30.75000000
8 0 12 30.75000000
8 1 1 0.60000000
8 2 2 0.60000000
8 3 3 0.60000000
8 4 4 0.60000000
8 5 5 0.60000000
8 6 6 0.60000000
8 7 1 30.75000000
8 7 5 30.75000000
8 7 7 0.60000000
8 7 9 30.75000000
8 7 13 30.75000000
8 8 8 0.60000000
8 9 9 0.60000000
8 10 10 0.60000000
8 11 11 0.60000000
8 12 12 0.60000000
8 13 13 0.60000000
8 14 14 0.60000000
8 15 15 0.60000000
8 56 2 30.75000000
8 56 6 30.75000000
8 56 10 30.75000000
8 56 14 30.75000000
8 63 3 30.75000000
8 63 7 30.75000000
8 63 11 30.75000000
8 63 15 30.75000000
9 0 48 30.75000000
9 0 52 30.75000000
9 0 56 30.75000000
9 0 60 30.75000000
9 7 49 30.75000000
9 7 53 30.75000000
9 7 57 30.75000000
9 7 61 30.75000000
9 48 48 0.60000000
9 49 49 0.60000000
9 50 50 0.60000000
9 51 51 0.60000000
9 52 52 0.60000000
9 53 53 0.60000000
9 54 54 0.60000000
9 55 55 0.60000000
9 56 50 30.75000000
9 56 54 30.75000000
9 56 56 0.60000000
9 56 58 30.75000000
9 56 62 30.75000000
9 57 57 0.60000000
9 58 58 0.60000000
9 59 59 0.60000000
9 60 60 0.60000000
9 61 61 0.60000000
9 62 62 0.60000000
9 63 51 30.75000000
9 63 55 30.75000000
9 63 59 30.75000000
9 63 63 31.35000000
10 0 32 30.75000000
10 0 36 30.75000000
10 0 40 30.75000000
10 0 44 30.75000000
10 7 33 30.75000000
10 7 37 30.75000000
10 7 41 30.75000000
10 7 45 30.75000000
10 32 32 0.60000000
10 33 33 0.60000000
10 34 34 0.60000000
10 35 35 0.60000000
10 36 36 0.60000000
10 37 37 0.60000000
10 38 38 0.60000000
10 39 39 0.60000000
10 40 40 0.60000000
10 41 41 0.60000000
10 42 42 0.60000000
10 43 43 0.60000000
10 44 44 0.60000000
10 45 45 0.60000000
10 46 46 0.60000000
10 47 47 0.60000000
10 56 34 30.75000000
10 56 38 30.75000000
10 56 42 30.75000000
10 56 46 30.75000000
10 63 35 30.75000000
10 63 39 30.75000000
10 63 43 30.75000000
10 63 47 30.75000000
11 0 16 30.75000000
11 0 20 30.75000000
11 0 24 30.75000000
11 0 28 30.75000000
11 7 17 30.75000000
11 7 21 30.75000000
11 7 25 30.75000000
11 7 29 30.75000000
11 16 16 0.60000000
11 17 17 0.60000000
11 18 18 0.60000000
11 19 19 0.60000000
11 20 20 0.60000000
11 21 21 0.60000000
11 22 22 0.60000000
11 23 23 0.60000000
11 24 24 0.60000000
11 25 25 0.60000000
11 26 26 0.60000000
11 27 27 0.60000000
11 28 28 0.60000000
11 29 29 0.60000000
11 30 30 0.60000000
11 31 31 0.60000000
11 56 18 30.75000000
11 56 22 30.75000000
11 56 26 30.75000000
11 56 30 30.75000000
11 63 19 30.75000000
11 63 23 30.75000000
11 63 27 30.75000000
11 63 31 30.75000000
12 0 0 31.35000000
12 0 4 30.75000000
12 0 8 30.75000000
12 0 12 30.75000000
12 1 1 0.60000000
12 2 2 0.60000000
12 3 3 0.60000000
12 4 4 0.60000000
12 5 5 0.60000000
12 6 6 0.60000000
12 7 1 30.75000000
12 7 5 30.75000000
12 7 7 0.60000000
12 7 9 30.75000000
12 7 13 30.75000000
12 8 8 0.60000000
12 9 9 0.60000000
12 10 10 0.60000000
12 11 11 0.60000000
12 12 12 0.60000000
12 13 13 0.60000000
12 14 14 0.60000000
12 15 15 0.60000000
12 56 2 30.75000000
12 56 6 30.75000000
12 56 10 30.75000000
12 56 14 30.75000000
12 63 3 30.75000000
12 63 7 30.75000000
12 63 11 30.75000000
12 63 15 30.75000000
13 0 48 30.75000000
13 0 52 30.75000000
13 0 56 30.75000000
13 0 60 30.75000000
13 7 49 30.75000000
13 7 53 30.75000000
13 7 57 30.75000000
13 7 61 30.75000000
13 48 48 0.60000000
13 49 49 0.60000000
13 50 50 0.60000000
13 51 51 0.60000000
13 52 52 0.60000000
13 53 53 0.60000000
13 54 54 0.60000000
13 55 55 0.60000000
13 56 50 30.75000000
13 56 54 30.75000000
13 56 56 0.60000000
13 56 58 30.75000000
13 56 62 30.75000000
13 57 57 0.60000000
13 58 58 0.60000000
13 59 59 0.60000000
13 60 60 0.60000000
13 61 61 0.60000000
13 62 62 0.60000000
13 63 51 30.75000000
13 63 55 30.75000000
13 63 59 30.75000000
13 63 63 31.35000000
14 0 32 30.75000000
14 0 36 30.75000000
14 0 40 30.75000000
14 0 44 30.75000000
14 7 33 30.75000000
14 7 37 30.75000000
14 7 41 30.75000000
14 7 45 30.75000000
14 32 32 0.60000000
14 33 33 0.60000000
14 34 34 0.60000000
14 35 35 0.60000000
14 36 36 0.60000000
14 37 37 0.60000000
14 38 38 0.60000000
14 39 39 0.60000000
14 40 40 0.60000000
14 41 41 0.60000000
14 42 42 0.60000000
14 43 43 0.60000000
14 44 44 0.60000000
14 45 45 0.60000000
14 46 46 0.60000000
14 47 47 0.60000000
14 56 34 30.75000000
14 56 38 30.75000000
14 56 42 30.75000000
14 56 46 30.75000000
14 63 35 30.75000000
14 63 39 30.75000000
14 63 43 30.75000000
14 63 47 30.75000000
15 0 16 30.75000000
15 0 20 30.75000000
15 0 24 30.75000000
15 0 28 30.75000000
15 7 17 30.75000000
15 7 21 30.75000000
15 7 25 30.75000000
15 7 29 30.75000000
15 16 16 0.60000000
15 17 17 0.60000000
15 18 18 0.60000000
15 19 19 0.60000000
15 20 20 0.60000000
15 21 21 0.60000000
15 22 22 0.60000000
15 23 23 0.60000000
15 24 24 0.60000000
15 25 25 0.60000000
15 26 26 0.60000000
15 27 27 0.60000000
15 28 28 0.60000000
15 29 29 0.60000000
15 30 30 0.60000000
15 31 31 0.60000000
15 56 18 30.75000000
15 56 22 30.75000000
15 56 26 30.75000000
15 56 30 30.75000000
15 63 19 30.75000000
15 63 23 30.75000000
15 63 27 30.75000000
15 63 31 30.75000000
16 0 0 31.35000000
16 0 4 30.75000000
16 0 8 30.75000000
16 0 12 30.75000000
16 1 1 0.60000000
16 2 2 0.60000000
16 3 3 0.60000000
16 4 4 0.60000000
16 5 5 0.60000000
16 6 6 0.60000000
16 7 1 30.75000000
16 7 5 30.75000000
16 7 7 0.60000000
16 7 9 30.75000000
16 7 13 30.75000000
16 8 8 0.60000000
16 9 9 0.60000000
16 10 10 0.60000000
16 11 11 0.60000000
16 12 12 0.60000000
16 13 13 0.60000000
16 14 14 0.60000000
16 15 15 0.60000000
16 56 2 30.75000000
16 56 6 30.75000000
16 56 10 30.75000000
16 56 14 30.75000000
16 63 3 30.75000000
16 63 7 30.75000000
16 63 11 30.75000000
16 63 15 30.75000000
17 0 48 30.75000000
17 0 52 30.75000000
17 0 56 30.75000000
17 0 60 30.75000000
17 7 49 30.75000000
17 7 53 30.75000000
17 7 57 30.75000000
17 7 61 30.75000000
17 48 48 0.60000000
17 49 49 0.60000000
17 50 50 0.60000000
17 51 51 0.60000000
17 52 52 0.60000000
17 53 53 0.60000000
17 54 54 0.60000000
17 55 55 0.60000000
17 56 50 30.75000000
17 56 54 30.75000000
17 56 56 0.60000000
17 56 58 30.75000000
17 56 62 30.75000000
17 57 57 0.60000000
17 58 58 0.60000000
17 59 59 0.60000000
17 60 60 0.60000000
17 61 61 0.60000000
17 62 62 0.60000000
17 63 51 30.75000000
17 63 55 30.75000000
17 63 59 30.75000000
17 63 63 31.35000000
18 0 32 30.75000000
18 0 36 30.75000000
18 0 40 30.75000000
18 0 44 30.75000000
18 7 33 30.75000000
18 7 37 30.75000000
18 7 41 30.75000000
18 7 45 30.75000000
18 32 32 0.60000000
18 33 33 0.60000000
18 34 34 0.60000000
18 35 35 0.60000000
18 36 36 0.60000000
18 37 37 0.60000000
18 38 38 0.60000000
18 39 39 0.60000000
18 40 40 0.60000000
18 41 41 0.60000000
18 42 42 0.60000000
18 43 43 0.60000000
18 44 44 0.60000000
18 45 45 0.60000000
18 46 46 0.60000000
18 47 47 0.60000000
18 56 34 30.75000000
18 56 38 30.75000000
18 56 42 30.75000000
18 56 46 30.75000000
18 63 35 30.75000000
18 63 39 30.75000000
18 63 43 30.75000000
18 63 47 30.75000000
19 0 16 30.75000000
19 0 20 30.75000000
19 0 24 30.75000000
19 0 28 30.75000000
19 7 17 30.75000000
19 7 21 30.75000000
19 7 25 30.75000000
19 7 29 30.75000000
19 16 16 0.60000000
19 17 17 0.60000000
19 18 18 0.60000000
19 19 19 0.60000000
19 20 20 0.60000000
19 21 21 0.60000000
19 22 22 0.60000000
19 23 23 0.60000000
19 24 24 0.60000000
19 25 25 0.60000000
19 26 26 0.60000000
19 27 27 0.60000000
19 28 28 0.60000000
19 29 29 0.60000000
19 30 30 0.60000000
19 31 31 0.60000000
19 56 18 30.75000000
19 56 22 30.75000000
19 56 26 30.75000000
19 56 30 30.75000000
19 63 19 30.75000000
19 63 23 30.75000000
19 63 27 30.75000000
19 63 31 30.75000000
20 0 0 31.35000000
20 0 4 30.75000000
20 0 8 30.75000000
20 0 12 30.75000000
20 1 1 0.60000000
20 2 2 0.60000000
20 3 3 0.60000000
20 4 4 0.60000000
20 5 5 0.60000000
20 6 6 0.60000000
20 7 1 30.75000000
20 7 5 30.75000000
20 7 7 0.60000000
20 7 9 30.75000000
20 7 13 30.75000000
20 8 8 0.60000000
20 9 9 0.60000000
20 10 10 0.60000000
20 11 11 0.60000000
20 12 12 0.60000000
20 13 13 0.60000000
20 14 14 0.60000000
20 15 15 0.60000000
20 56 2 30.75000000
20 56 6 30.75000000
20 56 10 30.75000000
20 56 14 30.75000000
20 63 3 30.75000000
20 63 7 30.75000000
20 63 11 30.75000000
20 63 15 30.75000000
21 0 48 30.75000000
21 0 52 30.75000000
21 0 56 30.75000000
21 0 60 30.75000000
21 7 49 30.75000000
21 7 53 30.75000000
21 7 57 30.75000000
21 7 61 30.75000000
21 48 48 0.60000000
21 49 49 0.60000000
21 50 50 0.60000000
21 51 51 0.60000000
21 52 52 0.60000000
21 53 53 0.60000000
21 54 54 0.60000000
21 55 55 0.60000000
21 56 50 30.75000000
21 56 54 30.75000000
21 56 56 0.60000000
21 56 58 30.75000000
21 56 62 30.75000000
21 57 57 0.60000000
21 58 58 0.60000000
21 59 59 0.60000000
21 60 60 0.60000000
21 61 61 0.60000000
21 62 62 0.60000000
21 63 51 30.75000000
21 63 55 30.75000000
21 63 59 30.75000000
21 63 63 31.35000000
22 0 32 30.75000000
22 0 36 30.75000000
22 0 40 30.75000000
22 0 44 30.75000000
22 7 33 30.75000000
22 7 37 30.75000000
22 7 41 30.75000000
22 7 45 30.75000000
22 32 32 0.60000000
22 33 33 0.60000000
22 34 34 0.60000000
22 35 35 0.60000000
22 36 36 0.60000000
22 37 37 0.60000000
22 38 38 0.60000000
22 39 39 0.60000000
22 40 40 0.60000000
22 41 41 0.60000000
22 42 42 0.60000000
22 43 43 0.60000000
22 44 44 0.60000000
22 45 45 0.60000000
22 46 46 0.60000000
22 47 47 0.60000000
22 56 34 30.75000000
22 56 38 30.75000000
22 56 42 30.75000000
22 56 46 30.75000000
22 63 35 30.75000000
22 63 39 30.75000000
22 63 43 30.75000000
22 63 47 30.75000000
23 0 16 30.75000000
23 0 20 30.75000000
23 0 24 30.75000000
23 0 28 30.75000000
23 7 17 30.75000000
23 7 21 30.75000000
23 7 25 30.75000000
23 7 29 30.75000000
23 16 16 0.60000000
23 17 17 0.60000000
23 18 18 0.60000000
23 19 19 0.60000000
23 20 20 0.60000000
23 21 21 0.60000000
23 22 22 0.60000000
23 23 23 0.60000000
23 24 24 0.60000000
23 25 25 0.60000000
23 26 26 0.60000000
23 27 27 0.60000000
23 28 28 0.60000000
23 29 29 0.60000000
23 30 30 0.60000000
23 31 31 0.60000000
23 56 18 30.75000000
23 56 22 30.75000000
23 56 26 30.75000000
23 56 30 30.75000000
23 63 19 30.75000000
23 63 23 30.75000000
23 63 27 30.75000000
23 63 31 30.75000000
24 0 0 31.35000000
24 0 4 30.75000000
24 0 8 30.75000000
24 0 12 30.75000000
24 1 1 0.60000000
24 2 2 0.60000000
24 3 3 0.60000000
24 4 4 0.60000000
24 5 5 0.60000000
24 6 6 0.60000000
24 7 1 30.75000000
24 7 5 30.75000000
24 7 7 0.60000000
24 7 9 30.75000000
24 7 13 30.75000000
24 8 8 0.60000000
24 9 9 0.60000000
24 10 10 0.60000000
24 11 11 0.60000000
24 12 12 0.60000000
24 13 13 0.60000000
24 14 14 0.60000000
24 15 15 0.60000000
24 56 2 30.75000000
24 56 6 30.75000000
24 56 10 30.75000000
24 56 14 30.75000000
24 63 3 30.75000000
24 63 7 30.75000000
24 63 11 30.75000000
24 63 15 30.75000000
25 0 48 30.75000000
25 0 52 30.75000000
25 0 56 30.75000000
25 0 60 30.75000000
25 7 49 30.75000000
25 7 53 30.75000000
25 7 57 30.75000000
25 7 61 30.75000000
25 48 48 0.60000000
25 49 49 0.60000000
25 50 50 0.60000000
25 51 51 0.60000000
25 52 52 0.60000000
25 53 53 0.60000000
25 54 54 0.60000000
25 55 55 0.60000000
25 56 50 30.75000000
25 56 54 30.75000000
25 56 56 0.60000000
25 56 58 30.75000000
25 56 62 30.75000000
25 57 57 0.60000000
25 58 58 0.60000000
25 59 59 0.60000000
25 60 60 0.60000000
25 61 61 0.60000000
25 62 62 0.60000000
25 63 51 30.75000000
25 63 55 30.75000000
25 63 59 30.75000000
25 63 63 31.35000000
26 0 32 30.75000000
26 0 36 30.75000000
26 0 40 30.75000000
26 0 44 30.75000000
26 7 33 30.75000000
26 7 37 30.75000000
26 7 41 30.75000000
26 7 45 30.75000000
26 32 32 0.60000000
26 33 33 0.60000000
26 34 34 0.60000000
26 35 35 0.60000000
26 36 36 0.60000000
26 37 37 0.60000000
26 38 38 0.60000000
26 39 39 0.60000000
26 40 40 0.60000000
26 41 41 0.60000000
26 42 42 0.60000000
26 43 43 0.60000000
26 44 44 0.60000000
26 45 45 0.60000000
26 46 46 0.60000000
26 47 47 0.60000000
26 56 34 30.75000000
26 56 38 30.75000000
26 56 42 30.75000000
26 56 46 30.75000000
26 63 35 30.75000000
26 63 39 30.75000000
26 63 43 30.75000000
26 63 47 30.75000000
27 0 16 30.75000000
27 0 20 30.75000000
27 0 24 30.75000000
27 0 28 30.75000000
27 7 17 30.75000000
27 7 21 30.75000000
27 7 25 30.75000000
27 7 29 30.75000000
27 16 16 0.60000000
27 17 17 0.60000000
27 18 18 0.60000000
27 19 19 0.60000000
27 20 20 0.60000000
27 21 21 0.60000000
27 22 22 0.60000000
27 23 23 0.60000000
27 24 24 0.60000000
27 25 25 0.60000000
27 26 26 0.60000000
27 27 27 0.60000000
27 28 28 0.60000000
27 29 29 0.60000000
27 30 30 0.60000000
27 31 31 0.60000000
27 56 18 30.75000000
27 56 22 30.75000000
27 56 26 30.75000000
27 56 30 30.75000000
27 63 19 30.75000000
27 63 23 30.75000000
27 63 27 30.75000000
27 63 31 30.75000000
28 0 0 31.35000000
28 0 4 30.75000000
28 0 8 30.75000000
28 0 12 30.75000000
28 1 1 0.60000000
28 2 2 0.60000000
28 3 3 0.60000000
28 4 4 0.60000000
28 5 5 0.60000000
28 6 6 0.60000000
28 7 1 30.75000000
28 7 5 30.75000000
28 7 7 0.60000000
28 7 9 30.75000000
28 7 13 30.75000000
28 8 8 0.60000000
28 9 9 0.60000000
28 10 10 0.60000000
28 11 11 0.60000000
28 12 12 0.60000000
28 13 13 0.60000000
28 14 14 0.60000000
28 15 15 0.60000000
28 56 2 30.75000000
28 56 6 30.75000000
28 56 10 30.75000000
28 56 14 30.75000000
28 63 3 30.75000000
28 63 7 30.75000000
28 63 11 30.75000000
28 63 15 30.75000000
29 0 48 30.75000000
29 0 52 30.75000000
29 0 56 30.75000000
29 0 60 30.75000000
29 7 49 30.75000000
29 7 53 30.75000000
29 7 57 30.75000000
29 7 61 30.75000000
29 48 48 0.60000000
29 49 49 0.60000000
29 50 50 0.60000000
29 51 51 0.60000000
29 52 52 0.60000000
29 53 53 0.60000000
29 54 54 0.60000000
29 55 55 0.60000000
29 56 50 30.75000000
29 56 54 30.75000000
29 56 56 0.60000000
29 56 58 30.75000000
29 56 62 30.75000000
29 57 57 0.60000000
29 58 58 0.60000000
29 59 59 0.60000000
29 60 60 0.60000000
29 61 61 0.60000000
29 62 62 0.60000000
29 63 51 30.75000000
29 63 55 30.75000000
29 63 59 30.75000000
29 63 63 31.35000000
30 0 32 30.75000000
30 0 36 30.75000000
30 0 40 30.75000000
30 0 44 30.75000000
30 7 33 30.75000000
30 7 37 30.75000000
30 7 41 30.75000000
30 7 45 30.75000000
30 32 32 0.60000000
30 33 33 0.60000000
30 34 34 0.60000000
30 35 35 0.60000000
30 36 36 0.60000000
30 37 37 0.60000000
30 38 38 0.60000000
30 39 39 0.60000000
30 40 40 0.60000000
30 41 41 0.60000000
30 42 42 0.60000000
30 43 43 0.60000000
30 44 44 0.60000000
30 45 45 0.60000000
30 46 46 0.60000000
30 47 47 0.60000000
30 56 34 30.75000000
30 56 38 30.75000000
30 56 42 30.75000000
30 56 46 30.75000000
30 63 35 30.75000000
30 63 39 30.75000000
30 63 43 30.75000000
30 63 47 30.75000000
31 0 16 30.75000000
31 0 20 30.75000000
31 0 24 30.75000000
31 0 28 30.75000000
31 7 17 30.75000000
31 7 21 30.75000000
31 7 25 30.75000000
31 7 29 30.75000000
31 16 16 0.60000000
31 17 17 0.60000000
31 18 18 0.60000000
31 19 19 0.60000000
31 20 20 0.60000000
31 21 21 0.60000000
31 22 22 0.60000000
31 23 23 0.60000000
31 24 24 0.60000000
31 25 25 0.60000000
31 26 26 0.60000000
31 27 27 0.60000000
31 28 28 0.60000000
31 29 29 0.60000000
31 30 30 0.60000000
31 31 31 0.60000000
31 56 18 30.75000000
31 56 22 30.75000000
31 56 26 30.75000000
31 56 30 30.75000000
31 63 19 30.75000000
31 63 23 30.75000000
31 63 27 30.75000000
31 63 31 30.75000000
32 0 0 2.10000000
32 0 5 2.00000000
32 0 6 2.00000000
32 0 7 2.00000000
32 0 8 2.00000000
32 0 13 1.00000000
32 0 14 1.00000000
32 0 15 1.00000000
32 1 0 2.00000000
32 1 1 2.10000000
32 1 6 2.00000000
32 1 7 2.00000000
32 1 8 2.00000000
32 1 9 2.00000000
32 1 14 1.00000000
32 1 15 1.00000000
32 2 0 2.00000000
32 2 1 2.00000000
32 2 2 2.10000000
32 2 7 2.00000000
32 2 8 2.00000000
32 2 9 2.00000000
32 2 10 2.00000000
32 2 15 1.00000000
32 3 0 2.00000000
32 3 1 2.00000000
32 3 2 2.00000000
32 3 3 2.10000000
32 3 8 2.00000000
32 3 9 2.00000000
32 3 10 2.00000000
32 3 11 2.00000000
32 4 1 2.00000000
32 4 2 2.00000000
32 4 3 2.00000000
32 4 4 2.10000000
32 4 9 2.00000000
32 4 10 2.00000000
32 4 11 2.00000000
32 4 12 2.00000000
32 5 2 2.00000000
32 5 3 2.00000000
32 5 4 2.00000000
32 5 5 2.10000000
32 5 10 2.00000000
32 5 11 2.00000000
32 5 12 2.00000000
32 5 13 2.00000000
32 6 3 2.00000000
32 6 4 2.00000000
32 6 5 2.00000000
32 6 6 2.10000000
32 6 11 2.00000000
32 6 12 2.00000000
32 6 13 2.00000000
32 6 14 2.00000000
32 7 4 2.00000000
32 7 5 2.00000000
32 7 6 2.00000000
32 7 7 2.10000000
32 7 12 2.00000000
32 7 13 2.00000000
32 7 14 2.00000000
32 7 15 2.00000000
32 8 8 0.10000000
32 8 13 1.00000000
32 8 14 1.00000000
32 8 15 1.00000000
32 8 16 2.00000000
32 8 21 2.00000000
32 8 22 2.00000000
32 8 23 2.00000000
32 8 24 2.00000000
32 8 29 1.00000000
32 8 30 1.00000000
32 8 31 1.00000000
32 9 9 0.10000000
32 9 14 1.00000000
32 9 15 1.00000000
32 9 16 2.00000000
32 9 17 2.00000000
32 9 22 2.00000000
32 9 23 2.00000000
32 9 24 2.00000000
32 9 25 2.00000000
32 9 30 1.00000000
32 9 31 1.00000000
32 10 10 0.10000000
32 10 15 1.00000000
32 10 16 2.00000000
32 10 17 2.00000000
32 10 18 2.00000000
32 10 23 2.00000000
32 10 24 2.00000000
32 10 25 2.00000000
32 10 26 2.00000000
32 10 31 1.00000000
32 11 11 0.10000000
32 11 16 2.00000000
32 11 17 2.00000000
32 11 18 2.00000000
32 11 19 2.00000000
32 11 24 2.00000000
32 11 25 2.00000000
32 11 26 2.00000000
32 11 27 2.00000000
32 12 12 0.10000000
32 12 17 2.00000000
32 12 18 2.00000000
32 12 19 2.00000000
32 12 20 2.00000000
32 12 25 2.00000000
32 12 26 2.00000000
32 12 27 2.00000000
32 12 28 2.00000000
32 13 13 0.10000000
32 13 18 2.00000000
32 13 19 2.00000000
32 13 20 2.00000000
32 13 21 2.00000000
32 13 26 2.00000000
32 13 27 2.00000000
32 13 28 2.00000000
32 13 29 2.00000000
32 14 14 0.10000000
32 14 19 2.00000000
32 14 20 2.00000000
32 14 21 2.00000000
32 14 22 2.00000000
32 14 27 2.00000000
32 14 28 2.00000000
32 14 29 2.00000000
32 14 30 2.00000000
32 15 15 0.10000000
32 15 20 2.00000000
32 15 21 2.00000000
32 15 22 2.00000000
32 15 23 2.00000000
32 15 28 2.00000000
32 15 29 2.00000000
32 15 30 2.00000000
32 15 31 2.00000000
32 16 16 0.10000000
32 16 29 1.00000000
32 16 30 1.00000000
32 16 31 1.00000000
32 17 17 0.10000000
32 17 30 1.00000000
32 17 31 1.00000000
32 18 18 0.10000000
32 18 31 1.00000000
32 19 19 0.10000000
32 20 20 0.10000000
32 21 21 0.10000000
32 22 22 0.10000000
32 23 23 0.10000000
32 24 24 0.10000000
32 25 25 0.10000000
32 26 26 0.10000000
32 27 27 0.10000000
32 28 28 0.10000000
32 29 29 0.10000000
32 30 30 0.10000000
32 31 31 0.10000000
33 16 32 2.00000000
33 16 37 2.00000000
33 16 38 2.00000000
33 16 39 2.00000000
33 16 40 2.00000000
33 16 45 1.00000000
33 16 46 1.00000000
33 16 47 1.00000000
33 17 32 2.00000000
33 17 33 2.00000000
33 17 38 2.00000000
33 17 39 2.00000000
33 17 40 2.00000000
33 17 41 2.00000000
33 17 46 1.00000000
33 17 47 1.00000000
33 18 32 2.00000000
33 18 33 2.00000000
33 18 34 2.00000000
33 18 39 2.00000000
33 18 40 2.00000000
33 18 41 2.00000000
33 18 42 2.00000000
33 18 47 1.00000000
33 19 32 2.00000000
33 19 33 2.00000000
33 19 34 2.00000000
33 19 35 2.00000000
33 19 40 2.00000000
33 19 41 2.00000000
33 19 42 2.00000000
33 19 43 2.00000000
33 20 33 2.00000000
33 20 34 2.00000000
33 20 35 2.00000000
33 20 36 2.00000000
33 20 41 2.00000000
33 20 42 2.00000000
33 20 43 2.00000000
33 20 44 2.00000000
33 21 34 2.00000000
33 21 35 2.00000000
33 21 36 2.00000000
33 21 37 2.00000000
33 21 42 2.00000000
33 21 43 2.00000000
33 21 44 2.00000000
33 21 45 2.00000000
33 22 35 2.00000000
33 22 36 2.00000000
33 22 37 2.00000000
33 22 38 2.00000000
33 22 43 2.00000000
33 22 44 2.00000000
33 22 45 2.00000000
33 22 46 2.00000000
33 23 36 2.00000000
33 23 37 2.00000000
33 23 38 2.00000000
33 23 39 2.00000000
33 23 44 2.00000000
33 23 45 2.00000000
33 23 46 2.00000000
33 23 47 2.00000000
33 24 45 1.00000000
33 24 46 1.00000000
33 24 47 1.00000000
33 24 48 2.00000000
33 24 53 2.00000000
33 24 54 2.00000000
33 24 55 2.00000000
33 24 56 2.00000000
33 24 61 1.00000000
33 24 62 1.00000000
33 24 63 1.00000000
33 25 46 1.00000000
33 25 47 1.00000000
33 25 48 2.00000000
33 25 49 2.00000000
33 25 54 2.00000000
33 25 55 2.00000000
33 25 56 2.00000000
33 25 57 2.00000000
33 25 62 1.00000000
33 25 63 1.00000000
33 26 47 1.00000000
33 26 48 2.00000000
33 26 49 2.00000000
33 26 50 2.00000000
33 26 55 2.00000000
33 26 56 2.00000000
33 26 57 2.00000000
33 26 58 2.00000000
33 26 63 1.00000000
33 27 48 2.00000000
33 27 49 2.00000000
33 27 50 2.00000000
33 27 51 2.00000000
33 27 56 2.00000000
33 27 57 2.00000000
33 27 58 2.00000000
33 27 59 2.00000000
33 28 49 2.00000000
33 28 50 2.00000000
33 28 51 2.00000000
33 28 52 2.00000000
33 28 57 2.00000000
33 28 58 2.00000000
33 28 59 2.00000000
33 28 60 2.00000000
33 29 50 2.00000000
33 29 51 2.00000000
33 29 52 2.00000000
33 29 53 2.00000000
33 29 58 2.00000000
33 29 59 2.00000000
33 29 60 2.00000000
33 29 61 2.00000000
33 30 51 2.00000000
33 30 52 2.00000000
33 30 53 2.00000000
33 30 54 2.00000000
33 30 59 2.00000000
33 30 60 2.00000000
33 30 61 2.00000000
33 30 62 2.00000000
33 31 52 2.00000000
33 31 53 2.00000000
33 31 54 2.00000000
33 31 55 2.00000000
33 31 60 2.00000000
33 31 61 2.00000000
33 31 62 2.00000000
33 31 63 2.00000000
33 32 32 0.10000000
33 32 61 1.00000000
33 32 62 1.00000000
33 32 63 1.00000000
33 33 33 0.10000000
33 33 62 1.00000000
33 33 63 1.00000000
33 34 34 0.10000000
33 34 63 1.00000000
33 35 35 0.10000000
33 36 36 0.10000000
33 37 37 0.10000000
33 38 38 0.10000000
33 39 39 0.10000000
33 40 40 0.10000000
33 41 41 0.10000000
33 42 42 0.10000000
33 43 43 0.10000000
33 44 44 0.10000000
33 45 45 0.10000000
33 46 46 0.10000000
33 47 47 0.10000000
33 48 48 0.10000000
33 49 49 0.10000000
33 50 50 0.10000000
33 51 51 0.10000000
33 52 52 0.10000000
33 53 53 0.10000000
33 54 54 0.10000000
33 55 55 0.10000000
33 56 56 0.10000000
33 57 57 0.10000000
33 58 58 0.10000000
33 59 59 0.10000000
33 60 60 0.10000000
33 61 61 0.10000000
33 62 62 0.10000000
33 63 63 0.10000000
34 0 0 0.10000000
34 1 1 0.10000000
34 2 2 0.10000000
34 3 3 0.10000000
34 4 4 0.10000000
34 5 5 0.10000000
34 6 6 0.10000000
34 7 7 0.10000000
34 8 8 0.10000000
34 9 9 0.10000000
34 10 10 0.10000000
34 11 11 0.10000000
34 12 12 0.10000000
34 13 13 0.10000000
34 14 14 0.10000000
34 15 15 0.10000000
34 16 16 0.10000000
34 17 17 0.10000000
34 18 18 0.10000000
34 19 19 0.10000000
34 20 20 0.10000000
34 21 21 0.10000000
34 22 22 0.10000000
34 23 23 0.10000000
34 24 24 0.10000000
34 25 25 0.10000000
34 26 26 0.10000000
34 27 27 0.10000000
34 28 28 0.10000000
34 29 29 0.10000000
34 30 30 0.10000000
34 31 31 0.10000000
34 32 0 2.00000000
34 32 5 2.00000000
34 32 6 2.00000000
34 32 7 2.00000000
34 32 8 2.00000000
34 32 13 1.00000000
34 32 14 1.00000000
34 32 15 1.00000000
34 33 0 2.00000000
34 33 1 2.00000000
34 33 6 2.00000000
34 33 7 2.00000000
34 33 8 2.00000000
34 33 9 2.00000000
34 33 14 1.00000000
34 33 15 1.00000000
34 34 0 2.00000000
34 34 1 2.00000000
34 34 2 2.00000000
34 34 7 2.00000000
34 34 8 2.00000000
34 34 9 2.00000000
34 34 10 2.00000000
34 34 15 1.00000000
34 35 0 2.00000000
34 35 1 2.00000000
34 35 2 2.00000000
34 35 3 2.00000000
34 35 8 2.00000000
34 35 9 2.00000000
34 35 10 2.00000000
34 35 11 2.00000000
34 36 1 2.00000000
34 36 2 2.00000000
34 36 3 2.00000000
34 36 4 2.00000000
34 36 9 2.00000000
34 36 10 2.00000000
34 36 11 2.00000000
34 36 12 2.00000000
34 37 2 2.00000000
34 37 3 2.00000000
34 37 4 2.00000000
34 37 5 2.00000000
34 37 10 2.00000000
34 37 11 2.00000000
34 37 12 2.00000000
34 37 13 2.00000000
34 38 3 2.00000000
34 38 4 2.00000000
34 38 5 2.00000000
34 38 6 2.00000000
34 38 11 2.00000000
34 38 12 2.00000000
34 38 13 2.00000000
34 38 14 2.00000000
34 39 4 2.00000000
34 39 5 2.00000000
34 39 6 2.00000000
34 39 7 2.00000000
34 39 12 2.00000000
34 39 13 2.00000000
34 39 14 2.00000000
34 39 15 2.00000000
34 40 13 1.00000000
34 40 14 1.00000000
34 40 15 1.00000000
34 40 16 2.00000000
34 40 21 2.00000000
34 40 22 2.00000000
34 40 23 2.00000000
34 40 24 2.00000000
34 40 29 1.00000000
34 40 30 1.00000000
34 40 31 1.00000000
34 41 14 1.00000000
34 41 15 1.00000000
34 41 16 2.00000000
34 41 17 2.00000000
34 41 22 2.00000000
34 41 23 2.00000000
34 41 24 2.00000000
34 41 25 2.00000000
34 41 30 1.00000000
34 41 31 1.00000000
34 42 15 1.00000000
34 42 16 2.00000000
34 42 17 2.00000000
34 42 18 2.00000000
34 42 23 2.00000000
34 42 24 2.00000000
34 42 25 2.00000000
34 42 26 2.00000000
34 42 31 1.00000000
34 43 16 2.00000000
34 43 17 2.00000000
34 43 18 2.00000000
34 43 19 2.00000000
34 43 24 2.00000000
34 43 25 2.00000000
34 43 26 2.00000000
34 43 27 2.00000000
34 44 17 2.00000000
34 44 18 2.00000000
34 44 19 2.00000000
34 44 20 2.00000000
34 44 25 2.00000000
34 44 26 2.00000000
34 44 27 2.00000000
34 44 28 2.00000000
34 45 18 2.00000000
34 45 19 2.00000000
34 45 20 2.00000000
34 45 21 2.00000000
34 45 26 2.00000000
34 45 27 2.00000000
34 45 28 2.00000000
34 45 29 2.00000000
34 46 19 2.00000000
34 46 20 2.00000000
34 46 21 2.00000000
34 46 22 2.00000000
34 46 27 2.00000000
34 46 28 2.00000000
34 46 29 2.00000000
34 46 30 2.00000000
34 47 20 2.00000000
34 47 21 2.00000000
34 47 22 2.00000000
34 47 23 2.00000000
34 47 28 2.00000000
34 47 29 2.00000000
34 47 30 2.00000000
34 47 31 2.00000000
34 48 29 1.00000000
34 48 30 1.00000000
34 48 31 1.00000000
34 49 30 1.00000000
34 49 31 1.00000000
34 50 31 1.00000000
35 0 61 1.00000000
35 0 62 1.00000000
35 0 63 1.00000000
35 1 62 1.00000000
35 1 63 1.00000000
35 2 63 1.00000000
35 32 32 0.10000000
35 33 33 0.10000000
35 34 34 0.10000000
35 35 35 0.10000000
35 36 36 0.10000000
35 37 37 0.10000000
35 38 38 0.10000000
35 39 39 0.10000000
35 40 40 0.10000000
35 41 41 0.10000000
35 42 42 0.10000000
35 43 43 0.10000000
35 44 44 0.10000000
35 45 45 0.10000000
35 46 46 0.10000000
35 47 47 0.10000000
35 48 32 2.00000000
35 48 37 2.00000000
35 48 38 2.00000000
35 48 39 2.00000000
35 48 40 2.00000000
35 48 45 1.00000000
35 48 46 1.00000000
35 48 47 1.00000000
35 48 48 0.10000000
35 49 32 2.00000000
35 49 33 2.00000000
35 49 38 2.00000000
35 49 39 2.00000000
35 49 40 2.00000000
35 49 41 2.00000000
35 49 46 1.00000000
35 49 47 1.00000000
35 49 49 0.10000000
35 50 32 2.00000000
35 50 33 2.00000000
35 50 34 2.00000000
35 50 39 2.00000000
35 50 40 2.00000000
35 50 41 2.00000000
35 50 42 2.00000000
35 50 47 1.00000000
35 50 50 0.10000000
35 51 32 2.00000000
35 51 33 2.00000000
35 51 34 2.00000000
35 51 35 2.00000000
35 51 40 2.00000000
35 51 41 2.00000000
35 51 42 2.00000000
35 51 43 2.00000000
35 51 51 0.10000000
35 52 33 2.00000000
35 52 34 2.00000000
35 52 35 2.00000000
35 52 36 2.00000000
35 52 41 2.00000000
35 52 42 2.00000000
35 52 43 2.00000000
35 52 44 2.00000000
35 52 52 0.10000000
35 53 34 2.00000000
35 53 35 2.00000000
35 53 36 2.00000000
35 53 37 2.00000000
35 53 42 2.00000000
35 53 43 2.00000000
35 53 44 2.00000000
35 53 45 2.00000000
35 53 53 0.10000000
35 54 35 2.00000000
35 54 36 2.00000000
35 54 37 2.00000000
35 54 38 2.00000000
35 54 43 2.00000000
35 54 44 2.00000000
35 54 45 2.00000000
35 54 46 2.00000000
35 54 54 0.10000000
35 55 36 2.00000000
35 55 37 2.00000000
35 55 38 2.00000000
35 55 39 2.00000000
35 55 44 2.00000000
35 55 45 2.00000000
35 55 46 2.00000000
35 55 47 2.00000000
35 55 55 0.10000000
35 56 45 1.00000000
35 56 46 1.00000000
35 56 47 1.00000000
35 56 48 2.00000000
35 56 53 2.00000000
35 56 54 2.00000000
35 56 55 2.00000000
35 56 56 2.10000000
35 56 61 1.00000000
35 56 62 1.00000000
35 56 63 1.00000000
35 57 46 1.00000000
35 57 47 1.00000000
35 57 48 2.00000000
35 57 49 2.00000000
35 57 54 2.00000000
35 57 55 2.00000000
35 57 56 2.00000000
35 57 57 2.10000000
35 57 62 1.00000000
35 57 63 1.00000000
35 58 47 1.00000000
35 58 48 2.00000000
35 58 49 2.00000000
35 58 50 2.00000000
35 58 55 2.00000000
35 58 56 2.00000000
35 58 57 2.00000000
35 58 58 2.10000000
35 58 63 1.00000000
35 59 48 2.00000000
35 59 49 2.00000000
35 59 50 2.00000000
35 59 51 2.00000000
35 59 56 2.00000000
35 59 57 2.00000000
35 59 58 2.00000000
35 59 59 2.10000000
35 60 49 2.00000000
35 60 50 2.00000000
35 60 51 2.00000000
35 60 52 2.00000000
35 60 57 2.00000000
35 60 58 2.00000000
35 60 59 2.00000000
35 60 60 2.10000000
35 61 50 2.00000000
35 61 51 2.00000000
35 61 52 2.00000000
35 61 53 2.00000000
35 61 58 2.00000000
35 61 59 2.00000000
35 61 60 2.00000000
35 61 61 2.10000000
35 62 51 2.00000000
35 62 52 2.00000000
35 62 53 2.00000000
35 62 54 2.00000000
35 62 59 2.00000000
35 62 60 2.00000000
35 62 61 2.00000000
35 62 62 2.10000000
35 63 52 2.00000000
35 63 53 2.00000000
35 63 54 2.00000000
35 63 55 2.00000000
35 63 60 2.00000000
35 63 61 2.00000000
35 63 62 2.00000000
35 63 63 2.10000000
36 0 0 2.10000000
36 0 5 2.00000000
36 0 6 2.00000000
36 0 7 2.00000000
36 0 8 2.00000000
36 0 13 1.00000000
36 0 14 1.00000000
36 0 15 1.00000000
36 1 0 2.00000000
36 1 1 2.10000000
36 1 6 2.00000000
36 1 7 2.00000000
36 1 8 2.00000000
36 1 9 2.00000000
36 1 14 1.00000000
36 1 15 1.00000000
36 2 0 2.00000000
36 2 1 2.00000000
36 2 2 2.10000000
36 2 7 2.00000000
36 2 8 2.00000000
36 2 9 2.00000000
36 2 10 2.00000000
36 2 15 1.00000000
36 3 0 2.00000000
36 3 1 2.00000000
36 3 2 2.00000000
36 3 3 2.10000000
36 3 8 2.00000000
36 3 9 2.00000000
36 3 10 2.00000000
36 3 11 2.00000000
36 4 1 2.00000000
36 4 2 2.00000000
36 4 3 2.00000000
36 4 4 2.10000000
36 4 9 2.00000000
36 4 10 2.00000000
36 4 11 2.00000000
36 4 12 2.00000000
36 5 2 2.00000000
36 5 3 2.00000000
36 5 4 2.00000000
36 5 5 2.10000000
36 5 10 2.00000000
36 5 11 2.00000000
36 5 12 2.00000000
36 5 13 2.00000000
36 6 3 2.00000000
36 6 4 2.00000000
36 6 5 2.00000000
36 6 6 2.10000000
36 6 11 2.00000000
36 6 12 2.00000000
36 6 13 2.00000000
36 6 14 2.00000000
36 7 4 2.00000000
36 7 5 2.00000000
36 7 6 2.00000000
36 7 7 2.10000000
36 7 12 2.00000000
36 7 13 2.00000000
36 7 14 2.00000000
36 7 15 2.00000000
36 8 8 0.10000000
36 8 13 1.00000000
36 8 14 1.00000000
36 8 15 1.00000000
36 8 16 2.00000000
36 8 21 2.00000000
36 8 22 2.00000000
36 8 23 2.00000000
36 8 24 2.00000000
36 8 29 1.00000000
36 8 30 1.00000000
36 8 31 1.00000000
36 9 9 0.10000000
36 9 14 1.00000000
36 9 15 1.00000000
36 9 16 2.00000000
36 9 17 2.00000000
36 9 22 2.00000000
36 9 23 2.00000000
36 9 24 2.00000000
36 9 25 2.00000000
36 9 30 1.00000000
36 9 31 1.00000000
36 10 10 0.10000000
36 10 15 1.00000000
36 10 16 2.00000000
36 10 17 2.00000000
36 10 18 2.00000000
36 10 23 2.00000000
36 10 24 2.00000000
36 10 25 2.00000000
36 10 26 2.00000000
36 10 31 1.00000000
36 11 11 0.10000000
36 11 16 2.00000000
36 11 17 2.00000000
36 11 18 2.00000000
36 11 19 2.00000000
36 11 24 2.00000000
36 11 25 2.00000000
36 11 26 2.00000000
36 11 27 2.00000000
36 12 12 0.10000000
36 12 17 2.00000000
36 12 18 2.00000000
36 12 19 2.00000000
36 12 20 2.00000000
36 12 25 2.00000000
36 12 26 2.00000000
36 12 27 2.00000000
36 12 28 2.00000000
36 13 13 0.10000000
36 13 18 2.00000000
36 13 19 2.00000000
36 13 20 2.00000000
36 13 21 2.00000000
36 13 26 2.00000000
36 13 27 2.00000000
36 13 28 2.00000000
36 13 29 2.00000000
36 14 14 0.10000000
36 14 19 2.00000000
36 14 20 2.00000000
36 14 21 2.00000000
36 14 22 2.00000000
36 14 27 2.00000000
36 14 28 2.00000000
36 14 29 2.00000000
36 14 30 2.00000000
36 15 15 0.10000000
36 15 20 2.00000000
36 15 21 2.00000000
36 15 22 2.00000000
36 15 23 2.00000000
36 15 28 2.00000000
36 15 29 2.00000000
36 15 30 2.00000000
36 15 31 2.00000000
36 16 16 0.10000000
36 16 29 1.00000000
36 16 30 1.00000000
36 16 31 1.00000000
36 17 17 0.10000000
36 17 30 1.00000000
36 17 31 1.00000000
36 18 18 0.10000000
36 18 31 1.00000000
36 19 19 0.10000000
36 20 20 0.10000000
36 21 21 0.10000000
36 22 22 0.10000000
36 23 23 0.10000000
36 24 24 0.10000000
36 25 25 0.10000000
36 26 26 0.10000000
36 27 27 0.10000000
36 28 28 0.10000000
36 29 29 0.10000000
36 30 30 0.10000000
36 31 31 0.10000000
37 16 32 2.00000000
37 16 37 2.00000000
37 16 38 2.00000000
37 16 39 2.00000000
37 16 40 2.00000000
37 16 45 1.00000000
37 16 46 1.00000000
37 16 47 1.00000000
37 17 32 2.00000000
37 17 33 2.00000000
37 17 38 2.00000000
37 17 39 2.00000000
37 17 40 2.00000000
37 17 41 2.00000000
37 17 46 1.00000000
37 17 47 1.00000000
37 18 32 2.00000000
37 18 33 2.00000000
37 18 34 2.00000000
37 18 39 2.00000000
37 18 40 2.00000000
37 18 41 2.00000000
37 18 42 2.00000000
37 18 47 1.00000000
37 19 32 2.00000000
37 19 33 2.00000000
37 19 34 2.00000000
37 19 35 2.00000000
37 19 40 2.00000000
37 19 41 2.00000000
37 19 42 2.00000000
37 19 43 2.00000000
37 20 33 2.00000000
37 20 34 2.00000000
37 20 35 2.00000000
37 20 36 2.00000000
37 20 41 2.00000000
37 20 42 2.00000000
37 20 43 2.00000000
37 20 44 2.00000000
37 21 34 2.00000000
37 21 35 2.00000000
37 21 36 2.00000000
37 21 37 2.00000000
37 21 42 2.00000000
37 21 43 2.00000000
37 21 44 2.00000000
37 21 45 2.00000000
37 22 35 2.00000000
37 22 36 2.00000000
37 22 37 2.00000000
37 22 38 2.00000000
37 22 43 2.00000000
37 22 44 2.00000000
37 22 45 2.00000000
37 22 46 2.00000000
37 23 36 2.00000000
37 23 37 2.00000000
37 23 38 2.00000000
37 23 39 2.00000000
37 23 44 2.00000000
37 23 45 2.00000000
37 23 46 2.00000000
37 23 47 2.00000000
37 24 45 1.00000000
37 24 46 1.00000000
37 24 47 1.00000000
37 24 48 2.00000000
37 24 53 2.00000000
37 24 54 2.00000000
37 24 55 2.00000000
37 24 56 2.00000000
37 24 61 1.00000000
37 24 62 1.00000000
37 24 63 1.00000000
37 25 46 1.00000000
37 25 47 1.00000000
37 25 48 2.00000000
37 25 49 2.00000000
37 25 54 2.00000000
37 25 55 2.00000000
37 25 56 2.00000000
37 25 57 2.00000000
37 25 62 1.00000000
37 25 63 1.00000000
37 26 47 1.00000000
37 26 48 2.00000000
37 26 49 2.00000000
37 26 50 2.00000000
37 26 55 2.00000000
37 26 56 2.00000000
37 26 57 2.00000000
37 26 58 2.00000000
37 26 63 1.00000000
37 27 48 2.00000000
37 27 49 2.00000000
37 27 50 2.00000000
37 27 51 2.00000000
37 27 56 2.00000000
37 27 57 2.00000000
37 27 58 2.00000000
37 27 59 2.00000000
37 28 49 2.00000000
37 28 50 2.00000000
37 28 51 2.00000000
37 28 52 2.00000000
37 28 57 2.00000000
37 28 58 2.00000000
37 28 59 2.00000000
37 28 60 2.00000000
37 29 50 2.00000000
37 29 51 2.00000000
37 29 52 2.00000000
37 29 53 2.00000000
37 29 58 2.00000000
37 29 59 2.00000000
37 29 60 2.00000000
37 29 61 2.00000000
37 30 51 2.00000000
37 30 52 2.00000000
37 30 53 2.00000000
37 30 54 2.00000000
37 30 59 2.00000000
37 30 60 2.00000000
37 30 61 2.00000000
37 30 62 2.00000000
37 31 52 2.00000000
37 31 53 2.00000000
37 31 54 2.00000000
37 31 55 2.00000000
37 31 60 2.00000000
37 31 61 2.00000000
37 31 62 2.00000000
37 31 63 2.00000000
37 32 32 0.10000000
37 32 61 1.00000000
37 32 62 1.00000000
37 32 63 1.00000000
37 33 33 0.10000000
37 33 62 1.00000000
37 33 63 1.00000000
37 34 34 0.10000000
37 34 63 1.00000000
37 35 35 0.10000000
37 36 36 0.10000000
37 37 37 0.10000000
37 38 38 0.10000000
37 39 39 0.10000000
37 40 40 0.10000000
37 41 41 0.10000000
37 42 42 0.10000000
37 43 43 0.10000000
37 44 44 0.10000000
37 45 45 0.10000000
37 46 46 0.10000000
37 47 47 0.10000000
37 48 48 0.10000000
37 49 49 0.10000000
37 50 50 0.10000000
37 51 51 0.10000000
37 52 52 0.10000000
37 53 53 0.10000000
37 54 54 0.10000000
37 55 55 0.10000000
37 56 56 0.10000000
37 57 57 0.10000000
37 58 58 0.10000000
37 59 59 0.10000000
37 60 60 0.10000000
37 61 61 0.10000000
37 62 62 0.10000000
37 63 63 0.10000000
38 0 0 0.10000000
38 1 1 0.10000000
38 2 2 0.10000000
38 3 3 0.10000000
38 4 4 0.10000000
38 5 5 0.10000000
38 6 6 0.10000000
38 7 7 0.10000000
38 8 8 0.10000000
38 9 9 0.10000000
38 10 10 0.10000000
38 11 11 0.10000000
38 12 12 0.10000000
38 13 13 0.10000000
38 14 14 0.10000000
38 15 15 0.10000000
38 16 16 0.10000000
38 17 17 0.10000000
38 18 18 0.10000000
38 19 19 0.10000000
38 20 20 0.10000000
38 21 21 0.10000000
38 22 22 0.10000000
38 23 23 0.10000000
38 24 24 0.10000000
38 25 25 0.10000000
38 26 26 0.10000000
38 27 27 0.10000000
38 28 28 0.10000000
38 29 29 0.10000000
38 30 30 0.10000000
38 31 31 0.10000000
38 32 0 2.00000000
38 32 5 2.00000000
38 32 6 2.00000000
38 32 7 2.00000000
38 32 8 2.00000000
38 32 13 1.00000000
38 32 14 1.00000000
38 32 15 1.00000000
38 33 0 2.00000000
38 33 1 2.00000000
38 33 6 2.00000000
38 33 7 2.00000000
38 33 8 2.00000000
38 33 9 2.00000000
38 33 14 1.00000000
38 33 15 1.00000000
38 34 0 2.00000000
38 34 1 2.00000000
38 34 2 2.00000000
38 34 7 2.00000000
38 34 8 2.00000000
38 34 9 2.00000000
38 34 10 2.00000000
38 34 15 1.00000000
38 35 0 2.00000000
38 35 1 2.00000000
38 35 2 2.00000000
38 35 3 2.00000000
38 35 8 2.00000000
38 35 9 2.00000000
38 35 10 2.00000000
38 35 11 2.00000000
38 36 1 2.00000000
38 36 2 2.00000000
38 36 3 2.00000000
38 36 4 2.00000000
38 36 9 2.00000000
38 36 10 2.00000000
38 36 11 2.00000000
38 36 12 2.00000000
38 37 2 2.00000000
38 37 3 2.00000000
38 37 4 2.00000000
38 37 5 2.00000000
38 37 10 2.00000000
38 37 11 2.00000000
38 37 12 2.00000000
38 37 13 2.00000000
38 38 3 2.00000000
38 38 4 2.00000000
38 38 5 2.00000000
38 38 6 2.00000000
38 38 11 2.00000000
38 38 12 2.00000000
38 38 13 2.00000000
38 38 14 2.00000000
38 39 4 2.00000000
38 39 5 2.00000000
38 39 6 2.00000000
38 39 7 2.00000000
38 39 12 2.00000000
38 39 13 2.00000000
38 39 14 2.00000000
38 39 15 2.00000000
38 40 13 1.00000000
38 40 14 1.00000000
38 40 15 1.00000000
38 40 16 2.00000000
38 40 21 2.00000000
38 40 22 2.00000000
38 40 23 2.00000000
38 40 24 2.00000000
38 40 29 1.00000000
38 40 30 1.00000000
38 40 31 1.00000000
38 41 14 1.00000000
38 41 15 1.00000000
38 41 16 2.00000000
38 41 17 2.00000000
38 41 22 2.00000000
38 41 23 2.00000000
38 41 24 2.00000000
38 41 25 2.00000000
38 41 30 1.00000000
38 41 31 1.00000000
38 42 15 1.00000000
38 42 16 2.00000000
38 42 17 2.00000000
38 42 18 2.00000000
38 42 23 2.00000000
38 42 24 2.00000000
38 42 25 2.00000000
38 42 26 2.00000000
38 42 31 1.00000000
38 43 16 2.00000000
38 43 17 2.00000000
38 43 18 2.00000000
38 43 19 2.00000000
38 43 24 2.00000000
38 43 25 2.00000000
38 43 26 2.00000000
38 43 27 2.00000000
38 44 17 2.00000000
38 44 18 2.00000000
38 44 19 2.00000000
38 44 20 2.00000000
38 44 25 2.00000000
38 44 26 2.00000000
38 44 27 2.00000000
38 44 28 2.00000000
38 45 18 2.00000000
38 45 19 2.00000000
38 45 20 2.00000000
38 45 21 2.00000000
38 45 26 2.00000000
38 45 27 2.00000000
38 45 28 2.00000000
38 45 29 2.00000000
38 46 19 2.00000000
38 46 20 2.00000000
38 46 21 2.00000000
38 46 22 2.00000000
38 46 27 2.00000000
38 46 28 2.00000000
38 46 29 2.00000000
38 46 30 2.00000000
38 47 20 2.00000000
38 47 21 2.00000000
38 47 22 2.00000000
38 47 23 2.00000000
38 47 28 2.00000000
38 47 29 2.00000000
38 47 30 2.00000000
38 47 31 2.00000000
38 48 29 1.00000000
38 48 30 1.00000000
38 48 31 1.00000000
38 49 30 1.00000000
38 49 31 1.00000000
38 50 31 1.00000000
39 0 61 1.00000000
39 0 62 1.00000000
39 0 63 1.00000000
39 1 62 1.00000000
39 1 63 1.00000000
39 2 63 1.00000000
39 32 32 0.10000000
39 33 33 0.10000000
39 34 34 0.10000000
39 35 35 0.10000000
39 36 36 0.10000000
39 37 37 0.10000000
39 38 38 0.10000000
39 39 39 0.10000000
39 40 40 0.10000000
39 41 41 0.10000000
39 42 42 0.10000000
39 43 43 0.10000000
39 44 44 0.10000000
39 45 45 0.10000000
39 46 46 0.10000000
39 47 47 0.10000000
39 48 32 2.00000000
39 48 37 2.00000000
39 48 38 2.00000000
39 48 39 2.00000000
39 48 40 2.00000000
39 48 45 1.00000000
39 48 46 1.00000000
39 48 47 1.00000000
39 48 48 0.10000000
39 49 32 2.00000000
39 49 33 2.00000000
39 49 38 2.00000000
39 49 39 2.00000000
39 49 40 2.00000000
39 49 41 2.00000000
39 49 46 1.00000000
39 49 47 1.00000000
39 49 49 0.10000000
39 50 32 2.00000000
39 50 33 2.00000000
39 50 34 2.00000000
39 50 39 2.00000000
39 50 40 2.00000000
39 50 41 2.00000000
39 50 42 2.00000000
39 50 47 1.00000000
39 50 50 0.10000000
39 51 32 2.00000000
39 51 33 2.00000000
39 51 34 2.00000000
39 51 35 2.00000000
39 51 40 2.00000000
39 51 41 2.00000000
39 51 42 2.00000000
39 51 43 2.00000000
39 51 51 0.10000000
39 52 33 2.00000000
39 52 34 2.00000000
39 52 35 2.00000000
39 52 36 2.00000000
39 52 41 2.00000000
39 52 42 2.00000000
39 52 43 2.00000000
39 52 44 2.00000000
39 52 52 0.10000000
39 53 34 2.00000000
39 53 35 2.00000000
39 53 36 2.00000000
39 53 37 2.00000000
39 53 42 2.00000000
39 53 43 2.00000000
39 53 44 2.00000000
39 53 45 2.00000000
39 53 53 0.10000000
39 54 35 2.00000000
39 54 36 2.00000000
39 54 37 2.00000000
39 54 38 2.00000000
39 54 43 2.00000000
39 54 44 2.00000000
39 54 45 2.00000000
39 54 46 2.00000000
39 54 54 0.10000000
39 55 36 2.00000000
39 55 37 2.00000000
39 55 38 2.00000000
39 55 39 2.00000000
39 55 44 2.00000000
39 55 45 2.00000000
39 55 46 2.00000000
39 55 47 2.00000000
39 55 55 0.10000000
39 56 45 1.00000000
39 56 46 1.00000000
39 56 47 1.00000000
39 56 48 2.00000000
39 56 53 2.00000000
39 56 54 2.00000000
39 56 55 2.00000000
39 56 56 2.10000000
39 56 61 1.00000000
39 56 62 1.00000000
39 56 63 1.00000000
39 57 46 1.00000000
39 57 47 1.00000000
39 57 48 2.00000000
39 57 49 2.00000000
39 57 54 2.00000000
39 57 55 2.00000000
39 57 56 2.00000000
39 57 57 2.10000000
39 57 62 1.00000000
39 57 63 1.00000000
39 58 47 1.00000000
39 58 48 2.00000000
39 58 49 2.00000000
39 58 50 2.00000000
39 58 55 2.00000000
39 58 56 2.00000000
39 58 57 2.00000000
39 58 58 2.10000000
39 58 63 1.00000000
39 59 48 2.00000000
39 59 49 2.00000000
39 59 50 2.00000000
39 59 51 2.00000000
39 59 56 2.00000000
39 59 57 2.00000000
39 59 58 2.00000000
39 59 59 2.10000000
39 60 49 2.00000000
39 60 50 2.00000000
39 60 51 2.00000000
39 60 52 2.00000000
39 60 57 2.00000000
39 60 58 2.00000000
39 60 59 2.00000000
39 60 60 2.10000000
39 61 50 2.00000000
39 61 51 2.00000000
39 61 52 2.00000000
39 61 53 2.00000000
39 61 58 2.00000000
39 61 59 2.00000000
39 61 60 2.00000000
39 61 61 2.10000000
39 62 51 2.00000000
39 62 52 2.00000000
39 62 53 2.00000000
39 62 54 2.00000000
39 62 59 2.00000000
39 62 60 2.00000000
39 62 61 2.00000000
39 62 62 2.10000000
39 63 52 2.00000000
39 63 53 2.00000000
39 63 54 2.00000000
39 63 55 2.00000000
39 63 60 2.00000000
39 63 61 2.00000000
39 63 62 2.00000000
39 63 63 2.10000000
40 0 0 2.10000000
40 0 5 2.00000000
40 0 6 2.00000000
40 0 7 2.00000000
40 0 8 2.00000000
40 0 13 1.00000000
40 0 14 1.00000000
40 0 15 1.00000000
40 1 0 2.00000000
40 1 1 2.10000000
40 1 6 2.00000000
40 1 7 2.00000000
40 1 8 2.00000000
40 1 9 2.00000000
40 1 14 1.00000000
40 1 15 1.00000000
40 2 0 2.00000000
40 2 1 2.00000000
40 2 2 2.10000000
40 2 7 2.00000000
40 2 8 2.00000000
40 2 9 2.00000000
40 2 10 2.00000000
40 2 15 1.00000000
40 3 0 2.00000000
40 3 1 2.00000000
40 3 2 2.00000000
40 3 3 2.10000000
40 3 8 2.00000000
40 3 9 2.00000000
40 3 10 2.00000000
40 3 11 2.00000000
40 4 1 2.00000000
40 4 2 2.00000000
40 4 3 2.00000000
40 4 4 2.10000000
40 4 9 2.00000000
40 4 10 2.00000000
40 4 11 2.00000000
40 4 12 2.00000000
40 5 2 2.00000000
40 5 3 2.00000000
40 5 4 2.00000000
40 5 5 2.10000000
40 5 10 2.00000000
40 5 11 2.00000000
40 5 12 2.00000000
40 5 13 2.00000000
40 6 3 2.00000000
40 6 4 2.00000000
40 6 5 2.00000000
40 6 6 2.10000000
40 6 11 2.00000000
40 6 12 2.00000000
40 6 13 2.00000000
40 6 14 2.00000000
40 7 4 2.00000000
40 7 5 2.00000000
40 7 6 2.00000000
40 7 7 2.10000000
40 7 12 2.00000000
40 7 13 2.00000000
40 7 14 2.00000000
40 7 15 2.00000000
40 8 8 0.10000000
40 8 13 1.00000000
40 8 14 1.00000000
40 8 15 1.00000000
40 8 16 2.00000000
40 8 21 2.00000000
40 8 22 2.00000000
40 8 23 2.00000000
40 8 24 2.00000000
40 8 29 1.00000000
40 8 30 1.00000000
40 8 31 1.00000000
40 9 9 0.10000000
40 9 14 1.00000000
40 9 15 1.00000000
40 9 16 2.00000000
40 9 17 2.00000000
40 9 22 2.00000000
40 9 23 2.00000000
40 9 24 2.00000000
40 9 25 2.00000000
40 9 30 1.00000000
40 9 31 1.00000000
40 10 10 0.10000000
40 10 15 1.00000000
40 10 16 2.00000000
40 10 17 2.00000000
40 10 18 2.00000000
40 10 23 2.00000000
40 10 24 2.00000000
40 10 25 2.00000000
40 10 26 2.00000000
40 10 31 1.00000000
40 11 11 0.10000000
40 11 16 2.00000000
40 11 17 2.00000000
40 11 18 2.00000000
40 11 19 2.00000000
40 11 24 2.00000000
40 11 25 2.00000000
40 11 26 2.00000000
40 11 27 2.00000000
40 12 12 0.10000000
40 12 17 2.00000000
40 12 18 2.00000000
40 12 19 2.00000000
40 12 20 2.00000000
40 12 25 2.00000000
40 12 26 2.00000000
40 12 27 2.00000000
40 12 28 2.00000000
40 13 13 0.10000000
40 13 18 2.00000000
40 13 19 2.00000000
40 13 20 2.00000000
40 13 21 2.00000000
40 13 26 2.00000000
40 13 27 2.00000000
40 13 28 2.00000000
40 13 29 2.00000000
40 14 14 0.10000000
40 14 19 2.00000000
40 14 20 2.00000000
40 14 21 2.00000000
40 14 22 2.00000000
40 14 27 2.00000000
40 14 28 2.00000000
40 14 29 2.00000000
40 14 30 2.00000000
40 15 15 0.10000000
40 15 20 2.00000000
40 15 21 2.00000000
40 15 22 2.00000000
40 15 23 2.00000000
40 15 28 2.00000000
40 15 29 2.00000000
40 15 30 2.00000000
40 15 31 2.00000000
40 16 16 0.10000000
40 16 29 1.00000000
40 16 30 1.00000000
40 16 31 1.00000000
40 17 17 0.10000000
40 17 30 1.00000000
40 17 31 1.00000000
40 18 18 0.10000000
40 18 31 1.00000000
40 19 19 0.10000000
40 20 20 0.10000000
40 21 21 0.10000000
40 22 22 0.10000000
40 23 23 0.10000000
40 24 24 0.10000000
40 25 25 0.10000000
40 26 26 0.10000000
40 27 27 0.10000000
40 28 28 0.10000000
40 29 29 0.10000000
40 30 30 0.10000000
40 31 31 0.10000000
41 16 32 2.00000000
41 16 37 2.00000000
41 16 38 2.00000000
41 16 39 2.00000000
41 16 40 2.00000000
41 16 45 1.00000000
41 16 46 1.00000000
41 16 47 1.00000000
41 17 32 2.00000000
41 17 33 2.00000000
41 17 38 2.00000000
41 17 39 2.00000000
41 17 40 2.00000000
41 17 41 2.00000000
41 17 46 1.00000000
41 17 47 1.00000000
41 18 32 2.00000000
41 18 33 2.00000000
41 18 34 2.00000000
41 18 39 2.00000000
41 18 40 2.00000000
41 18 41 2.00000000
41 18 42 2.00000000
41 18 47 1.00000000
41 19 32 2.00000000
41 19 33 2.00000000
41 19 34 2.00000000
41 19 35 2.00000000
41 19 40 2.00000000
41 19 41 2.00000000
41 19 42 2.00000000
41 19 43 2.00000000
41 20 33 2.00000000
41 20 34 2.00000000
41 20 35 2.00000000
41 20 36 2.00000000
41 20 41 2.00000000
41 20 42 2.00000000
41 20 43 2.00000000
41 20 44 2.00000000
41 21 34 2.00000000
41 21 35 2.00000000
41 21 36 2.00000000
41 21 37 2.00000000
41 21 42 2.00000000
41 21 43 2.00000000
41 21 44 2.00000000
41 21 45 2.00000000
41 22 35 2.00000000
41 22 36 2.00000000
41 22 37 2.00000000
41 22 38 2.00000000
41 22 43 2.00000000
41 22 44 2.00000000
41 22 45 2.00000000
41 22 46 2.00000000
41 23 36 2.00000000
41 23 37 2.00000000
41 23 38 2.00000000
41 23 39 2.00000000
41 23 44 2.00000000
41 23 45 2.00000000
41 23 46 2.00000000
41 23 47 2.00000000
41 24 45 1.00000000
41 24 46 1.00000000
41 24 47 1.00000000
41 24 48 2.00000000
41 24 53 2.00000000
41 24 54 2.00000000
41 24 55 2.00000000
41 24 56 2.00000000
41 24 61 1.00000000
41 24 62 1.00000000
41 24 63 1.00000000
41 25 46 1.00000000
41 25 47 1.00000000
41 25 48 2.00000000
41 25 49 2.00000000
41 25 54 2.00000000
41 25 55 2.00000000
41 25 56 2.00000000
41 25 57 2.00000000
41 25 62 1.00000000
41 25 63 1.00000000
41 26 47 1.00000000
41 26 48 2.00000000
41 26 49 2.00000000
41 26 50 2.00000000
41 26 55 2.00000000
41 26 56 2.00000000
41 26 57 2.00000000
41 26 58 2.00000000
41 26 63 1.00000000
41 27 48 2.00000000
41 27 49 2.00000000
41 27 50 2.00000000
41 27 51 2.00000000
41 27 56 2.00000000
41 27 57 2.00000000
41 27 58 2.00000000
41 27 59 2.00000000
41 28 49 2.00000000
41 28 50 2.00000000
41 28 51 2.00000000
41 28 52 2.00000000
41 28 57 2.00000000
41 28 58 2.00000000
41 28 59 2.00000000
41 28 60 2.00000000
41 29 50 2.00000000
41 29 51 2.00000000
41 29 52 2.00000000
41 29 53 2.00000000
41 29 58 2.00000000
41 29 59 2.00000000
41 29 60 2.00000000
41 29 61 2.00000000
41 30 51 2.00000000
41 30 52 2.00000000
41 30 53 2.00000000
41 30 54 2.00000000
41 30 59 2.00000000
41 30 60 2.00000000
41 30 61 2.00000000
41 30 62 2.00000000
41 31 52 2.00000000
41 31 53 2.00000000
41 31 54 2.00000000
41 31 55 2.00000000
41 31 60 2.00000000
41 31 61 2.00000000
41 31 62 2.00000000
41 31 63 2.00000000
41 32 32 0.10000000
41 32 61 1.00000000
41 32 62 1.00000000
41 32 63 1.00000000
41 33 33 0.10000000
41 33 62 1.00000000
41 33 63 1.00000000
41 34 34 0.10000000
41 34 63 1.00000000
41 35 35 0.10000000
41 36 36 0.10000000
41 37 37 0.10000000
41 38 38 0.10000000
41 39 39 0.10000000
41 40 40 0.10000000
41 41 41 0.10000000
41 42 42 0.10000000
41 43 43 0.10000000
41 44 44 0.10000000
41 45 45 0.10000000
41 46 46 0.10000000
41 47 47 0.10000000
41 48 48 0.10000000
41 49 49 0.10000000
41 50 50 0.10000000
41 51 51 0.10000000
41 52 52 0.10000000
41 53 53 0.10000000
41 54 54 0.10000000
41 55 55 0.10000000
41 56 56 0.10000000
41 57 57 0.10000000
41 58 58 0.10000000
41 59 59 0.10000000
41 60 60 0.10000000
41 61 61 0.10000000
41 62 62 0.10000000
41 63 63 0.10000000
42 0 0 0.10000000
42 1 1 0.10000000
42 2 2 0.10000000
42 3 3 0.10000000
42 4 4 0.10000000
42 5 5 0.10000000
42 6 6 0.10000000
42 7 7 0.10000000
42 8 8 0.10000000
42 9 9 0.10000000
42 10 10 0.10000000
42 11 11 0.10000000
42 12 12 0.10000000
42 13 13 0.10000000
42 14 14 0.10000000
42 15 15 0.10000000
42 16 16 0.10000000
42 17 17 0.10000000
42 18 18 0.10000000
42 19 19 0.10000000
42 20 20 0.10000000
42 21 21 0.10000000
42 22 22 0.10000000
42 23 23 0.10000000
42 24 24 0.10000000
42 25 25 0.10000000
42 26 26 0.10000000
42 27 27 0.10000000
42 28 28 0.10000000
42 29 29 0.10000000
42 30 30 0.10000000
42 31 31 0.10000000
42 32 0 2.00000000
42 32 5 2.00000000
42 32 6 2.00000000
42 32 7 2.00000000
42 32 8 2.00000000
42 32 13 1.00000000
42 32 14 1.00000000
42 32 15 1.00000000
42 33 0 2.00000000
42 33 1 2.00000000
42 33 6 2.00000000
42 33 7 2.00000000
42 33 8 2.00000000
42 33 9 2.00000000
42 33 14 1.00000000
42 33 15 1.00000000
42 34 0 2.00000000
42 34 1 2.00000000
42 34 2 2.00000000
42 34 7 2.00000000
42 34 8 2.00000000
42 34 9 2.00000000
42 34 10 2.00000000
42 34 15 1.00000000
42 35 0 2.00000000
42 35 1 2.00000000
42 35 2 2.00000000
42 35 3 2.00000000
42 35 8 2.00000000
42 35 9 2.00000000
42 35 10 2.00000000
42 35 11 2.00000000
42 36 1 2.00000000
42 36 2 2.00000000
42 36 3 2.00000000
42 36 4 2.00000000
42 36 9 2.00000000
42 36 10 2.00000000
42 36 11 2.00000000
42 36 12 2.00000000
42 37 2 2.00000000
42 37 3 2.00000000
42 37 4 2.00000000
42 37 5 2.00000000
42 37 10 2.00000000
42 37 11 2.00000000
42 37 12 2.00000000
42 37 13 2.00000000
42 38 3 2.00000000
42 38 4 2.00000000
42 38 5 2.00000000
42 38 6 2.00000000
42 38 11 2.00000000
42 38 12 2.00000000
42 38 13 2.00000000
42 38 14 2.00000000
42 39 4 2.00000000
42 39 5 2.00000000
42 39 6 2.00000000
42 39 7 2.00000000
42 39 12 2.00000000
42 39 13 2.00000000
42 39 14 2.00000000
42 39 15 2.00000000
42 40 13 1.00000000
42 40 14 1.00000000
42 40 15 1.00000000
42 40 16 2.00000000
42 40 21 2.00000000
42 40 22 2.00000000
42 40 23 2.00000000
42 40 24 2.00000000
42 40 29 1.00000000
42 40 30 1.00000000
42 40 31 1.00000000
42 41 14 1.00000000
42 41 15 1.00000000
42 41 16 2.00000000
42 41 17 2.00000000
42 41 22 2.00000000
42 41 23 2.00000000
42 41 24 2.00000000
42 41 25 2.00000000
42 41 30 1.00000000
42 41 31 1.00000000
42 42 15 1.00000000
42 42 16 2.00000000
42 42 17 2.00000000
42 42 18 2.00000000
42 42 23 2.00000000
42 42 24 2.00000000
42 42 25 2.00000000
42 42 26 2.00000000
42 42 31 1.00000000
42 43 16 2.00000000
42 43 17 2.00000000
42 43 18 2.00000000
42 43 19 2.00000000
42 43 24 2.00000000
42 43 25 2.00000000
42 43 26 2.00000000
42 43 27 2.00000000
42 44 17 2.00000000
42 44 18 2.00000000
42 44 19 2.00000000
42 44 20 2.00000000
42 44 25 2.00000000
42 44 26 2.00000000
42 44 27 2.00000000
42 44 28 2.00000000
42 45 18 2.00000000
42 45 19 2.00000000
42 45 20 2.00000000
42 45 21 2.00000000
42 45 26 2.00000000
42 45 27 2.00000000
42 45 28 2.00000000
42 45 29 2.00000000
42 46 19 2.00000000
42 46 20 2.00000000
42 46 21 2.00000000
42 46 22 2.00000000
42 46 27 2.00000000
42 46 28 2.00000000
42 46 29 2.00000000
42 46 30 2.00000000
42 47 20 2.00000000
42 47 21 2.00000000
42 47 22 2.00000000
42 47 23 2.00000000
42 47 28 2.00000000
42 47 29 2.00000000
42 47 30 2.00000000
42 47 31 2.00000000
42 48 29 1.00000000
42 48 30 1.00000000
42 48 31 1.00000000
42 49 30 1.00000000
42 49 31 1.00000000
42 50 31 1.00000000
43 0 61 1.00000000
43 0 62 1.00000000
43 0 63 1.00000000
43 1 62 1.00000000
43 1 63 1.00000000
43 2 63 1.00000000
43 32 32 0.10000000
43 33 33 0.10000000
43 34 34 0.10000000
43 35 35 0.10000000
43 36 36 0.10000000
43 37 37 0.10000000
43 38 38 0.10000000
43 39 39 0.10000000
43 40 40 0.10000000
43 41 41 0.10000000
43 42 42 0.10000000
43 43 43 0.10000000
43 44 44 0.10000000
43 45 45 0.10000000
43 46 46 0.10000000
43 47 47 0.10000000
43 48 32 2.00000000
43 48 37 2.00000000
43 48 38 2.00000000
43 48 39 2.00000000
43 48 40 2.00000000
43 48 45 1.00000000
43 48 46 1.00000000
43 48 47 1.00000000
43 48 48 0.10000000
43 49 32 2.00000000
43 49 33 2.00000000
43 49 38 2.00000000
43 49 39 2.00000000
43 49 40 2.00000000
43 49 41 2.00000000
43 49 46 1.00000000
43 49 47 1.00000000
43 49 49 0.10000000
43 50 32 2.00000000
43 50 33 2.00000000
43 50 34 2.00000000
43 50 39 2.00000000
43 50 40 2.00000000
43 50 41 2.00000000
43 50 42 2.00000000
43 50 47 1.00000000
43 50 50 0.10000000
43 51 32 2.00000000
43 51 33 2.00000000
43 51 34 2.00000000
43 51 35 2.00000000
43 51 40 2.00000000
43 51 41 2.00000000
43 51 42 2.00000000
43 51 43 2.00000000
43 51 51 0.10000000
43 52 33 2.00000000
43 52 34 2.00000000
43 52 35 2.00000000
43 52 36 2.00000000
43 52 41 2.00000000
43 52 42 2.00000000
43 52 43 2.00000000
43 52 44 2.00000000
43 52 52 0.10000000
43 53 34 2.00000000
43 53 35 2.00000000
43 53 36 2.00000000
43 53 37 2.00000000
43 53 42 2.00000000
43 53 43 2.00000000
43 53 44 2.00000000
43 53 45 2.00000000
43 53 53 0.10000000
43 54 35 2.00000000
43 54 36 2.00000000
43 54 37 2.00000000
43 54 38 2.00000000
43 54 43 2.00000000
43 54 44 2.00000000
43 54 45 2.00000000
43 54 46 2.00000000
43 54 54 0.10000000
43 55 36 2.00000000
43 55 37 2.00000000
43 55 38 2.00000000
43 55 39 2.00000000
43 55 44 2.00000000
43 55 45 2.00000000
43 55 46 2.00000000
43 55 47 2.00000000
43 55 55 0.10000000
43 56 45 1.00000000
43 56 46 1.00000000
43 56 47 1.00000000
43 56 48 2.00000000
43 56 53 2.00000000
43 56 54 2.00000000
43 56 55 2.00000000
43 56 56 2.10000000
43 56 61 1.00000000
43 56 62 1.00000000
43 56 63 1.00000000
43 57 46 1.00000000
43 57 47 1.00000000
43 57 48 2.00000000
43 57 49 2.00000000
43 57 54 2.00000000
43 57 55 2.00000000
43 57 56 2.00000000
43 57 57 2.10000000
43 57 62 1.00000000
43 57 63 1.00000000
43 58 47 1.00000000
43 58 48 2.00000000
43 58 49 2.00000000
43 58 50 2.00000000
43 58 55 2.00000000
43 58 56 2.00000000
43 58 57 2.00000000
43 58 58 2.10000000
43 58 63 1.00000000
43 59 48 2.00000000
43 59 49 2.00000000
43 59 50 2.00000000
43 59 51 2.00000000
43 59 56 2.00000000
43 59 57 2.00000000
43 59 58 2.00000000
43 59 59 2.10000000
43 60 49 2.00000000
43 60 50 2.00000000
43 60 51 2.00000000
43 60 52 2.00000000
43 60 57 2.00000000
43 60 58 2.00000000
43 60 59 2.00000000
43 60 60 2.10000000
43 61 50 2.00000000
43 61 51 2.00000000
43 61 52 2.00000000
43 61 53 2.00000000
43 61 58 2.00000000
43 61 59 2.00000000
43 61 60 2.00000000
43 61 61 2.10000000
43 62 51 2.00000000
43 62 52 2.00000000
43 62 53 2.00000000
43 62 54 2.00000000
43 62 59 2.00000000
43 62 60 2.00000000
43 62 61 2.00000000
43 62 62 2.10000000
43 63 52 2.00000000
43 63 53 2.00000000
43 63 54 2.00000000
43 63 55 2.00000000
43 63 60 2.00000000
43 63 61 2.00000000
43 63 62 2.00000000
43 63 63 2.10000000
44 0 0 2.10000000
44 0 5 2.00000000
44 0 6 2.00000000
44 0 7 2.00000000
44 0 8 2.00000000
44 0 13 1.00000000
44 0 14 1.00000000
44 0 15 1.00000000
44 1 0 2.00000000
44 1 1 2.10000000
44 1 6 2.00000000
44 1 7 2.00000000
44 1 8 2.00000000
44 1 9 2.00000000
44 1 14 1.00000000
44 1 15 1.00000000
44 2 0 2.00000000
44 2 1 2.00000000
44 2 2 2.10000000
44 2 7 2.00000000
44 2 8 2.00000000
44 2 9 2.00000000
44 2 10 2.00000000
44 2 15 1.00000000
44 3 0 2.00000000
44 3 1 2.00000000
44 3 2 2.00000000
44 3 3 2.10000000
44 3 8 2.00000000
44 3 9 2.00000000
44 3 10 2.00000000
44 3 11 2.00000000
44 4 1 2.00000000
44 4 2 2.00000000
44 4 3 2.00000000
44 4 4 2.10000000
44 4 9 2.00000000
44 4 10 2.00000000
44 4 11 2.00000000
44 4 12 2.00000000
44 5 2 2.00000000
44 5 3 2.00000000
44 5 4 2.00000000
44 5 5 2.10000000
44 5 10 2.00000000
44 5 11 2.00000000
44 5 12 2.00000000
44 5 13 2.00000000
44 6 3 2.00000000
44 6 4 2.00000000
44 6 5 2.00000000
44 6 6 2.10000000
44 6 11 2.00000000
44 6 12 2.00000000
44 6 13 2.00000000
44 6 14 2.00000000
44 7 4 2.00000000
44 7 5 2.00000000
44 7 6 2.00000000
44 7 7 2.10000000
44 7 12 2.00000000
44 7 13 2.00000000
44 7 14 2.00000000
44 7 15 2.00000000
44 8 8 0.10000000
44 8 13 1.00000000
44 8 14 1.00000000
44 8 15 1.00000000
44 8 16 2.00000000
44 8 21 2.00000000
44 8 22 2.00000000
44 8 23 2.00000000
44 8 24 2.00000000
44 8 29 1.00000000
44 8 30 1.00000000
44 8 31 1.00000000
44 9 9 0.10000000
44 9 14 1.00000000
44 9 15 1.00000000
44 9 16 2.00000000
44 9 17 2.00000000
44 9 22 2.00000000
44 9 23 2.00000000
44 9 24 2.00000000
44 9 25 2.00000000
44 9 30 1.00000000
44 9 31 1.00000000
44 10 10 0.10000000
44 10 15 1.00000000
44 10 16 2.00000000
44 10 17 2.00000000
44 10 18 2.00000000
44 10 23 2.00000000
44 10 24 2.00000000
44 10 25 2.00000000
44 10 26 2.00000000
44 10 31 1.00000000
44 11 11 0.10000000
44 11 16 2.00000000
44 11 17 2.00000000
44 11 18 2.00000000
44 11 19 2.00000000
44 11 24 2.00000000
44 11 25 2.00000000
44 11 26 2.00000000
44 11 27 2.00000000
44 12 12 0.10000000
44 12 17 2.00000000
44 12 18 2.00000000
44 12 19 2.00000000
44 12 20 2.00000000
44 12 25 2.00000000
44 12 26 2.00000000
44 12 27 2.00000000
44 12 28 2.00000000
44 13 13 0.10000000
44 13 18 2.00000000
44 13 19 2.00000000
44 13 20 2.00000000
44 13 21 2.00000000
44 13 26 2.00000000
44 13 27 2.00000000
44 13 28 2.00000000
44 13 29 2.00000000
44 14 14 0.10000000
44 14 19 2.00000000
44 14 20 2.00000000
44 14 21 2.00000000
44 14 22 2.00000000
44 14 27 2.00000000
44 14 28 2.00000000
44 14 29 2.00000000
44 14 30 2.00000000
44 15 15 0.10000000
44 15 20 2.00000000
44 15 21 2.00000000
44 15 22 2.00000000
44 15 23 2.00000000
44 15 28 2.00000000
44 15 29 2.00000000
44 15 30 2.00000000
44 15 31 2.00000000
44 16 16 0.10000000
44 16 29 1.00000000
44 16 30 1.00000000
44 16 31 1.00000000
44 17 17 0.10000000
44 17 30 1.00000000
44 17 31 1.00000000
44 18 18 0.10000000
44 18 31 1.00000000
44 19 19 0.10000000
44 20 20 0.10000000
44 21 21 0.10000000
44 22 22 0.10000000
44 23 23 0.10000000
44 24 24 0.10000000
44 25 25 0.10000000
44 26 26 0.10000000
44 27 27 0.10000000
44 28 28 0.10000000
44 29 29 0.10000000
44 30 30 0.10000000
44 31 31 0.10000000
45 16 32 2.00000000
45 16 37 2.00000000
45 16 38 2.00000000
45 16 39 2.00000000
45 16 40 2.00000000
45 16 45 1.00000000
45 16 46 1.00000000
45 16 47 1.00000000
45 17 32 2.00000000
45 17 33 2.00000000
45 17 38 2.00000000
45 17 39 2.00000000
45 17 40 2.00000000
45 17 41 2.00000000
45 17 46 1.00000000
45 17 47 1.00000000
45 18 32 2.00000000
45 18 33 2.00000000
45 18 34 2.00000000
45 18 39 2.00000000
45 18 40 2.00000000
45 18 41 2.00000000
45 18 42 2.00000000
45 18 47 1.00000000
45 19 32 2.00000000
45 19 33 2.00000000
45 19 34 2.00000000
45 19 35 2.00000000
45 19 40 2.00000000
45 19 41 2.00000000
45 19 42 2.00000000
45 19 43 2.00000000
45 20 33 2.00000000
45 20 34 2.00000000
45 20 35 2.00000000
45 20 36 2.00000000
45 20 41 2.00000000
45 20 42 2.00000000
45 20 43 2.00000000
45 20 44 2.00000000
45 21 34 2.00000000
45 21 35 2.00000000
45 21 36 2.00000000
45 21 37 2.00000000
45 21 42 2.00000000
45 21 43 2.00000000
45 21 44 2.00000000
45 21 45 2.00000000
45 22 35 2.00000000
45 22 36 2.00000000
45 22 37 2.00000000
45 22 38 2.00000000
45 22 43 2.00000000
45 22 44 2.00000000
45 22 45 2.00000000
45 22 46 2.00000000
45 23 36 2.00000000
45 23 37 2.00000000
45 23 38 2.00000000
45 23 39 2.00000000
45 23 44 2.00000000
45 23 45 2.00000000
45 23 46 2.00000000
45 23 47 2.00000000
45 24 45 1.00000000
45 24 46 1.00000000
45 24 47 1.00000000
45 24 48 2.00000000
45 24 53 2.00000000
45 24 54 2.00000000
45 24 55 2.00000000
45 24 56 2.00000000
45 24 61 1.00000000
45 24 62 1.00000000
45 24 63 1.00000000
45 25 46 1.00000000
45 25 47 1.00000000
45 25 48 2.00000000
45 25 49 2.00000000
45 25 54 2.00000000
45 25 55 2.00000000
45 25 56 2.00000000
45 25 57 2.00000000
45 25 62 1.00000000
45 25 63 1.00000000
45 26 47 1.00000000
45 26 48 2.00000000
45 26 49 2.00000000
45 26 50 2.00000000
45 26 55 2.00000000
45 26 56 2.00000000
45 26 57 2.00000000
45 26 58 2.00000000
45 26 63 1.00000000
45 27 48 2.00000000
45 27 49 2.00000000
45 27 50 2.00000000
45 27 51 2.00000000
45 27 56 2.00000000
45 27 57 2.00000000
45 27 58 2.00000000
45 27 59 2.00000000
45 28 49 2.00000000
45 28 50 2.00000000
45 28 51 2.00000000
45 28 52 2.00000000
45 28 57 2.00000000
45 28 58 2.00000000
45 28 59 2.00000000
45 28 60 2.00000000
45 29 50 2.00000000
45 29 51 2.00000000
45 29 52 2.00000000
45 29 53 2.00000000
45 29 58 2.00000000
45 29 59 2.00000000
45 29 60 2.00000000
45 29 61 2.00000000
45 30 51 2.00000000
45 30 52 2.00000000
45 30 53 2.00000000
45 30 54 2.00000000
45 30 59 2.00000000
45 30 60 2.00000000
45 30 61 2.00000000
45 30 62 2.00000000
45 31 52 2.00000000
45 31 53 2.00000000
45 31 54 2.00000000
45 31 55 2.00000000
45 31 60 2.00000000
45 31 61 2.00000000
45 31 62 2.00000000
45 31 63 2.00000000
45 32 32 0.10000000
45 32 61 1.00000000
45 32 62 1.00000000
45 32 63 1.00000000
45 33 33 0.10000000
45 33 62 1.00000000
45 33 63 1.00000000
45 34 34 0.10000000
45 34 63 1.00000000
45 35 35 0.10000000
45 36 36 0.10000000
45 37 37 0.10000000
45 38 38 0.10000000
45 39 39 0.10000000
45 40 40 0.10000000
45 41 41 0.10000000
45 42 42 0.10000000
45 43 43 0.10000000
45 44 44 0.10000000
45 45 45 0.10000000
45 46 46 0.10000000
45 47 47 0.10000000
45 48 48 0.10000000
45 49 49 0.10000000
45 50 50 0.10000000
45 51 51 0.10000000
45 52 52 0.10000000
45 53 53 0.10000000
45 54 54 0.10000000
45 55 55 0.10000000
45 56 56 0.10000000
45 57 57 0.10000000
45 58 58 0.10000000
45 59 59 0.10000000
45 60 60 0.10000000
45 61 61 0.10000000
45 62 62 0.10000000
45 63 63 0.10000000
46 0 0 0.10000000
46 1 1 0.10000000
46 2 2 0.10000000
46 3 3 0.10000000
46 4 4 0.10000000
46 5 5 0.10000000
46 6 6 0.10000000
46 7 7 0.10000000
46 8 8 0.10000000
46 9 9 0.10000000
46 10 10 0.10000000
46 11 11 0.10000000
46 12 12 0.10000000
46 13 13 0.10000000
46 14 14 0.10000000
46 15 15 0.10000000
46 16 16 0.10000000
46 17 17 0.10000000
46 18 18 0.10000000
46 19 19 0.10000000
46 20 20 0.10000000
46 21 21 0.10000000
46 22 22 0.10000000
46 23 23 0.10000000
46 24 24 0.10000000
46 25 25 0.10000000
46 26 26 0.10000000
46 27 27 0.10000000
46 28 28 0.10000000
46 29 29 0.10000000
46 30 30 0.10000000
46 31 31 0.10000000
46 32 0 2.00000000
46 32 5 2.00000000
46 32 6 2.00000000
46 32 7 2.00000000
46 32 8 2.00000000
46 32 13 1.00000000
46 32 14 1.00000000
46 32 15 1.00000000
46 33 0 2.00000000
46 33 1 2.00000000
46 33 6 2.00000000
46 33 7 2.00000000
46 33 8 2.00000000
46 33 9 2.00000000
46 33 14 1.00000000
46 33 15 1.00000000
46 34 0 2.00000000
46 34 1 2.00000000
46 34 2 2.00000000
46 34 7 2.00000000
46 34 8 2.00000000
46 34 9 2.00000000
46 34 10 2.00000000
46 34 15 1.00000000
46 35 0 2.00000000
46 35 1 2.00000000
46 35 2 2.00000000
46 35 3 2.00000000
46 35 8 2.00000000
46 35 9 2.00000000
46 35 10 2.00000000
46 35 11 2.00000000
46 36 1 2.00000000
46 36 2 2.00000000
46 36 3 2.00000000
46 36 4 2.00000000
46 36 9 2.00000000
46 36 10 2.00000000
46 36 11 2.00000000
46 36 12 2.00000000
46 37 2 2.00000000
46 37 3 2.00000000
46 37 4 2.00000000
46 37 5 2.00000000
46 37 10 2.00000000
46 37 11 2.00000000
46 37 12 2.00000000
46 37 13 2.00000000
46 38 3 2.00000000
46 38 4 2.00000000
46 38 5 2.00000000
46 38 6 2.00000000
46 38 11 2.00000000
46 38 12 2.00000000
46 38 13 2.00000000
46 38 14 2.00000000
46 39 4 2.00000000
46 39 5 2.00000000
46 39 6 2.00000000
46 39 7 2.00000000
46 39 12 2.00000000
46 39 13 2.00000000
46 39 14 2.00000000
46 39 15 2.00000000
46 40 13 1.00000000
46 40 14 1.00000000
46 40 15 1.00000000
46 40 16 2.00000000
46 40 21 2.00000000
46 40 22 2.00000000
46 40 23 2.00000000
46 40 24 2.00000000
46 40 29 1.00000000
46 40 30 1.00000000
46 40 31 1.00000000
46 41 14 1.00000000
46 41 15 1.00000000
46 41 16 2.00000000
46 41 17 2.00000000
46 41 22 2.00000000
46 41 23 2.00000000
46 41 24 2.00000000
46 41 25 2.00000000
46 41 30 1.00000000
46 41 31 1.00000000
46 42 15 1.00000000
46 42 16 2.00000000
46 42 17 2.00000000
46 42 18 2.00000000
46 42 23 2.00000000
46 42 24 2.00000000
46 42 25 2.00000000
46 42 26 2.00000000
46 42 31 1.00000000
46 43 16 2.00000000
46 43 17 2.00000000
46 43 18 2.00000000
46 43 19 2.00000000
46 43 24 2.00000000
46 43 25 2.00000000
46 43 26 2.00000000
46 43 27 2.00000000
46 44 17 2.00000000
46 44 18 2.00000000
46 44 19 2.00000000
46 44 20 2.00000000
46 44 25 2.00000000
46 44 26 2.00000000
46 44 27 2.00000000
46 44 28 2.00000000
46 45 18 2.00000000
46 45 19 2.00000000
46 45 20 2.00000000
46 45 21 2.00000000
46 45 26 2.00000000
46 45 27 2.00000000
46 45 28 2.00000000
46 45 29 2.00000000
46 46 19 2.00000000
46 46 20 2.00000000
46 46 21 2.00000000
46 46 22 2.00000000
46 46 27 2.00000000
46 46 28 2.00000000
46 46 29 2.00000000
46 46 30 2.00000000
46 47 20 2.00000000
46 47 21 2.00000000
46 47 22 2.00000000
46 47 23 2.00000000
46 47 28 2.00000000
46 47 29 2.00000000
46 47 30 2.00000000
46 47 31 2.00000000
46 48 29 1.00000000
46 48 30 1.00000000
46 48 31 1.00000000
46 49 30 1.00000000
46 49 31 1.00000000
46 50 31 1.00000000
47 0 61 1.00000000
47 0 62 1.00000000
47 0 63 1.00000000
47 1 62 1.00000000
47 1 63 1.00000000
47 2 63 1.00000000
47 32 32 0.10000000
47 33 33 0.10000000
47 34 34 0.10000000
47 35 35 0.10000000
47 36 36 0.10000000
47 37 37 0.10000000
47 38 38 0.10000000
47 39 39 0.10000000
47 40 40 0.10000000
47 41 41 0.10000000
47 42 42 0.10000000
47 43 43 0.10000000
47 44 44 0.10000000
47 45 45 0.10000000
47 46 46 0.10000000
47 47 47 0.10000000
47 48 32 2.00000000
47 48 37 2.00000000
47 48 38 2.00000000
47 48 39 2.00000000
47 48 40 2.00000000
47 48 45 1.00000000
47 48 46 1.00000000
47 48 47 1.00000000
47 48 48 0.10000000
47 49 32 2.00000000
47 49 33 2.00000000
47 49 38 2.00000000
47 49 39 2.00000000
47 49 40 2.00000000
47 49 41 2.00000000
47 49 46 1.00000000
47 49 47 1.00000000
47 49 49 0.10000000
47 50 32 2.00000000
47 50 33 2.00000000
47 50 34 2.00000000
47 50 39 2.00000000
47 50 40 2.00000000
47 50 41 2.00000000
47 50 42 2.00000000
47 50 47 1.00000000
47 50 50 0.10000000
47 51 32 2.00000000
47 51 33 2.00000000
47 51 34 2.00000000
47 51 35 2.00000000
47 51 40 2.00000000
47 51 41 2.00000000
47 51 42 2.00000000
47 51 43 2.00000000
47 51 51 0.10000000
47 52 33 2.00000000
47 52 34 2.00000000
47 52 35 2.00000000
47 52 36 2.00000000
47 52 41 2.00000000
47 52 42 2.00000000
47 52 43 2.00000000
47 52 44 2.00000000
47 52 52 0.10000000
47 53 34 2.00000000
47 53 35 2.00000000
47 53 36 2.00000000
47 53 37 2.00000000
47 53 42 2.00000000
47 53 43 2.00000000
47 53 44 2.00000000
47 53 45 2.00000000
47 53 53 0.10000000
47 54 35 2.00000000
47 54 36 2.00000000
47 54 37 2.00000000
47 54 38 2.00000000
47 54 43 2.00000000
47 54 44 2.00000000
47 54 45 2.00000000
47 54 46 2.00000000
47 54 54 0.10000000
47 55 36 2.00000000
47 55 37 2.00000000
47 55 38 2.00000000
47 55 39 2.00000000
47 55 44 2.00000000
47 55 45 2.00000000
47 55 46 2.00000000
47 55 47 2.00000000
47 55 55 0.10000000
47 56 45 1.00000000
47 56 46 1.00000000
47 56 47 1.00000000
47 56 48 2.00000000
47 56 53 2.00000000
47 56 54 2.00000000
47 56 55 2.00000000
47 56 56 2.10000000
47 56 61 1.00000000
47 56 62 1.00000000
47 56 63 1.00000000
47 57 46 1.00000000
47 57 47 1.00000000
47 57 48 2.00000000
47 57 49 2.00000000
47 57 54 2.00000000
47 57 55 2.00000000
47 57 56 2.00000000
47 57 57 2.10000000
47 57 62 1.00000000
47 57 63 1.00000000
47 58 47 1.00000000
47 58 48 2.00000000
47 58 49 2.00000000
47 58 50 2.00000000
47 58 55 2.00000000
47 58 56 2.00000000
47 58 57 2.00000000
47 58 58 2.10000000
47 58 63 1.00000000
47 59 48 2.00000000
47 59 49 2.00000000
47 59 50 2.00000000
47 59 51 2.00000000
47 59 56 2.00000000
47 59 57 2.00000000
47 59 58 2.00000000
47 59 59 2.10000000
47 60 49 2.00000000
47 60 50 2.00000000
47 60 51 2.00000000
47 60 52 2.00000000
47 60 57 2.00000000
47 60 58 2.00000000
47 60 59 2.00000000
47 60 60 2.10000000
47 61 50 2.00000000
47 61 51 2.00000000
47 61 52 2.00000000
47 61 53 2.00000000
47 61 58 2.00000000
47 61 59 2.00000000
47 61 60 2.00000000
47 61 61 2.10000000
47 62 51 2.00000000
47 62 52 2.00000000
47 62 53 2.00000000
47 62 54 2.00000000
47 62 59 2.00000000
47 62 60 2.00000000
47 62 61 2.00000000
47 62 62 2.10000000
47 63 52 2.00000000
47 63 53 2.00000000
47 63 54 2.00000000
47 63 55 2.00000000
47 63 60 2.00000000
47 63 61 2.00000000
47 63 62 2.00000000
47 63 63 2.10000000
48 0 0 2.10000000
48 0 5 2.00000000
48 0 6 2.00000000
48 0 7 2.00000000
48 0 8 2.00000000
48 0 13 1.00000000
48 0 14 1.00000000
48 0 15 1.00000000
48 1 0 2.00000000
48 1 1 2.10000000
48 1 6 2.00000000
48 1 7 2.00000000
48 1 8 2.00000000
48 1 9 2.00000000
48 1 14 1.00000000
48 1 15 1.00000000
48 2 0 2.00000000
48 2 1 2.00000000
48 2 2 2.10000000
48 2 7 2.00000000
48 2 8 2.00000000
48 2 9 2.00000000
48 2 10 2.00000000
48 2 15 1.00000000
48 3 0 2.00000000
48 3 1 2.00000000
48 3 2 2.00000000
48 3 3 2.10000000
48 3 8 2.00000000
48 3 9 2.00000000
48 3 10 2.00000000
48 3 11 2.00000000
48 4 1 2.00000000
48 4 2 2.00000000
48 4 3 2.00000000
48 4 4 2.10000000
48 4 9 2.00000000
48 4 10 2.00000000
48 4 11 2.00000000
48 4 12 2.00000000
48 5 2 2.00000000
48 5 3 2.00000000
48 5 4 2.00000000
48 5 5 2.10000000
48 5 10 2.00000000
48 5 11 2.00000000
48 5 12 2.00000000
48 5 13 2.00000000
48 6 3 2.00000000
48 6 4 2.00000000
48 6 5 2.00000000
48 6 6 2.10000000
48 6 11 2.00000000
48 6 12 2.00000000
48 6 13 2.00000000
48 6 14 2.00000000
48 7 4 2.00000000
48 7 5 2.00000000
48 7 6 2.00000000
48 7 7 2.10000000
48 7 12 2.00000000
48 7 13 2.00000000
48 7 14 2.00000000
48 7 15 2.00000000
48 8 8 0.10000000
48 8 13 1.00000000
48 8 14 1.00000000
48 8 15 1.00000000
48 8 16 2.00000000
48 8 21 2.00000000
48 8 22 2.00000000
48 8 23 2.00000000
48 8 24 2.00000000
48 8 29 1.00000000
48 8 30 1.00000000
48 8 31 1.00000000
48 9 9 0.10000000
48 9 14 1.00000000
48 9 15 1.00000000
48 9 16 2.00000000
48 9 17 2.00000000
48 9 22 2.00000000
48 9 23 2.00000000
48 9 24 2.00000000
48 9 25 2.00000000
48 9 30 1.00000000
48 9 31 1.00000000
48 10 10 0.10000000
48 10 15 1.00000000
48 10 16 2.00000000
48 10 17 2.00000000
48 10 18 2.00000000
48 10 23 2.00000000
48 10 24 2.00000000
48 10 25 2.00000000
48 10 26 2.00000000
48 10 31 1.00000000
48 11 11 0.10000000
48 11 16 2.00000000
48 11 17 2.00000000
48 11 18 2.00000000
48 11 19 2.00000000
48 11 24 2.00000000
48 11 25 2.00000000
48 11 26 2.00000000
48 11 27 2.00000000
48 12 12 0.10000000
48 12 17 2.00000000
48 12 18 2.00000000
48 12 19 2.00000000
48 12 20 2.00000000
48 12 25 2.00000000
48 12 26 2.00000000
48 12 27 2.00000000
48 12 28 2.00000000
48 13 13 0.10000000
48 13 18 2.00000000
48 13 19 2.00000000
48 13 20 2.00000000
48 13 21 2.00000000
48 13 26 2.00000000
48 13 27 2.00000000
48 13 28 2.00000000
48 13 29 2.00000000
48 14 14 0.10000000
48 14 19 2.00000000
48 14 20 2.00000000
48 14 21 2.00000000
48 14 22 2.00000000
48 14 27 2.00000000
48 14 28 2.00000000
48 14 29 2.00000000
48 14 30 2.00000000
48 15 15 0.10000000
48 15 20 2.00000000
48 15 21 2.00000000
48 15 22 2.00000000
48 15 23 2.00000000
48 15 28 2.00000000
48 15 29 2.00000000
48 15 30 2.00000000
48 15 31 2.00000000
48 16 16 0.10000000
48 16 29 1.00000000
48 16 30 1.00000000
48 16 31 1.00000000
48 17 17 0.10000000
48 17 30 1.00000000
48 17 31 1.00000000
48 18 18 0.10000000
48 18 31 1.00000000
48 19 19 0.10000000
48 20 20 0.10000000
48 21 21 0.10000000
48 22 22 0.10000000
48 23 23 0.10000000
48 24 24 0.10000000
48 25 25 0.10000000
48 26 26 0.10000000
48 27 27 0.10000000
48 28 28 0.10000000
48 29 29 0.10000000
48 30 30 0.10000000
48 31 31 0.10000000
49 16 32 2.00000000
49 16 37 2.00000000
49 16 38 2.00000000
49 16 39 2.00000000
49 16 40 2.00000000
49 16 45 1.00000000
49 16 46 1.00000000
49 16 47 1.00000000
49 17 32 2.00000000
49 17 33 2.00000000
49 17 38 2.00000000
49 17 39 2.00000000
49 17 40 2.00000000
49 17 41 2.00000000
49 17 46 1.00000000
49 17 47 1.00000000
49 18 32 2.00000000
49 18 33 2.00000000
49 18 34 2.00000000
49 18 39 2.00000000
49 18 40 2.00000000
49 18 41 2.00000000
49 18 42 2.00000000
49 18 47 1.00000000
49 19 32 2.00000000
49 19 33 2.00000000
49 19 34 2.00000000
49 19 35 2.00000000
49 19 40 2.00000000
49 19 41 2.00000000
49 19 42 2.00000000
49 19 43 2.00000000
49 20 33 2.00000000
49 20 34 2.00000000
49 20 35 2.00000000
49 20 36 2.00000000
49 20 41 2.00000000
49 20 42 2.00000000
49 20 43 2.00000000
49 20 44 2.00000000
49 21 34 2.00000000
49 21 35 2.00000000
49 21 36 2.00000000
49 21 37 2.00000000
49 21 42 2.00000000
49 21 43 2.00000000
49 21 44 2.00000000
49 21 45 2.00000000
49 22 35 2.00000000
49 22 36 2.00000000
49 22 37 2.00000000
49 22 38 2.00000000
49 22 43 2.00000000
49 22 44 2.00000000
49 22 45 2.00000000
49 22 46 2.00000000
49 23 36 2.00000000
49 23 37 2.00000000
49 23 38 2.00000000
49 23 39 2.00000000
49 23 44 2.00000000
49 23 45 2.00000000
49 23 46 2.00000000
49 23 47 2.00000000
49 24 45 1.00000000
49 24 46 1.00000000
49 24 47 1.00000000
49 24 48 2.00000000
49 24 53 2.00000000
49 24 54 2.00000000
49 24 55 2.00000000
49 24 56 2.00000000
49 24 61 1.00000000
49 24 62 1.00000000
49 24 63 1.00000000
49 25 46 1.00000000
49 25 47 1.00000000
49 25 48 2.00000000
49 25 49 2.00000000
49 25 54 2.00000000
49 25 55 2.00000000
49 25 56 2.00000000
49 25 57 2.00000000
49 25 62 1.00000000
49 25 63 1.00000000
49 26 47 1.00000000
49 26 48 2.00000000
49 26 49 2.00000000
49 26 50 2.00000000
49 26 55 2.00000000
49 26 56 2.00000000
49 26 57 2.00000000
49 26 58 2.00000000
49 26 63 1.00000000
49 27 48 2.00000000
49 27 49 2.00000000
49 27 50 2.00000000
49 27 51 2.00000000
49 27 56 2.00000000
49 27 57 2.00000000
49 27 58 2.00000000
49 27 59 2.00000000
49 28 49 2.00000000
49 28 50 2.00000000
49 28 51 2.00000000
49 28 52 2.00000000
49 28 57 2.00000000
49 28 58 2.00000000
49 28 59 2.00000000
49 28 60 2.00000000
49 29 50 2.00000000
49 29 51 2.00000000
49 29 52 2.00000000
49 29 53 2.00000000
49 29 58 2.00000000
49 29 59 2.00000000
49 29 60 2.00000000
49 29 61 2.00000000
49 30 51 2.00000000
49 30 52 2.00000000
49 30 53 2.00000000
49 30 54 2.00000000
49 30 59 2.00000000
49 30 60 2.00000000
49 30 61 2.00000000
49 30 62 2.00000000
49 31 52 2.00000000
49 31 53 2.00000000
49 31 54 2.00000000
49 31 55 2.00000000
49 31 60 2.00000000
49 31 61 2.00000000
49 31 62 2.00000000
49 31 63 2.00000000
49 32 32 0.10000000
49 32 61 1.00000000
49 32 62 1.00000000
49 32 63 1.00000000
49 33 33 0.10000000
49 33 62 1.00000000
49 33 63 1.00000000
49 34 34 0.10000000
49 34 63 1.00000000
49 35 35 0.10000000
49 36 36 0.10000000
49 37 37 0.10000000
49 38 38 0.10000000
49 39 39 0.10000000
49 40 40 0.10000000
49 41 41 0.10000000
49 42 42 0.10000000
49 43 43 0.10000000
49 44 44 0.10000000
49 45 45 0.10000000
49 46 46 0.10000000
49 47 47 0.10000000
49 48 48 0.10000000
49 49 49 0.10000000
49 50 50 0.10000000
49 51 51 0.10000000
49 52 52 0.10000000
49 53 53 0.10000000
49 54 54 0.10000000
49 55 55 0.10000000
49 56 56 0.10000000
49 57 57 0.10000000
49 58 58 0.10000000
49 59 59 0.10000000
49 60 60 0.10000000
49 61 61 0.10000000
49 62 62 0.10000000
49 63 63 0.10000000
50 0 0 0.10000000
50 1 1 0.10000000
50 2 2 0.10000000
50 3 3 0.10000000
50 4 4 0.10000000
50 5 5 0.10000000
50 6 6 0.10000000
50 7 7 0.10000000
50 8 8 0.10000000
50 9 9 0.10000000
50 10 10 0.10000000
50 11 11 0.10000000
50 12 12 0.10000000
50 13 13 0.10000000
50 14 14 0.10000000
50 15 15 0.10000000
50 16 16 0.10000000
50 17 17 0.10000000
50 18 18 0.10000000
50 19 19 0.10000000
50 20 20 0.10000000
50 21 21 0.10000000
50 22 22 0.10000000
50 23 23 0.10000000
50 24 24 0.10000000
50 25 25 0.10000000
50 26 26 0.10000000
50 27 27 0.10000000
50 28 28 0.10000000
50 29 29 0.10000000
50 30 30 0.10000000
50 31 31 0.10000000
50 32 0 2.00000000
50 32 5 2.00000000
50 32 6 2.00000000
50 32 7 2.00000000
50 32 8 2.00000000
50 32 13 1.00000000
50 32 14 1.00000000
50 32 15 1.00000000
50 33 0 2.00000000
50 33 1 2.00000000
50 33 6 2.00000000
50 33 7 2.00000000
50 33 8 2.00000000
50 33 9 2.00000000
50 33 14 1.00000000
50 33 15 1.00000000
50 34 0 2.00000000
50 34 1 2.00000000
50 34 2 2.00000000
50 34 7 2.00000000
50 34 8 2.00000000
50 34 9 2.00000000
50 34 10 2.00000000
50 34 15 1.00000000
50 35 0 2.00000000
50 35 1 2.00000000
50 35 2 2.00000000
50 35 3 2.00000000
50 35 8 2.00000000
50 35 9 2.00000000
50 35 10 2.00000000
50 35 11 2.00000000
50 36 1 2.00000000
50 36 2 2.00000000
50 36 3 2.00000000
50 36 4 2.00000000
50 36 9 2.00000000
50 36 10 2.00000000
50 36 11 2.00000000
50 36 12 2.00000000
50 37 2 2.00000000
50 37 3 2.00000000
50 37 4 2.00000000
50 37 5 2.00000000
50 37 10 2.00000000
50 37 11 2.00000000
50 37 12 2.00000000
50 37 13 2.00000000
50 38 3 2.00000000
50 38 4 2.00000000
50 38 5 2.00000000
50 38 6 2.00000000
50 38 11 2.00000000
50 38 12 2.00000000
50 38 13 2.00000000
50 38 14 2.00000000
50 39 4 2.00000000
50 39 5 2.00000000
50 39 6 2.00000000
50 39 7 2.00000000
50 39 12 2.00000000
50 39 13 2.00000000
50 39 14 2.00000000
50 39 15 2.00000000
50 40 13 1.00000000
50 40 14 1.00000000
50 40 15 1.00000000
50 40 16 2.00000000
50 40 21 2.00000000
50 40 22 2.00000000
50 40 23 2.00000000
50 40 24 2.00000000
50 40 29 1.00000000
50 40 30 1.00000000
50 40 31 1.00000000
50 41 14 1.00000000
50 41 15 1.00000000
50 41 16 2.00000000
50 41 17 2.00000000
50 41 22 2.00000000
50 41 23 2.00000000
50 41 24 2.00000000
50 41 25 2.00000000
50 41 30 1.00000000
50 41 31 1.00000000
50 42 15 1.00000000
50 42 16 2.00000000
50 42 17 2.00000000
50 42 18 2.00000000
50 42 23 2.00000000
50 42 24 2.00000000
50 42 25 2.00000000
50 42 26 2.00000000
50 42 31 1.00000000
50 43 16 2.00000000
50 43 17 2.00000000
50 43 18 2.00000000
50 43 19 2.00000000
50 43 24 2.00000000
50 43 25 2.00000000
50 43 26 2.00000000
50 43 27 2.00000000
50 44 17 2.00000000
50 44 18 2.00000000
50 44 19 2.00000000
50 44 20 2.00000000
50 44 25 2.00000000
50 44 26 2.00000000
50 44 27 2.00000000
50 44 28 2.00000000
50 45 18 2.00000000
50 45 19 2.00000000
50 45 20 2.00000000
50 45 21 2.00000000
50 45 26 2.00000000
50 45 27 2.00000000
50 45 28 2.00000000
50 45 29 2.00000000
50 46 19 2.00000000
50 46 20 2.00000000
50 46 21 2.00000000
50 46 22 2.00000000
50 46 27 2.00000000
50 46 28 2.00000000
50 46 29 2.00000000
50 46 30 2.00000000
50 47 20 2.00000000
50 47 21 2.00000000
50 47 22 2.00000000
50 47 23 2.00000000
50 47 28 2.00000000
50 47 29 2.00000000
50 47 30 2.00000000
50 47 31 2.00000000
50 48 29 1.00000000
50 48 30 1.00000000
50 48 31 1.00000000
50 49 30 1.00000000
50 49 31 1.00000000
50 50 31 1.00000000
51 0 61 1.00000000
51 0 62 1.00000000
51 0 63 1.00000000
51 1 62 1.00000000
51 1 63 1.00000000
51 2 63 1.00000000
51 32 32 0.10000000
51 33 33 0.10000000
51 34 34 0.10000000
51 35 35 0.10000000
51 36 36 0.10000000
51 37 37 0.10000000
51 38 38 0.10000000
51 39 39 0.10000000
51 40 40 0.10000000
51 41 41 0.10000000
51 42 42 0.10000000
51 43 43 0.10000000
51 44 44 0.10000000
51 45 45 0.10000000
51 46 46 0.10000000
51 47 47 0.10000000
51 48 32 2.00000000
51 48 37 2.00000000
51 48 38 2.00000000
51 48 39 2.00000000
51 48 40 2.00000000
51 48 45 1.00000000
51 48 46 1.00000000
51 48 47 1.00000000
51 48 48 0.10000000
51 49 32 2.00000000
51 49 33 2.00000000
51 49 38 2.00000000
51 49 39 2.00000000
51 49 40 2.00000000
51 49 41 2.00000000
51 49 46 1.00000000
51 49 47 1.00000000
51 49 49 0.10000000
51 50 32 2.00000000
51 50 33 2.00000000
51 50 34 2.00000000
51 50 39 2.00000000
51 50 40 2.00000000
51 50 41 2.00000000
51 50 42 2.00000000
51 50 47 1.00000000
51 50 50 0.10000000
51 51 32 2.00000000
51 51 33 2.00000000
51 51 34 2.00000000
51 51 35 2.00000000
51 51 40 2.00000000
51 51 41 2.00000000
51 51 42 2.00000000
51 51 43 2.00000000
51 51 51 0.10000000
51 52 33 2.00000000
51 52 34 2.00000000
51 52 35 2.00000000
51 52 36 2.00000000
51 52 41 2.00000000
51 52 42 2.00000000
51 52 43 2.00000000
51 52 44 2.00000000
51 52 52 0.10000000
51 53 34 2.00000000
51 53 35 2.00000000
51 53 36 2.00000000
51 53 37 2.00000000
51 53 42 2.00000000
51 53 43 2.00000000
51 53 44 2.00000000
51 53 45 2.00000000
51 53 53 0.10000000
51 54 35 2.00000000
51 54 36 2.00000000
51 54 37 2.00000000
51 54 38 2.00000000
51 54 43 2.00000000
51 54 44 2.00000000
51 54 45 2.00000000
51 54 46 2.00000000
51 54 54 0.10000000
51 55 36 2.00000000
51 55 37 2.00000000
51 55 38 2.00000000
51 55 39 2.00000000
51 55 44 2.00000000
51 55 45 2.00000000
51 55 46 2.00000000
51 55 47 2.00000000
51 55 55 0.10000000
51 56 45 1.00000000
51 56 46 1.00000000
51 56 47 1.00000000
51 56 48 2.00000000
51 56 53 2.00000000
51 56 54 2.00000000
51 56 55 2.00000000
51 56 56 2.10000000
51 56 61 1.00000000
51 56 62 1.00000000
51 56 63 1.00000000
51 57 46 1.00000000
51 57 47 1.00000000
51 57 48 2.00000000
51 57 49 2.00000000
51 57 54 2.00000000
51 57 55 2.00000000
51 57 56 2.00000000
51 57 57 2.10000000
51 57 62 1.00000000
51 57 63 1.00000000
51 58 47 1.00000000
51 58 48 2.00000000
51 58 49 2.00000000
51 58 50 2.00000000
51 58 55 2.00000000
51 58 56 2.00000000
51 58 57 2.00000000
51 58 58 2.10000000
51 58 63 1.00000000
51 59 48 2.00000000
51 59 49 2.00000000
51 59 50 2.00000000
51 59 51 2.00000000
51 59 56 2.00000000
51 59 57 2.00000000
51 59 58 2.00000000
51 59 59 2.10000000
51 60 49 2.00000000
51 60 50 2.00000000
51 60 51 2.00000000
51 60 52 2.00000000
51 60 57 2.00000000
51 60 58 2.00000000
51 60 59 2.00000000
51 60 60 2.10000000
51 61 50 2.00000000
51 61 51 2.00000000
51 61 52 2.00000000
51 61 53 2.00000000
51 61 58 2.00000000
51 61 59 2.00000000
51 61 60 2.00000000
51 61 61 2.10000000
51 62 51 2.00000000
51 62 52 2.00000000
51 62 53 2.00000000
51 62 54 2.00000000
51 62 59 2.00000000
51 62 60 2.00000000
51 62 61 2.00000000
51 62 62 2.10000000
51 63 52 2.00000000
51 63 53 2.00000000
51 63 54 2.00000000
51 63 55 2.00000000
51 63 60 2.00000000
51 63 61 2.00000000
51 63 62 2.00000000
51 63 63 2.10000000
52 0 0 2.10000000
52 0 5 2.00000000
52 0 6 2.00000000
52 0 7 2.00000000
52 0 8 2.00000000
52 0 13 1.00000000
52 0 14 1.00000000
52 0 15 1.00000000
52 1 0 2.00000000
52 1 1 2.10000000
52 1 6 2.00000000
52 1 7 2.00000000
52 1 8 2.00000000
52 1 9 2.00000000
52 1 14 1.00000000
52 1 15 1.00000000
52 2 0 2.00000000
52 2 1 2.00000000
52 2 2 2.10000000
52 2 7 2.00000000
52 2 8 2.00000000
52 2 9 2.00000000
52 2 10 2.00000000
52 2 15 1.00000000
52 3 0 2.00000000
52 3 1 2.00000000
52 3 2 2.00000000
52 3 3 2.10000000
52 3 8 2.00000000
52 3 9 2.00000000
52 3 10 2.00000000
52 3 11 2.00000000
52 4 1 2.00000000
52 4 2 2.00000000
52 4 3 2.00000000
52 4 4 2.10000000
52 4 9 2.00000000
52 4 10 2.00000000
52 4 11 2.00000000
52 4 12 2.00000000
52 5 2 2.00000000
52 5 3 2.00000000
52 5 4 2.00000000
52 5 5 2.10000000
52 5 10 2.00000000
52 5 11 2.00000000
52 5 12 2.00000000
52 5 13 2.00000000
52 6 3 2.00000000
52 6 4 2.00000000
52 6 5 2.00000000
52 6 6 2.10000000
52 6 11 2.00000000
52 6 12 2.00000000
52 6 13 2.00000000
52 6 14 2.00000000
52 7 4 2.00000000
52 7 5 2.00000000
52 7 6 2.00000000
52 7 7 2.10000000
52 7 12 2.00000000
52 7 13 2.00000000
52 7 14 2.00000000
52 7 15 2.00000000
52 8 8 0.10000000
52 8 13 1.00000000
52 8 14 1.00000000
52 8 15 1.00000000
52 8 16 2.00000000
52 8 21 2.00000000
52 8 22 2.00000000
52 8 23 2.00000000
52 8 24 2.00000000
52 8 29 1.00000000
52 8 30 1.00000000
52 8 31 1.00000000
52 9 9 0.10000000
52 9 14 1.00000000
52 9 15 1.00000000
52 9 16 2.00000000
52 9 17 2.00000000
52 9 22 2.00000000
52 9 23 2.00000000
52 9 24 2.00000000
52 9 25 2.00000000
52 9 30 1.00000000
52 9 31 1.00000000
52 10 10 0.10000000
52 10 15 1.00000000
52 10 16 2.00000000
52 10 17 2.00000000
52 10 18 2.00000000
52 10 23 2.00000000
52 10 24 2.00000000
52 10 25 2.00000000
52 10 26 2.00000000
52 10 31 1.00000000
52 11 11 0.10000000
52 11 16 2.00000000
52 11 17 2.00000000
52 11 18 2.00000000
52 11 19 2.00000000
52 11 24 2.00000000
52 11 25 2.00000000
52 11 26 2.00000000
52 11 27 2.00000000
52 12 12 0.10000000
52 12 17 2.00000000
52 12 18 2.00000000
52 12 19 2.00000000
52 12 20 2.00000000
52 12 25 2.00000000
52 12 26 2.00000000
52 12 27 2.00000000
52 12 28 2.00000000
52 13 13 0.10000000
52 13 18 2.00000000
52 13 19 2.00000000
52 13 20 2.00000000
52 13 21 2.00000000
52 13 26 2.00000000
52 13 27 2.00000000
52 13 28 2.00000000
52 13 29 2.00000000
52 14 14 0.10000000
52 14 19 2.00000000
52 14 20 2.00000000
52 14 21 2.00000000
52 14 22 2.00000000
52 14 27 2.00000000
52 14 28 2.00000000
52 14 29 2.00000000
52 14 30 2.00000000
52 15 15 0.10000000
52 15 20 2.00000000
52 15 21 2.00000000
52 15 22 2.00000000
52 15 23 2.00000000
52 15 28 2.00000000
52 15 29 2.00000000
52 15 30 2.00000000
52 15 31 2.00000000
52 16 16 0.10000000
52 16 29 1.00000000
52 16 30 1.00000000
52 16 31 1.00000000
52 17 17 0.10000000
52 17 30 1.00000000
52 17 31 1.00000000
52 18 18 0.10000000
52 18 31 1.00000000
52 19 19 0.10000000
52 20 20 0.10000000
52 21 21 0.10000000
52 22 22 0.10000000
52 23 23 0.10000000
52 24 24 0.10000000
52 25 25 0.10000000
52 26 26 0.10000000
52 27 27 0.10000000
52 28 28 0.10000000
52 29 29 0.10000000
52 30 30 0.10000000
52 31 31 0.10000000
53 16 32 2.00000000
53 16 37 2.00000000
53 16 38 2.00000000
53 16 39 2.00000000
53 16 40 2.00000000
53 16 45 1.00000000
53 16 46 1.00000000
53 16 47 1.00000000
53 17 32 2.00000000
53 17 33 2.00000000
53 17 38 2.00000000
53 17 39 2.00000000
53 17 40 2.00000000
53 17 41 2.00000000
53 17 46 1.00000000
53 17 47 1.00000000
53 18 32 2.00000000
53 18 33 2.00000000
53 18 34 2.00000000
53 18 39 2.00000000
53 18 40 2.00000000
53 18 41 2.00000000
53 18 42 2.00000000
53 18 47 1.00000000
53 19 32 2.00000000
53 19 33 2.00000000
53 19 34 2.00000000
53 19 35 2.00000000
53 19 40 2.00000000
53 19 41 2.00000000
53 19 42 2.00000000
53 19 43 2.00000000
53 20 33 2.00000000
53 20 34 2.00000000
53 20 35 2.00000000
53 20 36 2.00000000
53 20 41 2.00000000
53 20 42 2.00000000
53 20 43 2.00000000
53 20 44 2.00000000
53 21 34 2.00000000
53 21 35 2.00000000
53 21 36 2.00000000
53 21 37 2.00000000
53 21 42 2.00000000
53 21 43 2.00000000
53 21 44 2.00000000
53 21 45 2.00000000
53 22 35 2.00000000
53 22 36 2.00000000
53 22 37 2.00000000
53 22 38 2.00000000
53 22 43 2.00000000
53 22 44 2.00000000
53 22 45 2.00000000
53 22 46 2.00000000
53 23 36 2.00000000
53 23 37 2.00000000
53 23 38 2.00000000
53 23 39 2.00000000
53 23 44 2.00000000
53 23 45 2.00000000
53 23 46 2.00000000
53 23 47 2.00000000
53 24 45 1.00000000
53 24 46 1.00000000
53 24 47 1.00000000
53 24 48 2.00000000
53 24 53 2.00000000
53 24 54 2.00000000
53 24 55 2.00000000
53 24 56 2.00000000
53 24 61 1.00000000
53 24 62 1.00000000
53 24 63 1.00000000
53 25 46 1.00000000
53 25 47 1.00000000
53 25 48 2.00000000
53 25 49 2.00000000
53 25 54 2.00000000
53 25 55 2.00000000
53 25 56 2.00000000
53 25 57 2.00000000
53 25 62 1.00000000
53 25 63 1.00000000
53 26 47 1.00000000
53 26 48 2.00000000
53 26 49 2.00000000
53 26 50 2.00000000
53 26 55 2.00000000
53 26 56 2.00000000
53 26 57 2.00000000
53 26 58 2.00000000
53 26 63 1.00000000
53 27 48 2.00000000
53 27 49 2.00000000
53 27 50 2.00000000
53 27 51 2.00000000
53 27 56 2.00000000
53 27 57 2.00000000
53 27 58 2.00000000
53 27 59 2.00000000
53 28 49 2.00000000
53 28 50 2.00000000
53 28 51 2.00000000
53 28 52 2.00000000
53 28 57 2.00000000
53 28 58 2.00000000
53 28 59 2.00000000
53 28 60 2.00000000
53 29 50 2.00000000
53 29 51 2.00000000
53 29 52 2.00000000
53 29 53 2.00000000
53 29 58 2.00000000
53 29 59 2.00000000
53 29 60 2.00000000
53 29 61 2.00000000
53 30 51 2.00000000
53 30 52 2.00000000
53 30 53 2.00000000
53 30 54 2.00000000
53 30 59 2.00000000
53 30 60 2.00000000
53 30 61 2.00000000
53 30 62 2.00000000
53 31 52 2.00000000
53 31 53 2.00000000
53 31 54 2.00000000
53 31 55 2.00000000
53 31 60 2.00000000
53 31 61 2.00000000
53 31 62 2.00000000
53 31 63 2.00000000
53 32 32 0.10000000
53 32 61 1.00000000
53 32 62 1.00000000
53 32 63 1.00000000
53 33 33 0.10000000
53 33 62 1.00000000
53 33 63 1.00000000
53 34 34 0.10000000
53 34 63 1.00000000
53 35 35 0.10000000
53 36 36 0.10000000
53 37 37 0.10000000
53 38 38 0.10000000
53 39 39 0.10000000
53 40 40 0.10000000
53 41 41 0.10000000
53 42 42 0.10000000
53 43 43 0.10000000
53 44 44 0.10000000
53 45 45 0.10000000
53 46 46 0.10000000
53 47 47 0.10000000
53 48 48 0.10000000
53 49 49 0.10000000
53 50 50 0.10000000
53 51 51 0.10000000
53 52 52 0.10000000
53 53 53 0.10000000
53 54 54 0.10000000
53 55 55 0.10000000
53 56 56 0.10000000
53 57 57 0.10000000
53 58 58 0.10000000
53 59 59 0.10000000
53 60 60 0.10000000
53 61 61 0.10000000
53 62 62 0.10000000
53 63 63 0.10000000
54 0 0 0.10000000
54 1 1 0.10000000
54 2 2 0.10000000
54 3 3 0.10000000
54 4 4 0.10000000
54 5 5 0.10000000
54 6 6 0.10000000
54 7 7 0.10000000
54 8 8 0.10000000
54 9 9 0.10000000
54 10 10 0.10000000
54 11 11 0.10000000
54 12 12 0.10000000
54 13 13 0.10000000
54 14 14 0.10000000
54 15 15 0.10000000
54 16 16 0.10000000
54 17 17 0.10000000
54 18 18 0.10000000
54 19 19 0.10000000
54 20 20 0.10000000
54 21 21 0.10000000
54 22 22 0.10000000
54 23 23 0.10000000
54 24 24 0.10000000
54 25 25 0.10000000
54 26 26 0.10000000
54 27 27 0.10000000
54 28 28 0.10000000
54 29 29 0.10000000
54 30 30 0.10000000
54 31 31 0.10000000
54 32 0 2.00000000
54 32 5 2.00000000
54 32 6 2.00000000
54 32 7 2.00000000
54 32 8 2.00000000
54 32 13 1.00000000
54 32 14 1.00000000
54 32 15 1.00000000
54 33 0 2.00000000
54 33 1 2.00000000
54 33 6 2.00000000
54 33 7 2.00000000
54 33 8 2.00000000
54 33 9 2.00000000
54 33 14 1.00000000
54 33 15 1.00000000
54 34 0 2.00000000
54 34 1 2.00000000
54 34 2 2.00000000
54 34 7 2.00000000
54 34 8 2.00000000
54 34 9 2.00000000
54 34 10 2.00000000
54 34 15 1.00000000
54 35 0 2.00000000
54 35 1 2.00000000
54 35 2 2.00000000
54 35 3 2.00000000
54 35 8 2.00000000
54 35 9 2.00000000
54 35 10 2.00000000
54 35 11 2.00000000
54 36 1 2.00000000
54 36 2 2.00000000
54 36 3 2.00000000
54 36 4 2.00000000
54 36 9 2.00000000
54 36 10 2.00000000
54 36 11 2.00000000
54 36 12 2.00000000
54 37 2 2.00000000
54 37 3 2.00000000
54 37 4 2.00000000
54 37 5 2.00000000
54 37 10 2.00000000
54 37 11 2.00000000
54 37 12 2.00000000
54 37 13 2.00000000
54 38 3 2.00000000
54 38 4 2.00000000
54 38 5 2.00000000
54 38 6 2.00000000
54 38 11 2.00000000
54 38 12 2.00000000
54 38 13 2.00000000
54 38 14 2.00000000
54 39 4 2.00000000
54 39 5 2.00000000
54 39 6 2.00000000
54 39 7 2.00000000
54 39 12 2.00000000
54 39 13 2.00000000
54 39 14 2.00000000
54 39 15 2.00000000
54 40 13 1.00000000
54 40 14 1.00000000
54 40 15 1.00000000
54 40 16 2.00000000
54 40 21 2.00000000
54 40 22 2.00000000
54 40 23 2.00000000
54 40 24 2.00000000
54 40 29 1.00000000
54 40 30 1.00000000
54 40 31 1.00000000
54 41 14 1.00000000
54 41 15 1.00000000
54 41 16 2.00000000
54 41 17 2.00000000
54 41 22 2.00000000
54 41 23 2.00000000
54 41 24 2.00000000
54 41 25 2.00000000
54 41 30 1.00000000
54 41 31 1.00000000
54 42 15 1.00000000
54 42 16 2.00000000
54 42 17 2.00000000
54 42 18 2.00000000
54 42 23 2.00000000
54 42 24 2.00000000
54 42 25 2.00000000
54 42 26 2.00000000
54 42 31 1.00000000
54 43 16 2.00000000
54 43 17 2.00000000
54 43 18 2.00000000
54 43 19 2.00000000
54 43 24 2.00000000
54 43 25 2.00000000
54 43 26 2.00000000
54 43 27 2.00000000
54 44 17 2.00000000
54 44 18 2.00000000
54 44 19 2.00000000
54 44 20 2.00000000
54 44 25 2.00000000
54 44 26 2.00000000
54 44 27 2.00000000
54 44 28 2.00000000
54 45 18 2.00000000
54 45 19 2.00000000
54 45 20 2.00000000
54 45 21 2.00000000
54 45 26 2.00000000
54 45 27 2.00000000
54 45 28 2.00000000
54 45 29 2.00000000
54 46 19 2.00000000
54 46 20 2.00000000
54 46 21 2.00000000
54 46 22 2.00000000
54 46 27 2.00000000
54 46 28 2.00000000
54 46 29 2.00000000
54 46 30 2.00000000
54 47 20 2.00000000
54 47 21 2.00000000
54 47 22 2.00000000
54 47 23 2.00000000
54 47 28 2.00000000
54 47 29 2.00000000
54 47 30 2.00000000
54 47 31 2.00000000
54 48 29 1.00000000
54 48 30 1.00000000
54 48 31 1.00000000
54 49 30 1.00000000
54 49 31 1.00000000
54 50 31 1.00000000
55 0 61 1.00000000
55 0 62 1.00000000
55 0 63 1.00000000
55 1 62 1.00000000
55 1 63 1.00000000
55 2 63 1.00000000
55 32 32 0.10000000
55 33 33 0.10000000
55 34 34 0.10000000
55 35 35 0.10000000
55 36 36 0.10000000
55 37 37 0.10000000
55 38 38 0.10000000
55 39 39 0.10000000
55 40 40 0.10000000
55 41 41 0.10000000
55 42 42 0.10000000
55 43 43 0.10000000
55 44 44 0.10000000
55 45 45 0.10000000
55 46 46 0.10000000
55 47 47 0.10000000
55 48 32 2.00000000
55 48 37 2.00000000
55 48 38 2.00000000
55 48 39 2.00000000
55 48 40 2.00000000
55 48 45 1.00000000
55 48 46 1.00000000
55 48 47 1.00000000
55 48 48 0.10000000
55 49 32 2.00000000
55 49 33 2.00000000
55 49 38 2.00000000
55 49 39 2.00000000
55 49 40 2.00000000
55 49 41 2.00000000
55 49 46 1.00000000
55 49 47 1.00000000
55 49 49 0.10000000
55 50 32 2.00000000
55 50 33 2.00000000
55 50 34 2.00000000
55 50 39 2.00000000
55 50 40 2.00000000
55 50 41 2.00000000
55 50 42 2.00000000
55 50 47 1.00000000
55 50 50 0.10000000
55 51 32 2.00000000
55 51 33 2.00000000
55 51 34 2.00000000
55 51 35 2.00000000
55 51 40 2.00000000
55 51 41 2.00000000
55 51 42 2.00000000
55 51 43 2.00000000
55 51 51 0.10000000
55 52 33 2.00000000
55 52 34 2.00000000
55 52 35 2.00000000
55 52 36 2.00000000
55 52 41 2.00000000
55 52 42 2.00000000
55 52 43 2.00000000
55 52 44 2.00000000
55 52 52 0.10000000
55 53 34 2.00000000
55 53 35 2.00000000
55 53 36 2.00000000
55 53 37 2.00000000
55 53 42 2.00000000
55 53 43 2.00000000
55 53 44 2.00000000
55 53 45 2.00000000
55 53 53 0.10000000
55 54 35 2.00000000
55 54 36 2.00000000
55 54 37 2.00000000
55 54 38 2.00000000
55 54 43 2.00000000
55 54 44 2.00000000
55 54 45 2.00000000
55 54 46 2.00000000
55 54 54 0.10000000
55 55 36 2.00000000
55 55 37 2.00000000
55 55 38 2.00000000
55 55 39 2.00000000
55 55 44 2.00000000
55 55 45 2.00000000
55 55 46 2.00000000
55 55 47 2.00000000
55 55 55 0.10000000
55 56 45 1.00000000
55 56 46 1.00000000
55 56 47 1.00000000
55 56 48 2.00000000
55 56 53 2.00000000
55 56 54 2.00000000
55 56 55 2.00000000
55 56 56 2.10000000
55 56 61 1.00000000
55 56 62 1.00000000
55 56 63 1.00000000
55 57 46 1.00000000
55 57 47 1.00000000
55 57 48 2.00000000
55 57 49 2.00000000
55 57 54 2.00000000
55 57 55 2.00000000
55 57 56 2.00000000
55 57 57 2.10000000
55 57 62 1.00000000
55 57 63 1.00000000
55 58 47 1.00000000
55 58 48 2.00000000
55 58 49 2.00000000
55 58 50 2.00000000
55 58 55 2.00000000
55 58 56 2.00000000
55 58 57 2.00000000
55 58 58 2.10000000
55 58 63 1.00000000
55 59 48 2.00000000
55 59 49 2.00000000
55 59 50 2.00000000
55 59 51 2.00000000
55 59 56 2.00000000
55 59 57 2.00000000
55 59 58 2.00000000
55 59 59 2.10000000
55 60 49 2.00000000
55 60 50 2.00000000
55 60 51 2.00000000
55 60 52 2.00000000
55 60 57 2.00000000
55 60 58 2.00000000
55 60 59 2.00000000
55 60 60 2.10000000
55 61 50 2.00000000
55 61 51 2.00000000
55 61 52 2.00000000
55 61 53 2.00000000
55 61 58 2.00000000
55 61 59 2.00000000
55 61 60 2.00000000
55 61 61 2.10000000
55 62 51 2.00000000
55 62 52 2.00000000
55 62 53 2.00000000
55 62 54 2.00000000
55 62 59 2.00000000
55 62 60 2.00000000
55 62 61 2.00000000
55 62 62 2.10000000
55 63 52 2.00000000
55 63 53 2.00000000
55 63 54 2.00000000
55 63 55 2.00000000
55 63 60 2.00000000
55 63 61 2.00000000
55 63 62 2.00000000
55 63 63 2.10000000
56 0 0 60.45000000
56 0 1 18.75000000
56 0 2 18.75000000
56 0 3 18.75000000
56 0 4 20.75000000
56 0 5 18.75000000
56 0 6 18.75000000
56 0 7 18.75000000
56 0 8 4.00000000
56 0 12 2.00000000
56 0 16 4.00000000
56 0 20 2.00000000
56 0 24 4.00000000
56 0 28 2.00000000
56 0 32 4.00000000
56 0 36 2.00000000
56 0 40 2.00000000
56 1 0 56.25000000
56 1 1 56.45000000
56 1 2 18.75000000
56 1 3 18.75000000
56 1 4 18.75000000
56 1 5 18.75000000
56 1 6 18.75000000
56 1 7 18.75000000
56 2 0 56.25000000
56 2 1 56.25000000
56 2 2 56.45000000
56 2 3 18.75000000
56 2 4 18.75000000
56 2 5 18.75000000
56 2 6 18.75000000
56 2 7 18.75000000
56 3 0 56.25000000
56 3 1 56.25000000
56 3 2 56.25000000
56 3 3 56.45000000
56 3 4 18.75000000
56 3 5 18.75000000
56 3 6 18.75000000
56 3 7 18.75000000
56 4 0 56.25000000
56 4 1 56.25000000
56 4 2 56.25000000
56 4 3 56.25000000
56 4 4 37.60000000
56 4 5 18.75000000
56 4 6 18.75000000
56 4 7 18.75000000
56 4 8 18.75000000
56 5 0 56.25000000
56 5 1 56.25000000
56 5 2 56.25000000
56 5 3 56.25000000
56 5 4 37.50000000
56 5 5 37.60000000
56 5 6 18.75000000
56 5 7 18.75000000
56 5 8 18.75000000
56 5 9 18.75000000
56 6 0 56.25000000
56 6 1 56.25000000
56 6 2 56.25000000
56 6 3 56.25000000
56 6 4 37.50000000
56 6 5 37.50000000
56 6 6 37.60000000
56 6 7 18.75000000
56 6 8 18.75000000
56 6 9 18.75000000
56 6 10 18.75000000
56 7 0 56.25000000
56 7 1 60.25000000
56 7 2 56.25000000
56 7 3 56.25000000
56 7 4 37.50000000
56 7 5 39.50000000
56 7 6 37.50000000
56 7 7 37.60000000
56 7 8 18.75000000
56 7 9 22.75000000
56 7 10 18.75000000
56 7 11 18.75000000
56 7 13 2.00000000
56 7 17 4.00000000
56 7 21 2.00000000
56 7 25 4.00000000
56 7 29 2.00000000
56 7 33 4.00000000
56 7 37 2.00000000
56 7 41 2.00000000
56 8 0 18.75000000
56 8 1 56.25000000
56 8 2 56.25000000
56 8 3 56.25000000
56 8 4 18.75000000
56 8 5 18.75000000
56 8 6 18.75000000
56 8 7 18.75000000
56 8 8 56.45000000
56 8 9 56.25000000
56 8 10 56.25000000
56 8 11 56.25000000
56 8 12 37.50000000
56 8 13 18.75000000
56 8 14 18.75000000
56 8 15 18.75000000
56 8 16 18.75000000
56 9 0 18.75000000
56 9 1 18.75000000
56 9 2 56.25000000
56 9 3 56.25000000
56 9 4 18.75000000
56 9 5 18.75000000
56 9 6 18.75000000
56 9 7 18.75000000
56 9 8 56.25000000
56 9 9 56.45000000
56 9 10 56.25000000
56 9 11 56.25000000
56 9 12 37.50000000
56 9 13 37.50000000
56 9 14 18.75000000
56 9 15 18.75000000
56 9 16 18.75000000
56 9 17 18.75000000
56 10 0 18.75000000
56 10 1 18.75000000
56 10 2 18.75000000
56 10 3 56.25000000
56 10 4 18.75000000
56 10 5 18.75000000
56 10 6 18.75000000
56 10 7 18.75000000
56 10 8 56.25000000
56 10 9 56.25000000
56 10 10 56.45000000
56 10 11 56.25000000
56 10 12 37.50000000
56 10 13 37.50000000
56 10 14 37.50000000
56 10 15 18.75000000
56 10 16 18.75000000
56 10 17 18.75000000
56 10 18 18.75000000
56 11 0 18.75000000
56 11 1 18.75000000
56 11 2 18.75000000
56 11 3 18.75000000
56 11 4 18.75000000
56 11 5 18.75000000
56 11 6 18.75000000
56 11 7 18.75000000
56 11 8 56.25000000
56 11 9 56.25000000
56 11 10 56.25000000
56 11 11 56.45000000
56 11 12 37.50000000
56 11 13 37.50000000
56 11 14 37.50000000
56 11 15 37.50000000
56 11 16 18.75000000
56 11 17 18.75000000
56 11 18 18.75000000
56 11 19 18.75000000
56 12 0 18.75000000
56 12 1 18.75000000
56 12 2 18.75000000
56 12 3 18.75000000
56 12 5 18.75000000
56 12 6 18.75000000
56 12 7 18.75000000
56 12 8 56.25000000
56 12 9 56.25000000
56 12 10 56.25000000
56 12 11 56.25000000
56 12 12 37.60000000
56 12 13 37.50000000
56 12 14 37.50000000
56 12 15 37.50000000
56 12 16 18.75000000
56 12 17 18.75000000
56 12 18 18.75000000
56 12 19 18.75000000
56 12 20 18.75000000
56 13 0 18.75000000
56 13 1 18.75000000
56 13 2 18.75000000
56 13 3 18.75000000
56 13 6 18.75000000
56 13 7 18.75000000
56 13 8 56.25000000
56 13 9 56.25000000
56 13 10 56.25000000
56 13 11 56.25000000
56 13 12 37.50000000
56 13 13 37.60000000
56 13 14 37.50000000
56 13 15 37.50000000
56 13 16 18.75000000
56 13 17 18.75000000
56 13 18 18.75000000
56 13 19 18.75000000
56 13 20 18.75000000
56 13 21 18.75000000
56 14 0 18.75000000
56 14 1 18.75000000
56 14 2 18.75000000
56 14 3 18.75000000
56 14 7 18.75000000
56 14 8 56.25000000
56 14 9 56.25000000
56 14 10 56.25000000
56 14 11 56.25000000
56 14 12 37.50000000
56 14 13 37.50000000
56 14 14 37.60000000
56 14 15 37.50000000
56 14 16 18.75000000
56 14 17 18.75000000
56 14 18 18.75000000
56 14 19 18.75000000
56 14 20 18.75000000
56 14 21 18.75000000
56 14 22 18.75000000
56 15 0 18.75000000
56 15 1 18.75000000
56 15 2 18.75000000
56 15 3 18.75000000
56 15 8 56.25000000
56 15 9 56.25000000
56 15 10 56.25000000
56 15 11 56.25000000
56 15 12 37.50000000
56 15 13 37.50000000
56 15 14 37.50000000
56 15 15 37.60000000
56 15 16 18.75000000
56 15 17 18.75000000
56 15 18 18.75000000
56 15 19 18.75000000
56 15 20 18.75000000
56 15 21 18.75000000
56 15 22 18.75000000
56 15 23 18.75000000
56 16 8 18.75000000
56 16 9 18.75000000
56 16 10 18.75000000
56 16 11 18.75000000
56 16 13 18.75000000
56 16 14 18.75000000
56 16 15 18.75000000
56 16 16 56.45000000
56 16 17 56.25000000
56 16 18 56.25000000
56 16 19 56.25000000
56 16 20 37.50000000
56 16 21 37.50000000
56 16 22 37.50000000
56 16 23 37.50000000
56 16 24 18.75000000
56 16 25 18.75000000
56 16 26 18.75000000
56 16 27 18.75000000
56 16 28 18.75000000
56 17 8 18.75000000
56 17 9 18.75000000
56 17 10 18.75000000
56 17 11 18.75000000
56 17 14 18.75000000
56 17 15 18.75000000
56 17 16 56.25000000
56 17 17 56.45000000
56 17 18 56.25000000
56 17 19 56.25000000
56 17 20 37.50000000
56 17 21 37.50000000
56 17 22 37.50000000
56 17 23 37.50000000
56 17 24 18.75000000
56 17 25 18.75000000
56 17 26 18.75000000
56 17 27 18.75000000
56 17 28 18.75000000
56 17 29 18.75000000
56 18 8 18.75000000
56 18 9 18.75000000
56 18 10 18.75000000
56 18 11 18.75000000
56 18 15 18.75000000
56 18 16 56.25000000
56 18 17 56.25000000
56 18 18 56.45000000
56 18 19 56.25000000
56 18 20 37.50000000
56 18 21 37.50000000
56 18 22 37.50000000
56 18 23 37.50000000
56 18 24 18.75000000
56 18 25 18.75000000
56 18 26 18.75000000
56 18 27 18.75000000
56 18 28 18.75000000
56 18 29 18.75000000
56 18 30 18.75000000
56 19 8 18.75000000
56 19 9 18.75000000
56 19 10 18.75000000
56 19 11 18.75000000
56 19 16 56.25000000
56 19 17 56.25000000
56 19 18 56.25000000
56 19 19 56.45000000
56 19 20 37.50000000
56 19 21 37.50000000
56 19 22 37.50000000
56 19 23 37.50000000
56 19 24 18.75000000
56 19 25 18.75000000
56 19 26 18.75000000
56 19 27 18.75000000
56 19 28 18.75000000
56 19 29 18.75000000
56 19 30 18.75000000
56 19 31 18.75000000
56 20 9 18.75000000
56 20 10 18.75000000
56 20 11 18.75000000
56 20 16 56.25000000
56 20 17 56.25000000
56 20 18 56.25000000
56 20 19 56.25000000
56 20 20 18.85000000
56 20 21 37.50000000
56 20 22 37.50000000
56 20 23 37.50000000
56 20 24 56.25000000
56 20 25 18.75000000
56 20 26 18.75000000
56 20 27 18.75000000
56 20 28 18.75000000
56 20 29 18.75000000
56 20 30 18.75000000
56 20 31 18.75000000
56 21 10 18.75000000
56 21 11 18.75000000
56 21 16 56.25000000
56 21 17 56.25000000
56 21 18 56.25000000
56 21 19 56.25000000
56 21 20 18.75000000
56 21 21 18.85000000
56 21 22 37.50000000
56 21 23 37.50000000
56 21 24 56.25000000
56 21 25 56.25000000
56 21 26 18.75000000
56 21 27 18.75000000
56 21 28 18.75000000
56 21 29 18.75000000
56 21 30 18.75000000
56 21 31 18.75000000
56 22 11 18.75000000
56 22 16 56.25000000
56 22 17 56.25000000
56 22 18 56.25000000
56 22 19 56.25000000
56 22 20 18.75000000
56 22 21 18.75000000
56 22 22 18.85000000
56 22 23 37.50000000
56 22 24 56.25000000
56 22 25 56.25000000
56 22 26 56.25000000
56 22 27 18.75000000
56 22 28 18.75000000
56 22 29 18.75000000
56 22 30 18.75000000
56 22 31 18.75000000
56 23 16 56.25000000
56 23 17 56.25000000
56 23 18 56.25000000
56 23 19 56.25000000
56 23 20 18.75000000
56 23 21 18.75000000
56 23 22 18.75000000
56 23 23 18.85000000
56 23 24 56.25000000
56 23 25 56.25000000
56 23 26 56.25000000
56 23 27 56.25000000
56 23 28 18.75000000
56 23 29 18.75000000
56 23 30 18.75000000
56 23 31 18.75000000
56 24 17 18.75000000
56 24 18 18.75000000
56 24 19 18.75000000
56 24 24 56.45000000
56 24 25 56.25000000
56 24 26 56.25000000
56 24 27 56.25000000
56 24 28 18.75000000
56 24 29 37.50000000
56 24 30 37.50000000
56 24 31 37.50000000
56 24 32 56.25000000
56 24 33 18.75000000
56 24 34 18.75000000
56 24 35 18.75000000
56 24 36 18.75000000
56 24 37 18.75000000
56 24 38 18.75000000
56 24 39 18.75000000
56 25 18 18.75000000
56 25 19 18.75000000
56 25 24 56.25000000
56 25 25 56.45000000
56 25 26 56.25000000
56 25 27 56.25000000
56 25 28 18.75000000
56 25 29 18.75000000
56 25 30 37.50000000
56 25 31 37.50000000
56 25 32 56.25000000
56 25 33 56.25000000
56 25 34 18.75000000
56 25 35 18.75000000
56 25 36 18.75000000
56 25 37 18.75000000
56 25 38 18.75000000
56 25 39 18.75000000
56 26 19 18.75000000
56 26 24 56.25000000
56 26 25 56.25000000
56 26 26 56.45000000
56 26 27 56.25000000
56 26 28 18.75000000
56 26 29 18.75000000
56 26 30 18.75000000
56 26 31 37.50000000
56 26 32 56.25000000
56 26 33 56.25000000
56 26 34 56.25000000
56 26 35 18.75000000
56 26 36 18.75000000
56 26 37 18.75000000
56 26 38 18.75000000
56 26 39 18.75000000
56 27 24 56.25000000
56 27 25 56.25000000
56 27 26 56.25000000
56 27 27 56.45000000
56 27 28 18.75000000
56 27 29 18.75000000
56 27 30 18.75000000
56 27 31 18.75000000
56 27 32 56.25000000
56 27 33 56.25000000
56 27 34 56.25000000
56 27 35 56.25000000
56 27 36 18.75000000
56 27 37 18.75000000
56 27 38 18.75000000
56 27 39 18.75000000
56 28 24 18.75000000
56 28 25 56.25000000
56 28 26 56.25000000
56 28 27 56.25000000
56 28 28 18.85000000
56 28 29 18.75000000
56 28 30 18.75000000
56 28 31 18.75000000
56 28 32 56.25000000
56 28 33 56.25000000
56 28 34 56.25000000
56 28 35 56.25000000
56 28 36 37.50000000
56 28 37 18.75000000
56 28 38 18.75000000
56 28 39 18.75000000
56 28 40 18.75000000
56 29 24 18.75000000
56 29 25 18.75000000
56 29 26 56.25000000
56 29 27 56.25000000
56 29 28 18.75000000
56 29 29 18.85000000
56 29 30 18.75000000
56 29 31 18.75000000
56 29 32 56.25000000
56 29 33 56.25000000
56 29 34 56.25000000
56 29 35 56.25000000
56 29 36 37.50000000
56 29 37 37.50000000
56 29 38 18.75000000
56 29 39 18.75000000
56 29 40 18.75000000
56 29 41 18.75000000
56 30 24 18.75000000
56 30 25 18.75000000
56 30 26 18.75000000
56 30 27 56.25000000
56 30 28 18.75000000
56 30 29 18.75000000
56 30 30 18.85000000
56 30 31 18.75000000
56 30 32 56.25000000
56 30 33 56.25000000
56 30 34 56.25000000
56 30 35 56.25000000
56 30 36 37.50000000
56 30 37 37.50000000
56 30 38 37.50000000
56 30 39 18.75000000
56 30 40 18.75000000
56 30 41 18.75000000
56 30 42 18.75000000
56 31 24 18.75000000
56 31 25 18.75000000
56 31 26 18.75000000
56 31 27 18.75000000
56 31 28 18.75000000
56 31 29 18.75000000
56 31 30 18.75000000
56 31 31 18.85000000
56 31 32 56.25000000
56 31 33 56.25000000
56 31 34 56.25000000
56 31 35 56.25000000
56 31 36 37.50000000
56 31 37 37.50000000
56 31 38 37.50000000
56 31 39 37.50000000
56 31 40 18.75000000
56 31 41 18.75000000
56 31 42 18.75000000
56 31 43 18.75000000
56 32 32 18.95000000
56 32 33 56.25000000
56 32 34 56.25000000
56 32 35 56.25000000
56 32 36 18.75000000
56 32 37 18.75000000
56 32 38 18.75000000
56 32 39 18.75000000
56 32 40 37.50000000
56 32 41 37.50000000
56 32 42 37.50000000
56 32 43 37.50000000
56 33 32 18.75000000
56 33 33 18.95000000
56 33 34 56.25000000
56 33 35 56.25000000
56 33 36 18.75000000
56 33 37 18.75000000
56 33 38 18.75000000
56 33 39 18.75000000
56 33 40 37.50000000
56 33 41 37.50000000
56 33 42 37.50000000
56 33 43 37.50000000
56 34 32 18.75000000
56 34 33 18.75000000
56 34 34 18.95000000
56 34 35 56.25000000
56 34 36 18.75000000
56 34 37 18.75000000
56 34 38 18.75000000
56 34 39 18.75000000
56 34 40 37.50000000
56 34 41 37.50000000
56 34 42 37.50000000
56 34 43 37.50000000
56 35 32 18.75000000
56 35 33 18.75000000
56 35 34 18.75000000
56 35 35 18.95000000
56 35 36 18.75000000
56 35 37 18.75000000
56 35 38 18.75000000
56 35 39 18.75000000
56 35 40 37.50000000
56 35 41 37.50000000
56 35 42 37.50000000
56 35 43 37.50000000
56 36 32 18.75000000
56 36 33 18.75000000
56 36 34 18.75000000
56 36 35 18.75000000
56 36 36 0.10000000
56 36 37 18.75000000
56 36 38 18.75000000
56 36 39 18.75000000
56 36 40 18.75000000
56 36 41 37.50000000
56 36 42 37.50000000
56 36 43 37.50000000
56 37 32 18.75000000
56 37 33 18.75000000
56 37 34 18.75000000
56 37 35 18.75000000
56 37 37 0.10000000
56 37 38 18.75000000
56 37 39 18.75000000
56 37 40 18.75000000
56 37 41 18.75000000
56 37 42 37.50000000
56 37 43 37.50000000
56 38 32 18.75000000
56 38 33 18.75000000
56 38 34 18.75000000
56 38 35 18.75000000
56 38 38 0.10000000
56 38 39 18.75000000
56 38 40 18.75000000
56 38 41 18.75000000
56 38 42 18.75000000
56 38 43 37.50000000
56 39 32 18.75000000
56 39 33 18.75000000
56 39 34 18.75000000
56 39 35 18.75000000
56 39 39 0.10000000
56 39 40 18.75000000
56 39 41 18.75000000
56 39 42 18.75000000
56 39 43 18.75000000
56 40 40 0.10000000
56 41 41 0.10000000
56 42 42 0.10000000
56 43 43 0.10000000
56 56 2 4.00000000
56 56 6 2.00000000
56 56 10 4.00000000
56 56 14 2.00000000
56 56 18 4.00000000
56 56 22 2.00000000
56 56 26 4.00000000
56 56 30 2.00000000
56 56 34 4.00000000
56 56 38 2.00000000
56 56 42 2.00000000
56 63 3 4.00000000
56 63 7 2.00000000
56 63 11 4.00000000
56 63 15 2.00000000
56 63 19 4.00000000
56 63 23 2.00000000
56 63 27 4.00000000
56 63 31 2.00000000
56 63 35 4.00000000
56 63 39 2.00000000
56 63 43 2.00000000
57 0 0 4.20000000
57 0 4 2.00000000
57 0 8 4.00000000
57 0 12 2.00000000
57 0 16 43.50000000
57 0 17 18.75000000
57 0 18 18.75000000
57 0 19 18.75000000
57 0 20 2.00000000
57 0 24 26.75000000
57 0 25 18.75000000
57 0 26 18.75000000
57 0 27 18.75000000
57 0 28 22.75000000
57 1 1 0.20000000
57 1 16 37.50000000
57 1 17 37.50000000
57 1 18 18.75000000
57 1 19 18.75000000
57 1 24 18.75000000
57 1 25 18.75000000
57 1 26 18.75000000
57 1 27 18.75000000
57 1 28 18.75000000
57 1 29 18.75000000
57 2 2 0.20000000
57 2 16 37.50000000
57 2 17 37.50000000
57 2 18 37.50000000
57 2 19 18.75000000
57 2 24 18.75000000
57 2 25 18.75000000
57 2 26 18.75000000
57 2 27 18.75000000
57 2 28 18.75000000
57 2 29 18.75000000
57 2 30 18.75000000
57 3 3 0.20000000
57 3 16 37.50000000
57 3 17 37.50000000
57 3 18 37.50000000
57 3 19 37.50000000
57 3 24 18.75000000
57 3 25 18.75000000
57 3 26 18.75000000
57 3 27 18.75000000
57 3 28 18.75000000
57 3 29 18.75000000
57 3 30 18.75000000
57 3 31 18.75000000
57 4 4 0.10000000
57 4 16 37.50000000
57 4 17 37.50000000
57 4 18 37.50000000
57 4 19 37.50000000
57 4 24 56.25000000
57 4 25 18.75000000
57 4 26 18.75000000
57 4 27 18.75000000
57 4 28 18.75000000
57 4 29 18.75000000
57 4 30 18.75000000
57 4 31 18.75000000
57 5 5 0.10000000
57 5 16 37.50000000
57 5 17 37.50000000
57 5 18 37.50000000
57 5 19 37.50000000
57 5 24 56.25000000
57 5 25 56.25000000
57 5 26 18.75000000
57 5 27 18.75000000
57 5 28 18.75000000
57 5 29 18.75000000
57 5 30 18.75000000
57 5 31 18.75000000
57 6 6 0.10000000
57 6 16 37.50000000
57 6 17 37.50000000
57 6 18 37.50000000
57 6 19 37.50000000
57 6 24 56.25000000
57 6 25 56.25000000
57 6 26 56.25000000
57 6 27 18.75000000
57 6 28 18.75000000
57 6 29 18.75000000
57 6 30 18.75000000
57 6 31 18.75000000
57 7 1 4.00000000
57 7 5 2.00000000
57 7 7 0.10000000
57 7 9 4.00000000
57 7 13 2.00000000
57 7 16 37.50000000
57 7 17 43.50000000
57 7 18 37.50000000
57 7 19 37.50000000
57 7 21 2.00000000
57 7 24 56.25000000
57 7 25 64.25000000
57 7 26 56.25000000
57 7 27 56.25000000
57 7 28 18.75000000
57 7 29 22.75000000
57 7 30 18.75000000
57 7 31 18.75000000
57 8 0 56.25000000
57 8 1 18.75000000
57 8 2 18.75000000
57 8 3 18.75000000
57 8 4 18.75000000
57 8 5 18.75000000
57 8 6 18.75000000
57 8 7 18.75000000
57 8 8 0.20000000
57 8 17 18.75000000
57 8 18 18.75000000
57 8 19 18.75000000
57 8 24 56.25000000
57 8 25 56.25000000
57 8 26 56.25000000
57 8 27 56.25000000
57 8 28 18.75000000
57 8 29 37.50000000
57 8 30 37.50000000
57 8 31 37.50000000
57 9 0 56.25000000
57 9 1 56.25000000
57 9 2 18.75000000
57 9 3 18.75000000
57 9 4 18.75000000
57 9 5 18.75000000
57 9 6 18.75000000
57 9 7 18.75000000
57 9 9 0.20000000
57 9 18 18.75000000
57 9 19 18.75000000
57 9 24 56.25000000
57 9 25 56.25000000
57 9 26 56.25000000
57 9 27 56.25000000
57 9 28 18.75000000
57 9 29 18.75000000
57 9 30 37.50000000
57 9 31 37.50000000
57 10 0 56.25000000
57 10 1 56.25000000
57 10 2 56.25000000
57 10 3 18.75000000
57 10 4 18.75000000
57 10 5 18.75000000
57 10 6 18.75000000
57 10 7 18.75000000
57 10 10 0.20000000
57 10 19 18.75000000
57 10 24 56.25000000
57 10 25 56.25000000
57 10 26 56.25000000
57 10 27 56.25000000
57 10 28 18.75000000
57 10 29 18.75000000
57 10 30 18.75000000
57 10 31 37.50000000
57 11 0 56.25000000
57 11 1 56.25000000
57 11 2 56.25000000
57 11 3 56.25000000
57 11 4 18.75000000
57 11 5 18.75000000
57 11 6 18.75000000
57 11 7 18.75000000
57 11 11 0.20000000
57 11 24 56.25000000
57 11 25 56.25000000
57 11 26 56.25000000
57 11 27 56.25000000
57 11 28 18.75000000
57 11 29 18.75000000
57 11 30 18.75000000
57 11 31 18.75000000
57 12 0 56.25000000
57 12 1 56.25000000
57 12 2 56.25000000
57 12 3 56.25000000
57 12 4 37.50000000
57 12 5 18.75000000
57 12 6 18.75000000
57 12 7 18.75000000
57 12 8 18.75000000
57 12 12 0.10000000
57 12 24 18.75000000
57 12 25 56.25000000
57 12 26 56.25000000
57 12 27 56.25000000
57 12 28 18.75000000
57 12 29 18.75000000
57 12 30 18.75000000
57 12 31 18.75000000
57 13 0 56.25000000
57 13 1 56.25000000
57 13 2 56.25000000
57 13 3 56.25000000
57 13 4 37.50000000
57 13 5 37.50000000
57 13 6 18.75000000
57 13 7 18.75000000
57 13 8 18.75000000
57 13 9 18.75000000
57 13 13 0.10000000
57 13 24 18.75000000
57 13 25 18.75000000
57 13 26 56.25000000
57 13 27 56.25000000
57 13 28 18.75000000
57 13 29 18.75000000
57 13 30 18.75000000
57 13 31 18.75000000
57 14 0 56.25000000
57 14 1 56.25000000
57 14 2 56.25000000
57 14 3 56.25000000
57 14 4 37.50000000
57 14 5 37.50000000
57 14 6 37.50000000
57 14 7 18.75000000
57 14 8 18.75000000
57 14 9 18.75000000
57 14 10 18.75000000
57 14 14 0.10000000
57 14 24 18.75000000
57 14 25 18.75000000
57 14 26 18.75000000
57 14 27 56.25000000
57 14 28 18.75000000
57 14 29 18.75000000
57 14 30 18.75000000
57 14 31 18.75000000
57 15 0 56.25000000
57 15 1 56.25000000
57 15 2 56.25000000
57 15 3 56.25000000
57 15 4 37.50000000
57 15 5 37.50000000
57 15 6 37.50000000
57 15 7 37.50000000
57 15 8 18.75000000
57 15 9 18.75000000
57 15 10 18.75000000
57 15 11 18.75000000
57 15 15 0.10000000
57 15 24 18.75000000
57 15 25 18.75000000
57 15 26 18.75000000
57 15 27 18.75000000
57 15 28 18.75000000
57 15 29 18.75000000
57 15 30 18.75000000
57 15 31 18.75000000
57 16 0 18.75000000
57 16 1 56.25000000
57 16 2 56.25000000
57 16 3 56.25000000
57 16 4 18.75000000
57 16 5 18.75000000
57 16 6 18.75000000
57 16 7 18.75000000
57 16 8 56.25000000
57 16 9 56.25000000
57 16 10 56.25000000
57 16 11 56.25000000
57 16 12 37.50000000
57 16 13 18.75000000
57 16 14 18.75000000
57 16 15 18.75000000
57 16 16 19.05000000
57 17 0 18.75000000
57 17 1 18.75000000
57 17 2 56.25000000
57 17 3 56.25000000
57 17 4 18.75000000
57 17 5 18.75000000
57 17 6 18.75000000
57 17 7 18.75000000
57 17 8 56.25000000
57 17 9 56.25000000
57 17 10 56.25000000
57 17 11 56.25000000
57 17 12 37.50000000
57 17 13 37.50000000
57 17 14 18.75000000
57 17 15 18.75000000
57 17 16 18.75000000
57 17 17 19.05000000
57 18 0 18.75000000
57 18 1 18.75000000
57 18 2 18.75000000
57 18 3 56.25000000
57 18 4 18.75000000
57 18 5 18.75000000
57 18 6 18.75000000
57 18 7 18.75000000
57 18 8 56.25000000
57 18 9 56.25000000
57 18 10 56.25000000
57 18 11 56.25000000
57 18 12 37.50000000
57 18 13 37.50000000
57 18 14 37.50000000
57 18 15 18.75000000
57 18 16 18.75000000
57 18 17 18.75000000
57 18 18 19.05000000
57 19 0 18.75000000
57 19 1 18.75000000
57 19 2 18.75000000
57 19 3 18.75000000
57 19 4 18.75000000
57 19 5 18.75000000
57 19 6 18.75000000
57 19 7 18.75000000
57 19 8 56.25000000
57 19 9 56.25000000
57 19 10 56.25000000
57 19 11 56.25000000
57 19 12 37.50000000
57 19 13 37.50000000
57 19 14 37.50000000
57 19 15 37.50000000
57 19 16 18.75000000
57 19 17 18.75000000
57 19 18 18.75000000
57 19 19 19.05000000
57 20 0 18.75000000
57 20 1 18.75000000
57 20 2 18.75000000
57 20 3 18.75000000
57 20 5 18.75000000
57 20 6 18.75000000
57 20 7 18.75000000
57 20 8 56.25000000
57 20 9 56.25000000
57 20 10 56.25000000
57 20 11 56.25000000
57 20 12 37.50000000
57 20 13 37.50000000
57 20 14 37.50000000
57 20 15 37.50000000
57 20 16 18.75000000
57 20 17 18.75000000
57 20 18 18.75000000
57 20 19 18.75000000
57 20 20 18.85000000
57 21 0 18.75000000
57 21 1 18.75000000
57 21 2 18.75000000
57 21 3 18.75000000
57 21 6 18.75000000
57 21 7 18.75000000
57 21 8 56.25000000
57 21 9 56.25000000
57 21 10 56.25000000
57 21 11 56.25000000
57 21 12 37.50000000
57 21 13 37.50000000
57 21 14 37.50000000
57 21 15 37.50000000
57 21 16 18.75000000
57 21 17 18.75000000
57 21 18 18.75000000
57 21 19 18.75000000
57 21 20 18.75000000
57 21 21 18.85000000
57 22 0 18.75000000
57 22 1 18.75000000
57 22 2 18.75000000
57 22 3 18.75000000
57 22 7 18.75000000
57 22 8 56.25000000
57 22 9 56.25000000
57 22 10 56.25000000
57 22 11 56.25000000
57 22 12 37.50000000
57 22 13 37.50000000
57 22 14 37.50000000
57 22 15 37.50000000
57 22 16 18.75000000
57 22 17 18.75000000
57 22 18 18.75000000
57 22 19 18.75000000
57 22 20 18.75000000
57 22 21 18.75000000
57 22 22 18.85000000
57 23 0 18.75000000
57 23 1 18.75000000
57 23 2 18.75000000
57 23 3 18.75000000
57 23 8 56.25000000
57 23 9 56.25000000
57 23 10 56.25000000
57 23 11 56.25000000
57 23 12 37.50000000
57 23 13 37.50000000
57 23 14 37.50000000
57 23 15 37.50000000
57 23 16 18.75000000
57 23 17 18.75000000
57 23 18 18.75000000
57 23 19 18.75000000
57 23 20 18.75000000
57 23 21 18.75000000
57 23 22 18.75000000
57 23 23 18.85000000
57 24 8 18.75000000
57 24 9 18.75000000
57 24 10 18.75000000
57 24 11 18.75000000
57 24 13 18.75000000
57 24 14 18.75000000
57 24 15 18.75000000
57 24 16 56.25000000
57 24 17 56.25000000
57 24 18 56.25000000
57 24 19 56.25000000
57 24 20 37.50000000
57 24 21 37.50000000
57 24 22 37.50000000
57 24 23 37.50000000
57 24 24 19.15000000
57 24 25 18.75000000
57 24 26 18.75000000
57 24 27 18.75000000
57 24 28 18.75000000
57 25 8 18.75000000
57 25 9 18.75000000
57 25 10 18.75000000
57 25 11 18.75000000
57 25 14 18.75000000
57 25 15 18.75000000
57 25 16 56.25000000
57 25 17 56.25000000
57 25 18 56.25000000
57 25 19 56.25000000
57 25 20 37.50000000
57 25 21 37.50000000
57 25 22 37.50000000
57 25 23 37.50000000
57 25 24 18.75000000
57 25 25 19.15000000
57 25 26 18.75000000
57 25 27 18.75000000
57 25 28 18.75000000
57 25 29 18.75000000
57 26 8 18.75000000
57 26 9 18.75000000
57 26 10 18.75000000
57 26 11 18.75000000
57 26 15 18.75000000
57 26 16 56.25000000
57 26 17 56.25000000
57 26 18 56.25000000
57 26 19 56.25000000
57 26 20 37.50000000
57 26 21 37.50000000
57 26 22 37.50000000
57 26 23 37.50000000
57 26 24 18.75000000
57 26 25 18.75000000
57 26 26 19.15000000
57 26 27 18.75000000
57 26 28 18.75000000
57 26 29 18.75000000
57 26 30 18.75000000
57 27 8 18.75000000
57 27 9 18.75000000
57 27 10 18.75000000
57 27 11 18.75000000
57 27 16 56.25000000
57 27 17 56.25000000
57 27 18 56.25000000
57 27 19 56.25000000
57 27 20 37.50000000
57 27 21 37.50000000
57 27 22 37.50000000
57 27 23 37.50000000
57 27 24 18.75000000
57 27 25 18.75000000
57 27 26 18.75000000
57 27 27 19.15000000
57 27 28 18.75000000
57 27 29 18.75000000
57 27 30 18.75000000
57 27 31 18.75000000
57 28 9 18.75000000
57 28 10 18.75000000
57 28 11 18.75000000
57 28 16 56.25000000
57 28 17 56.25000000
57 28 18 56.25000000
57 28 19 56.25000000
57 28 20 18.75000000
57 28 21 37.50000000
57 28 22 37.50000000
57 28 23 37.50000000
57 28 24 56.25000000
57 28 25 18.75000000
57 28 26 18.75000000
57 28 27 18.75000000
57 28 28 18.95000000
57 28 29 18.75000000
57 28 30 18.75000000
57 28 31 18.75000000
57 29 10 18.75000000
57 29 11 18.75000000
57 29 16 56.25000000
57 29 17 56.25000000
57 29 18 56.25000000
57 29 19 56.25000000
57 29 20 18.75000000
57 29 21 18.75000000
57 29 22 37.50000000
57 29 23 37.50000000
57 29 24 56.25000000
57 29 25 56.25000000
57 29 26 18.75000000
57 29 27 18.75000000
57 29 28 18.75000000
57 29 29 18.95000000
57 29 30 18.75000000
57 29 31 18.75000000
57 30 11 18.75000000
57 30 16 56.25000000
57 30 17 56.25000000
57 30 18 56.25000000
57 30 19 56.25000000
57 30 20 18.75000000
57 30 21 18.75000000
57 30 22 18.75000000
57 30 23 37.50000000
57 30 24 56.25000000
57 30 25 56.25000000
57 30 26 56.25000000
57 30 27 18.75000000
57 30 28 18.75000000
57 30 29 18.75000000
57 30 30 18.95000000
57 30 31 18.75000000
57 31 16 56.25000000
57 31 17 56.25000000
57 31 18 56.25000000
57 31 19 56.25000000
57 31 20 18.75000000
57 31 21 18.75000000
57 31 22 18.75000000
57 31 23 18.75000000
57 31 24 56.25000000
57 31 25 56.25000000
57 31 26 56.25000000
57 31 27 56.25000000
57 31 28 18.75000000
57 31 29 18.75000000
57 31 30 18.75000000
57 31 31 18.95000000
57 32 17 18.75000000
57 32 18 18.75000000
57 32 19 18.75000000
57 32 24 56.25000000
57 32 25 56.25000000
57 32 26 56.25000000
57 32 27 56.25000000
57 32 28 18.75000000
57 32 29 37.50000000
57 32 30 37.50000000
57 32 31 37.50000000
57 33 18 18.75000000
57 33 19 18.75000000
57 33 24 56.25000000
57 33 25 56.25000000
57 33 26 56.25000000
57 33 27 56.25000000
57 33 28 18.75000000
57 33 29 18.75000000
57 33 30 37.50000000
57 33 31 37.50000000
57 34 19 18.75000000
57 34 24 56.25000000
57 34 25 56.25000000
57 34 26 56.25000000
57 34 27 56.25000000
57 34 28 18.75000000
57 34 29 18.75000000
57 34 30 18.75000000
57 34 31 37.50000000
57 35 24 56.25000000
57 35 25 56.25000000
57 35 26 56.25000000
57 35 27 56.25000000
57 35 28 18.75000000
57 35 29 18.75000000
57 35 30 18.75000000
57 35 31 18.75000000
57 36 24 18.75000000
57 36 25 56.25000000
57 36 26 56.25000000
57 36 27 56.25000000
57 36 28 18.75000000
57 36 29 18.75000000
57 36 30 18.75000000
57 36 31 18.75000000
57 37 24 18.75000000
57 37 25 18.75000000
57 37 26 56.25000000
57 37 27 56.25000000
57 37 28 18.75000000
57 37 29 18.75000000
57 37 30 18.75000000
57 37 31 18.75000000
57 38 24 18.75000000
57 38 25 18.75000000
57 38 26 18.75000000
57 38 27 56.25000000
57 38 28 18.75000000
57 38 29 18.75000000
57 38 30 18.75000000
57 38 31 18.75000000
57 39 24 18.75000000
57 39 25 18.75000000
57 39 26 18.75000000
57 39 27 18.75000000
57 39 28 18.75000000
57 39 29 18.75000000
57 39 30 18.75000000
57 39 31 18.75000000
57 56 2 4.00000000
57 56 6 2.00000000
57 56 10 4.00000000
57 56 14 2.00000000
57 56 18 6.00000000
57 56 22 2.00000000
57 56 26 8.00000000
57 56 30 4.00000000
57 63 3 4.00000000
57 63 7 2.00000000
57 63 11 4.00000000
57 63 15 2.00000000
57 63 19 6.00000000
57 63 23 2.00000000
57 63 27 8.00000000
57 63 31 4.00000000
58 0 0 4.20000000
58 0 4 2.00000000
58 0 8 24.75000000
58 0 9 18.75000000
58 0 10 18.75000000
58 0 11 18.75000000
58 0 12 41.50000000
58 0 13 18.75000000
58 0 14 18.75000000
58 0 15 18.75000000
58 0 16 24.75000000
58 0 20 4.00000000
58 0 24 4.00000000
58 0 28 2.00000000
58 1 1 0.20000000
58 1 8 18.75000000
58 1 9 18.75000000
58 1 10 18.75000000
58 1 11 18.75000000
58 1 12 37.50000000
58 1 13 37.50000000
58 1 14 18.75000000
58 1 15 18.75000000
58 1 16 18.75000000
58 1 17 18.75000000
58 2 2 0.20000000
58 2 8 18.75000000
58 2 9 18.75000000
58 2 10 18.75000000
58 2 11 18.75000000
58 2 12 37.50000000
58 2 13 37.50000000
58 2 14 37.50000000
58 2 15 18.75000000
58 2 16 18.75000000
58 2 17 18.75000000
58 2 18 18.75000000
58 3 3 0.20000000
58 3 8 18.75000000
58 3 9 18.75000000
58 3 10 18.75000000
58 3 11 18.75000000
58 3 12 37.50000000
58 3 13 37.50000000
58 3 14 37.50000000
58 3 15 37.50000000
58 3 16 18.75000000
58 3 17 18.75000000
58 3 18 18.75000000
58 3 19 18.75000000
58 4 4 0.10000000
58 4 8 37.50000000
58 4 9 18.75000000
58 4 10 18.75000000
58 4 11 18.75000000
58 4 12 37.50000000
58 4 13 37.50000000
58 4 14 37.50000000
58 4 15 37.50000000
58 4 16 18.75000000
58 4 17 18.75000000
58 4 18 18.75000000
58 4 19 18.75000000
58 4 20 18.75000000
58 5 5 0.10000000
58 5 8 37.50000000
58 5 9 37.50000000
58 5 10 18.75000000
58 5 11 18.75000000
58 5 12 37.50000000
58 5 13 37.50000000
58 5 14 37.50000000
58 5 15 37.50000000
58 5 16 18.75000000
58 5 17 18.75000000
58 5 18 18.75000000
58 5 19 18.75000000
58 5 20 18.75000000
58 5 21 18.75000000
58 6 6 0.10000000
58 6 8 37.50000000
58 6 9 37.50000000
58 6 10 37.50000000
58 6 11 18.75000000
58 6 12 37.50000000
58 6 13 37.50000000
58 6 14 37.50000000
58 6 15 37.50000000
58 6 16 18.75000000
58 6 17 18.75000000
58 6 18 18.75000000
58 6 19 18.75000000
58 6 20 18.75000000
58 6 21 18.75000000
58 6 22 18.75000000
58 7 1 4.00000000
58 7 5 2.00000000
58 7 7 0.10000000
58 7 8 37.50000000
58 7 9 43.50000000
58 7 10 37.50000000
58 7 11 37.50000000
58 7 12 37.50000000
58 7 13 41.50000000
58 7 14 37.50000000
58 7 15 37.50000000
58 7 16 18.75000000
58 7 17 24.75000000
58 7 18 18.75000000
58 7 19 18.75000000
58 7 20 18.75000000
58 7 21 22.75000000
58 7 22 18.75000000
58 7 23 18.75000000
58 7 25 4.00000000
58 7 29 2.00000000
58 8 8 19.05000000
58 8 9 18.75000000
58 8 10 18.75000000
58 8 11 18.75000000
58 8 13 18.75000000
58 8 14 18.75000000
58 8 15 18.75000000
58 8 16 56.25000000
58 8 17 56.25000000
58 8 18 56.25000000
58 8 19 56.25000000
58 8 20 37.50000000
58 8 21 37.50000000
58 8 22 37.50000000
58 8 23 37.50000000
58 8 24 18.75000000
58 8 25 18.75000000
58 8 26 18.75000000
58 8 27 18.75000000
58 8 28 18.75000000
58 9 8 18.75000000
58 9 9 19.05000000
58 9 10 18.75000000
58 9 11 18.75000000
58 9 14 18.75000000
58 9 15 18.75000000
58 9 16 56.25000000
58 9 17 56.25000000
58 9 18 56.25000000
58 9 19 56.25000000
58 9 20 37.50000000
58 9 21 37.50000000
58 9 22 37.50000000
58 9 23 37.50000000
58 9 24 18.75000000
58 9 25 18.75000000
58 9 26 18.75000000
58 9 27 18.75000000
58 9 28 18.75000000
58 9 29 18.75000000
58 10 8 18.75000000
58 10 9 18.75000000
58 10 10 19.05000000
58 10 11 18.75000000
58 10 15 18.75000000
58 10 16 56.25000000
58 10 17 56.25000000
58 10 18 56.25000000
58 10 19 56.25000000
58 10 20 37.50000000
58 10 21 37.50000000
58 10 22 37.50000000
58 10 23 37.50000000
58 10 24 18.75000000
58 10 25 18.75000000
58 10 26 18.75000000
58 10 27 18.75000000
58 10 28 18.75000000
58 10 29 18.75000000
58 10 30 18.75000000
58 11 8 18.75000000
58 11 9 18.75000000
58 11 10 18.75000000
58 11 11 19.05000000
58 11 16 56.25000000
58 11 17 56.25000000
58 11 18 56.25000000
58 11 19 56.25000000
58 11 20 37.50000000
58 11 21 37.50000000
58 11 22 37.50000000
58 11 23 37.50000000
58 11 24 18.75000000
58 11 25 18.75000000
58 11 26 18.75000000
58 11 27 18.75000000
58 11 28 18.75000000
58 11 29 18.75000000
58 11 30 18.75000000
58 11 31 18.75000000
58 12 9 18.75000000
58 12 10 18.75000000
58 12 11 18.75000000
58 12 12 0.20000000
58 12 16 56.25000000
58 12 17 56.25000000
58 12 18 56.25000000
58 12 19 56.25000000
58 12 20 18.75000000
58 12 21 37.50000000
58 12 22 37.50000000
58 12 23 37.50000000
58 12 24 56.25000000
58 12 25 18.75000000
58 12 26 18.75000000
58 12 27 18.75000000
58 12 28 18.75000000
58 12 29 18.75000000
58 12 30 18.75000000
58 12 31 18.75000000
58 13 10 18.75000000
58 13 11 18.75000000
58 13 13 0.20000000
58 13 16 56.25000000
58 13 17 56.25000000
58 13 18 56.25000000
58 13 19 56.25000000
58 13 20 18.75000000
58 13 21 18.75000000
58 13 22 37.50000000
58 13 23 37.50000000
58 13 24 56.25000000
58 13 25 56.25000000
58 13 26 18.75000000
58 13 27 18.75000000
58 13 28 18.75000000
58 13 29 18.75000000
58 13 30 18.75000000
58 13 31 18.75000000
58 14 11 18.75000000
58 14 14 0.20000000
58 14 16 56.25000000
58 14 17 56.25000000
58 14 18 56.25000000
58 14 19 56.25000000
58 14 20 18.75000000
58 14 21 18.75000000
58 14 22 18.75000000
58 14 23 37.50000000
58 14 24 56.25000000
58 14 25 56.25000000
58 14 26 56.25000000
58 14 27 18.75000000
58 14 28 18.75000000
58 14 29 18.75000000
58 14 30 18.75000000
58 14 31 18.75000000
58 15 15 0.20000000
58 15 16 56.25000000
58 15 17 56.25000000
58 15 18 56.25000000
58 15 19 56.25000000
58 15 20 18.75000000
58 15 21 18.75000000
58 15 22 18.75000000
58 15 23 18.75000000
58 15 24 56.25000000
58 15 25 56.25000000
58 15 26 56.25000000
58 15 27 56.25000000
58 15 28 18.75000000
58 15 29 18.75000000
58 15 30 18.75000000
58 15 31 18.75000000
58 16 0 56.25000000
58 16 1 18.75000000
58 16 2 18.75000000
58 16 3 18.75000000
58 16 4 18.75000000
58 16 5 18.75000000
58 16 6 18.75000000
58 16 7 18.75000000
58 16 16 0.30000000
58 16 17 18.75000000
58 16 18 18.75000000
58 16 19 18.75000000
58 16 24 56.25000000
58 16 25 56.25000000
58 16 26 56.25000000
58 16 27 56.25000000
58 16 28 18.75000000
58 16 29 37.50000000
58 16 30 37.50000000
58 16 31 37.50000000
58 17 0 56.25000000
58 17 1 56.25000000
58 17 2 18.75000000
58 17 3 18.75000000
58 17 4 18.75000000
58 17 5 18.75000000
58 17 6 18.75000000
58 17 7 18.75000000
58 17 17 0.30000000
58 17 18 18.75000000
58 17 19 18.75000000
58 17 24 56.25000000
58 17 25 56.25000000
58 17 26 56.25000000
58 17 27 56.25000000
58 17 28 18.75000000
58 17 29 18.75000000
58 17 30 37.50000000
58 17 31 37.50000000
58 18 0 56.25000000
58 18 1 56.25000000
58 18 2 56.25000000
58 18 3 18.75000000
58 18 4 18.75000000
58 18 5 18.75000000
58 18 6 18.75000000
58 18 7 18.75000000
58 18 18 0.30000000
58 18 19 18.75000000
58 18 24 56.25000000
58 18 25 56.25000000
58 18 26 56.25000000
58 18 27 56.25000000
58 18 28 18.75000000
58 18 29 18.75000000
58 18 30 18.75000000
58 18 31 37.50000000
58 19 0 56.25000000
58 19 1 56.25000000
58 19 2 56.25000000
58 19 3 56.25000000
58 19 4 18.75000000
58 19 5 18.75000000
58 19 6 18.75000000
58 19 7 18.75000000
58 19 19 0.30000000
58 19 24 56.25000000
58 19 25 56.25000000
58 19 26 56.25000000
58 19 27 56.25000000
58 19 28 18.75000000
58 19 29 18.75000000
58 19 30 18.75000000
58 19 31 18.75000000
58 20 0 56.25000000
58 20 1 56.25000000
58 20 2 56.25000000
58 20 3 56.25000000
58 20 4 37.50000000
58 20 5 18.75000000
58 20 6 18.75000000
58 20 7 18.75000000
58 20 8 18.75000000
58 20 20 0.20000000
58 20 24 18.75000000
58 20 25 56.25000000
58 20 26 56.25000000
58 20 27 56.25000000
58 20 28 18.75000000
58 20 29 18.75000000
58 20 30 18.75000000
58 20 31 18.75000000
58 21 0 56.25000000
58 21 1 56.25000000
58 21 2 56.25000000
58 21 3 56.25000000
58 21 4 37.50000000
58 21 5 37.50000000
58 21 6 18.75000000
58 21 7 18.75000000
58 21 8 18.75000000
58 21 9 18.75000000
58 21 21 0.20000000
58 21 24 18.75000000
58 21 25 18.75000000
58 21 26 56.25000000
58 21 27 56.25000000
58 21 28 18.75000000
58 21 29 18.75000000
58 21 30 18.75000000
58 21 31 18.75000000
58 22 0 56.25000000
58 22 1 56.25000000
58 22 2 56.25000000
58 22 3 56.25000000
58 22 4 37.50000000
58 22 5 37.50000000
58 22 6 37.50000000
58 22 7 18.75000000
58 22 8 18.75000000
58 22 9 18.75000000
58 22 10 18.75000000
58 22 22 0.20000000
58 22 24 18.75000000
58 22 25 18.75000000
58 22 26 18.75000000
58 22 27 56.25000000
58 22 28 18.75000000
58 22 29 18.75000000
58 22 30 18.75000000
58 22 31 18.75000000
58 23 0 56.25000000
58 23 1 56.25000000
58 23 2 56.25000000
58 23 3 56.25000000
58 23 4 37.50000000
58 23 5 37.50000000
58 23 6 37.50000000
58 23 7 37.50000000
58 23 8 18.75000000
58 23 9 18.75000000
58 23 10 18.75000000
58 23 11 18.75000000
58 23 23 0.20000000
58 23 24 18.75000000
58 23 25 18.75000000
58 23 26 18.75000000
58 23 27 18.75000000
58 23 28 18.75000000
58 23 29 18.75000000
58 23 30 18.75000000
58 23 31 18.75000000
58 24 0 18.75000000
58 24 1 56.25000000
58 24 2 56.25000000
58 24 3 56.25000000
58 24 4 18.75000000
58 24 5 18.75000000
58 24 6 18.75000000
58 24 7 18.75000000
58 24 8 56.25000000
58 24 9 56.25000000
58 24 10 56.25000000
58 24 11 56.25000000
58 24 12 37.50000000
58 24 13 18.75000000
58 24 14 18.75000000
58 24 15 18.75000000
58 24 16 18.75000000
58 24 24 0.20000000
58 25 0 18.75000000
58 25 1 18.75000000
58 25 2 56.25000000
58 25 3 56.25000000
58 25 4 18.75000000
58 25 5 18.75000000
58 25 6 18.75000000
58 25 7 18.75000000
58 25 8 56.25000000
58 25 9 56.25000000
58 25 10 56.25000000
58 25 11 56.25000000
58 25 12 37.50000000
58 25 13 37.50000000
58 25 14 18.75000000
58 25 15 18.75000000
58 25 16 18.75000000
58 25 17 18.75000000
58 25 25 0.20000000
58 26 0 18.75000000
58 26 1 18.75000000
58 26 2 18.75000000
58 26 3 56.25000000
58 26 4 18.75000000
58 26 5 18.75000000
58 26 6 18.75000000
58 26 7 18.75000000
58 26 8 56.25000000
58 26 9 56.25000000
58 26 10 56.25000000
58 26 11 56.25000000
58 26 12 37.50000000
58 26 13 37.50000000
58 26 14 37.50000000
58 26 15 18.75000000
58 26 16 18.75000000
58 26 17 18.75000000
58 26 18 18.75000000
58 26 26 0.20000000
58 27 0 18.75000000
58 27 1 18.75000000
58 27 2 18.75000000
58 27 3 18.75000000
58 27 4 18.75000000
58 27 5 18.75000000
58 27 6 18.75000000
58 27 7 18.75000000
58 27 8 56.25000000
58 27 9 56.25000000
58 27 10 56.25000000
58 27 11 56.25000000
58 27 12 37.50000000
58 27 13 37.50000000
58 27 14 37.50000000
58 27 15 37.50000000
58 27 16 18.75000000
58 27 17 18.75000000
58 27 18 18.75000000
58 27 19 18.75000000
58 27 27 0.20000000
58 28 0 18.75000000
58 28 1 18.75000000
58 28 2 18.75000000
58 28 3 18.75000000
58 28 5 18.75000000
58 28 6 18.75000000
58 28 7 18.75000000
58 28 8 56.25000000
58 28 9 56.25000000
58 28 10 56.25000000
58 28 11 56.25000000
58 28 12 37.50000000
58 28 13 37.50000000
58 28 14 37.50000000
58 28 15 37.50000000
58 28 16 18.75000000
58 28 17 18.75000000
58 28 18 18.75000000
58 28 19 18.75000000
58 28 20 18.75000000
58 28 28 0.10000000
58 29 0 18.75000000
58 29 1 18.75000000
58 29 2 18.75000000
58 29 3 18.75000000
58 29 6 18.75000000
58 29 7 18.75000000
58 29 8 56.25000000
58 29 9 56.25000000
58 29 10 56.25000000
58 29 11 56.25000000
58 29 12 37.50000000
58 29 13 37.50000000
58 29 14 37.50000000
58 29 15 37.50000000
58 29 16 18.75000000
58 29 17 18.75000000
58 29 18 18.75000000
58 29 19 18.75000000
58 29 20 18.75000000
58 29 21 18.75000000
58 29 29 0.10000000
58 30 0 18.75000000
58 30 1 18.75000000
58 30 2 18.75000000
58 30 3 18.75000000
58 30 7 18.75000000
58 30 8 56.25000000
58 30 9 56.25000000
58 30 10 56.25000000
58 30 11 56.25000000
58 30 12 37.50000000
58 30 13 37.50000000
58 30 14 37.50000000
58 30 15 37.50000000
58 30 16 18.75000000
58 30 17 18.75000000
58 30 18 18.75000000
58 30 19 18.75000000
58 30 20 18.75000000
58 30 21 18.75000000
58 30 22 18.75000000
58 30 30 0.10000000
58 31 0 18.75000000
58 31 1 18.75000000
58 31 2 18.75000000
58 31 3 18.75000000
58 31 8 56.25000000
58 31 9 56.25000000
58 31 10 56.25000000
58 31 11 56.25000000
58 31 12 37.50000000
58 31 13 37.50000000
58 31 14 37.50000000
58 31 15 37.50000000
58 31 16 18.75000000
58 31 17 18.75000000
58 31 18 18.75000000
58 31 19 18.75000000
58 31 20 18.75000000
58 31 21 18.75000000
58 31 22 18.75000000
58 31 23 18.75000000
58 31 31 0.10000000
58 32 8 18.75000000
58 32 9 18.75000000
58 32 10 18.75000000
58 32 11 18.75000000
58 32 13 18.75000000
58 32 14 18.75000000
58 32 15 18.75000000
58 32 16 18.75000000
58 32 17 37.50000000
58 32 18 37.50000000
58 32 19 37.50000000
58 32 20 37.50000000
58 32 21 37.50000000
58 32 22 37.50000000
58 32 23 37.50000000
58 33 8 18.75000000
58 33 9 18.75000000
58 33 10 18.75000000
58 33 11 18.75000000
58 33 14 18.75000000
58 33 15 18.75000000
58 33 16 18.75000000
58 33 17 18.75000000
58 33 18 37.50000000
58 33 19 37.50000000
58 33 20 37.50000000
58 33 21 37.50000000
58 33 22 37.50000000
58 33 23 37.50000000
58 34 8 18.75000000
58 34 9 18.75000000
58 34 10 18.75000000
58 34 11 18.75000000
58 34 15 18.75000000
58 34 16 18.75000000
58 34 17 18.75000000
58 34 18 18.75000000
58 34 19 37.50000000
58 34 20 37.50000000
58 34 21 37.50000000
58 34 22 37.50000000
58 34 23 37.50000000
58 35 8 18.75000000
58 35 9 18.75000000
58 35 10 18.75000000
58 35 11 18.75000000
58 35 16 18.75000000
58 35 17 18.75000000
58 35 18 18.75000000
58 35 19 18.75000000
58 35 20 37.50000000
58 35 21 37.50000000
58 35 22 37.50000000
58 35 23 37.50000000
58 36 9 18.75000000
58 36 10 18.75000000
58 36 11 18.75000000
58 36 16 18.75000000
58 36 17 18.75000000
58 36 18 18.75000000
58 36 19 18.75000000
58 36 20 18.75000000
58 36 21 37.50000000
58 36 22 37.50000000
58 36 23 37.50000000
58 37 10 18.75000000
58 37 11 18.75000000
58 37 16 18.75000000
58 37 17 18.75000000
58 37 18 18.75000000
58 37 19 18.75000000
58 37 20 18.75000000
58 37 21 18.75000000
58 37 22 37.50000000
58 37 23 37.50000000
58 38 11 18.75000000
58 38 16 18.75000000
58 38 17 18.75000000
58 38 18 18.75000000
58 38 19 18.75000000
58 38 20 18.75000000
58 38 21 18.75000000
58 38 22 18.75000000
58 38 23 37.50000000
58 39 16 18.75000000
58 39 17 18.75000000
58 39 18 18.75000000
58 39 19 18.75000000
58 39 20 18.75000000
58 39 21 18.75000000
58 39 22 18.75000000
58 39 23 18.75000000
58 56 2 4.00000000
58 56 6 2.00000000
58 56 10 6.00000000
58 56 14 4.00000000
58 56 18 6.00000000
58 56 22 4.00000000
58 56 26 4.00000000
58 56 30 2.00000000
58 63 3 4.00000000
58 63 7 2.00000000
58 63 11 6.00000000
58 63 15 4.00000000
58 63 19 6.00000000
58 63 23 4.00000000
58 63 27 4.00000000
58 63 31 2.00000000
59 0 0 64.65000000
59 0 1 18.75000000
59 0 2 18.75000000
59 0 3 18.75000000
59 0 4 22.75000000
59 0 5 18.75000000
59 0 6 18.75000000
59 0 7 18.75000000
59 0 8 6.00000000
59 0 12 2.00000000
59 0 16 4.00000000
59 0 20 2.00000000
59 0 24 4.00000000
59 0 28 2.00000000
59 1 0 56.25000000
59 1 1 56.65000000
59 1 2 18.75000000
59 1 3 18.75000000
59 1 4 18.75000000
59 1 5 18.75000000
59 1 6 18.75000000
59 1 7 18.75000000
59 2 0 56.25000000
59 2 1 56.25000000
59 2 2 56.65000000
59 2 3 18.75000000
59 2 4 18.75000000
59 2 5 18.75000000
59 2 6 18.75000000
59 2 7 18.75000000
59 3 0 56.25000000
59 3 1 56.25000000
59 3 2 56.25000000
59 3 3 56.65000000
59 3 4 18.75000000
59 3 5 18.75000000
59 3 6 18.75000000
59 3 7 18.75000000
59 4 0 56.25000000
59 4 1 56.25000000
59 4 2 56.25000000
59 4 3 56.25000000
59 4 4 37.70000000
59 4 5 18.75000000
59 4 6 18.75000000
59 4 7 18.75000000
59 4 8 18.75000000
59 5 0 56.25000000
59 5 1 56.25000000
59 5 2 56.25000000
59 5 3 56.25000000
59 5 4 37.50000000
59 5 5 37.70000000
59 5 6 18.75000000
59 5 7 18.75000000
59 5 8 18.75000000
59 5 9 18.75000000
59 6 0 56.25000000
59 6 1 56.25000000
59 6 2 56.25000000
59 6 3 56.25000000
59 6 4 37.50000000
59 6 5 37.50000000
59 6 6 37.70000000
59 6 7 18.75000000
59 6 8 18.75000000
59 6 9 18.75000000
59 6 10 18.75000000
59 7 0 56.25000000
59 7 1 64.25000000
59 7 2 56.25000000
59 7 3 56.25000000
59 7 4 37.50000000
59 7 5 41.50000000
59 7 6 37.50000000
59 7 7 37.70000000
59 7 8 18.75000000
59 7 9 24.75000000
59 7 10 18.75000000
59 7 11 18.75000000
59 7 13 2.00000000
59 7 17 4.00000000
59 7 21 2.00000000
59 7 25 4.00000000
59 7 29 2.00000000
59 8 0 18.75000000
59 8 1 56.25000000
59 8 2 56.25000000
59 8 3 56.25000000
59 8 4 18.75000000
59 8 5 18.75000000
59 8 6 18.75000000
59 8 7 18.75000000
59 8 8 56.55000000
59 8 9 56.25000000
59 8 10 56.25000000
59 8 11 56.25000000
59 8 12 37.50000000
59 8 13 18.75000000
59 8 14 18.75000000
59 8 15 18.75000000
59 8 16 18.75000000
59 9 0 18.75000000
59 9 1 18.75000000
59 9 2 56.25000000
59 9 3 56.25000000
59 9 4 18.75000000
59 9 5 18.75000000
59 9 6 18.75000000
59 9 7 18.75000000
59 9 8 56.25000000
59 9 9 56.55000000
59 9 10 56.25000000
59 9 11 56.25000000
59 9 12 37.50000000
59 9 13 37.50000000
59 9 14 18.75000000
59 9 15 18.75000000
59 9 16 18.75000000
59 9 17 18.75000000
59 10 0 18.75000000
59 10 1 18.75000000
59 10 2 18.75000000
59 10 3 56.25000000
59 10 4 18.75000000
59 10 5 18.75000000
59 10 6 18.75000000
59 10 7 18.75000000
59 10 8 56.25000000
59 10 9 56.25000000
59 10 10 56.55000000
59 10 11 56.25000000
59 10 12 37.50000000
59 10 13 37.50000000
59 10 14 37.50000000
59 10 15 18.75000000
59 10 16 18.75000000
59 10 17 18.75000000
59 10 18 18.75000000
59 11 0 18.75000000
59 11 1 18.75000000
59 11 2 18.75000000
59 11 3 18.75000000
59 11 4 18.75000000
59 11 5 18.75000000
59 11 6 18.75000000
59 11 7 18.75000000
59 11 8 56.25000000
59 11 9 56.25000000
59 11 10 56.25000000
59 11 11 56.55000000
59 11 12 37.50000000
59 11 13 37.50000000
59 11 14 37.50000000
59 11 15 37.50000000
59 11 16 18.75000000
59 11 17 18.75000000
59 11 18 18.75000000
59 11 19 18.75000000
59 12 0 18.75000000
59 12 1 18.75000000
59 12 2 18.75000000
59 12 3 18.75000000
59 12 5 18.75000000
59 12 6 18.75000000
59 12 7 18.75000000
59 12 8 56.25000000
59 12 9 56.25000000
59 12 10 56.25000000
59 12 11 56.25000000
59 12 12 37.60000000
59 12 13 37.50000000
59 12 14 37.50000000
59 12 15 37.50000000
59 12 16 18.75000000
59 12 17 18.75000000
59 12 18 18.75000000
59 12 19 18.75000000
59 12 20 18.75000000
59 13 0 18.75000000
59 13 1 18.75000000
59 13 2 18.75000000
59 13 3 18.75000000
59 13 6 18.75000000
59 13 7 18.75000000
59 13 8 56.25000000
59 13 9 56.25000000
59 13 10 56.25000000
59 13 11 56.25000000
59 13 12 37.50000000
59 13 13 37.60000000
59 13 14 37.50000000
59 13 15 37.50000000
59 13 16 18.75000000
59 13 17 18.75000000
59 13 18 18.75000000
59 13 19 18.75000000
59 13 20 18.75000000
59 13 21 18.75000000
59 14 0 18.75000000
59 14 1 18.75000000
59 14 2 18.75000000
59 14 3 18.75000000
59 14 7 18.75000000
59 14 8 56.25000000
59 14 9 56.25000000
59 14 10 56.25000000
59 14 11 56.25000000
59 14 12 37.50000000
59 14 13 37.50000000
59 14 14 37.60000000
59 14 15 37.50000000
59 14 16 18.75000000
59 14 17 18.75000000
59 14 18 18.75000000
59 14 19 18.75000000
59 14 20 18.75000000
59 14 21 18.75000000
59 14 22 18.75000000
59 15 0 18.75000000
59 15 1 18.75000000
59 15 2 18.75000000
59 15 3 18.75000000
59 15 8 56.25000000
59 15 9 56.25000000
59 15 10 56.25000000
59 15 11 56.25000000
59 15 12 37.50000000
59 15 13 37.50000000
59 15 14 37.50000000
59 15 15 37.60000000
59 15 16 18.75000000
59 15 17 18.75000000
59 15 18 18.75000000
59 15 19 18.75000000
59 15 20 18.75000000
59 15 21 18.75000000
59 15 22 18.75000000
59 15 23 18.75000000
59 16 8 18.75000000
59 16 9 18.75000000
59 16 10 18.75000000
59 16 11 18.75000000
59 16 13 18.75000000
59 16 14 18.75000000
59 16 15 18.75000000
59 16 16 56.45000000
59 16 17 56.25000000
59 16 18 56.25000000
59 16 19 56.25000000
59 16 20 37.50000000
59 16 21 37.50000000
59 16 22 37.50000000
59 16 23 37.50000000
59 16 24 18.75000000
59 16 25 18.75000000
59 16 26 18.75000000
59 16 27 18.75000000
59 16 28 18.75000000
59 17 8 18.75000000
59 17 9 18.75000000
59 17 10 18.75000000
59 17 11 18.75000000
59 17 14 18.75000000
59 17 15 18.75000000
59 17 16 56.25000000
59 17 17 56.45000000
59 17 18 56.25000000
59 17 19 56.25000000
59 17 20 37.50000000
59 17 21 37.50000000
59 17 22 37.50000000
59 17 23 37.50000000
59 17 24 18.75000000
59 17 25 18.75000000
59 17 26 18.75000000
59 17 27 18.75000000
59 17 28 18.75000000
59 17 29 18.75000000
59 18 8 18.75000000
59 18 9 18.75000000
59 18 10 18.75000000
59 18 11 18.75000000
59 18 15 18.75000000
59 18 16 56.25000000
59 18 17 56.25000000
59 18 18 56.45000000
59 18 19 56.25000000
59 18 20 37.50000000
59 18 21 37.50000000
59 18 22 37.50000000
59 18 23 37.50000000
59 18 24 18.75000000
59 18 25 18.75000000
59 18 26 18.75000000
59 18 27 18.75000000
59 18 28 18.75000000
59 18 29 18.75000000
59 18 30 18.75000000
59 19 8 18.75000000
59 19 9 18.75000000
59 19 10 18.75000000
59 19 11 18.75000000
59 19 16 56.25000000
59 19 17 56.25000000
59 19 18 56.25000000
59 19 19 56.45000000
59 19 20 37.50000000
59 19 21 37.50000000
59 19 22 37.50000000
59 19 23 37.50000000
59 19 24 18.75000000
59 19 25 18.75000000
59 19 26 18.75000000
59 19 27 18.75000000
59 19 28 18.75000000
59 19 29 18.75000000
59 19 30 18.75000000
59 19 31 18.75000000
59 20 9 18.75000000
59 20 10 18.75000000
59 20 11 18.75000000
59 20 16 56.25000000
59 20 17 56.25000000
59 20 18 56.25000000
59 20 19 56.25000000
59 20 20 18.85000000
59 20 21 37.50000000
59 20 22 37.50000000
59 20 23 37.50000000
59 20 24 56.25000000
59 20 25 18.75000000
59 20 26 18.75000000
59 20 27 18.75000000
59 20 28 18.75000000
59 20 29 18.75000000
59 20 30 18.75000000
59 20 31 18.75000000
59 21 10 18.75000000
59 21 11 18.75000000
59 21 16 56.25000000
59 21 17 56.25000000
59 21 18 56.25000000
59 21 19 56.25000000
59 21 20 18.75000000
59 21 21 18.85000000
59 21 22 37.50000000
59 21 23 37.50000000
59 21 24 56.25000000
59 21 25 56.25000000
59 21 26 18.75000000
59 21 27 18.75000000
59 21 28 18.75000000
59 21 29 18.75000000
59 21 30 18.75000000
59 21 31 18.75000000
59 22 11 18.75000000
59 22 16 56.25000000
59 22 17 56.25000000
59 22 18 56.25000000
59 22 19 56.25000000
59 22 20 18.75000000
59 22 21 18.75000000
59 22 22 18.85000000
59 22 23 37.50000000
59 22 24 56.25000000
59 22 25 56.25000000
59 22 26 56.25000000
59 22 27 18.75000000
59 22 28 18.75000000
59 22 29 18.75000000
59 22 30 18.75000000
59 22 31 18.75000000
59 23 16 56.25000000
59 23 17 56.25000000
59 23 18 56.25000000
59 23 19 56.25000000
59 23 20 18.75000000
59 23 21 18.75000000
59 23 22 18.75000000
59 23 23 18.85000000
59 23 24 56.25000000
59 23 25 56.25000000
59 23 26 56.25000000
59 23 27 56.25000000
59 23 28 18.75000000
59 23 29 18.75000000
59 23 30 18.75000000
59 23 31 18.75000000
59 24 0 56.25000000
59 24 1 18.75000000
59 24 2 18.75000000
59 24 3 18.75000000
59 24 4 18.75000000
59 24 5 18.75000000
59 24 6 18.75000000
59 24 7 18.75000000
59 24 17 18.75000000
59 24 18 18.75000000
59 24 19 18.75000000
59 24 24 56.45000000
59 24 25 56.25000000
59 24 26 56.25000000
59 24 27 56.25000000
59 24 28 18.75000000
59 24 29 37.50000000
59 24 30 37.50000000
59 24 31 37.50000000
59 25 0 56.25000000
59 25 1 56.25000000
59 25 2 18.75000000
59 25 3 18.75000000
59 25 4 18.75000000
59 25 5 18.75000000
59 25 6 18.75000000
59 25 7 18.75000000
59 25 18 18.75000000
59 25 19 18.75000000
59 25 24 56.25000000
59 25 25 56.45000000
59 25 26 56.25000000
59 25 27 56.25000000
59 25 28 18.75000000
59 25 29 18.75000000
59 25 30 37.50000000
59 25 31 37.50000000
59 26 0 56.25000000
59 26 1 56.25000000
59 26 2 56.25000000
59 26 3 18.75000000
59 26 4 18.75000000
59 26 5 18.75000000
59 26 6 18.75000000
59 26 7 18.75000000
59 26 19 18.75000000
59 26 24 56.25000000
59 26 25 56.25000000
59 26 26 56.45000000
59 26 27 56.25000000
59 26 28 18.75000000
59 26 29 18.75000000
59 26 30 18.75000000
59 26 31 37.50000000
59 27 0 56.25000000
59 27 1 56.25000000
59 27 2 56.25000000
59 27 3 56.25000000
59 27 4 18.75000000
59 27 5 18.75000000
59 27 6 18.75000000
59 27 7 18.75000000
59 27 24 56.25000000
59 27 25 56.25000000
59 27 26 56.25000000
59 27 27 56.45000000
59 27 28 18.75000000
59 27 29 18.75000000
59 27 30 18.75000000
59 27 31 18.75000000
59 28 0 56.25000000
59 28 1 56.25000000
59 28 2 56.25000000
59 28 3 56.25000000
59 28 4 37.50000000
59 28 5 18.75000000
59 28 6 18.75000000
59 28 7 18.75000000
59 28 8 18.75000000
59 28 24 18.75000000
59 28 25 56.25000000
59 28 26 56.25000000
59 28 27 56.25000000
59 28 28 18.85000000
59 28 29 18.75000000
59 28 30 18.75000000
59 28 31 18.75000000
59 29 0 56.25000000
59 29 1 56.25000000
59 29 2 56.25000000
59 29 3 56.25000000
59 29 4 37.50000000
59 29 5 37.50000000
59 29 6 18.75000000
59 29 7 18.75000000
59 29 8 18.75000000
59 29 9 18.75000000
59 29 24 18.75000000
59 29 25 18.75000000
59 29 26 56.25000000
59 29 27 56.25000000
59 29 28 18.75000000
59 29 29 18.85000000
59 29 30 18.75000000
59 29 31 18.75000000
59 30 0 56.25000000
59 30 1 56.25000000
59 30 2 56.25000000
59 30 3 56.25000000
59 30 4 37.50000000
59 30 5 37.50000000
59 30 6 37.50000000
59 30 7 18.75000000
59 30 8 18.75000000
59 30 9 18.75000000
59 30 10 18.75000000
59 30 24 18.75000000
59 30 25 18.75000000
59 30 26 18.75000000
59 30 27 56.25000000
59 30 28 18.75000000
59 30 29 18.75000000
59 30 30 18.85000000
59 30 31 18.75000000
59 31 0 56.25000000
59 31 1 56.25000000
59 31 2 56.25000000
59 31 3 56.25000000
59 31 4 37.50000000
59 31 5 37.50000000
59 31 6 37.50000000
59 31 7 37.50000000
59 31 8 18.75000000
59 31 9 18.75000000
59 31 10 18.75000000
59 31 11 18.75000000
59 31 24 18.75000000
59 31 25 18.75000000
59 31 26 18.75000000
59 31 27 18.75000000
59 31 28 18.75000000
59 31 29 18.75000000
59 31 30 18.75000000
59 31 31 18.85000000
59 32 0 18.75000000
59 32 1 56.25000000
59 32 2 56.25000000
59 32 3 56.25000000
59 32 4 18.75000000
59 32 5 18.75000000
59 32 6 18.75000000
59 32 7 18.75000000
59 32 8 37.50000000
59 32 9 37.50000000
59 32 10 37.50000000
59 32 11 37.50000000
59 33 0 18.75000000
59 33 1 18.75000000
59 33 2 56.25000000
59 33 3 56.25000000
59 33 4 18.75000000
59 33 5 18.75000000
59 33 6 18.75000000
59 33 7 18.75000000
59 33 8 37.50000000
59 33 9 37.50000000
59 33 10 37.50000000
59 33 11 37.50000000
59 34 0 18.75000000
59 34 1 18.75000000
59 34 2 18.75000000
59 34 3 56.25000000
59 34 4 18.75000000
59 34 5 18.75000000
59 34 6 18.75000000
59 34 7 18.75000000
59 34 8 37.50000000
59 34 9 37.50000000
59 34 10 37.50000000
59 34 11 37.50000000
59 35 0 18.75000000
59 35 1 18.75000000
59 35 2 18.75000000
59 35 3 18.75000000
59 35 4 18.75000000
59 35 5 18.75000000
59 35 6 18.75000000
59 35 7 18.75000000
59 35 8 37.50000000
59 35 9 37.50000000
59 35 10 37.50000000
59 35 11 37.50000000
59 36 0 18.75000000
59 36 1 18.75000000
59 36 2 18.75000000
59 36 3 18.75000000
59 36 5 18.75000000
59 36 6 18.75000000
59 36 7 18.75000000
59 36 8 18.75000000
59 36 9 37.50000000
59 36 10 37.50000000
59 36 11 37.50000000
59 37 0 18.75000000
59 37 1 18.75000000
59 37 2 18.75000000
59 37 3 18.75000000
59 37 6 18.75000000
59 37 7 18.75000000
59 37 8 18.75000000
59 37 9 18.75000000
59 37 10 37.50000000
59 37 11 37.50000000
59 38 0 18.75000000
59 38 1 18.75000000
59 38 2 18.75000000
59 38 3 18.75000000
59 38 7 18.75000000
59 38 8 18.75000000
59 38 9 18.75000000
59 38 10 18.75000000
59 38 11 37.50000000
59 39 0 18.75000000
59 39 1 18.75000000
59 39 2 18.75000000
59 39 3 18.75000000
59 39 8 18.75000000
59 39 9 18.75000000
59 39 10 18.75000000
59 39 11 18.75000000
59 56 2 8.00000000
59 56 6 4.00000000
59 56 10 6.00000000
59 56 14 2.00000000
59 56 18 4.00000000
59 56 22 2.00000000
59 56 26 4.00000000
59 56 30 2.00000000
59 63 3 8.00000000
59 63 7 4.00000000
59 63 11 6.00000000
59 63 15 2.00000000
59 63 19 4.00000000
59 63 23 2.00000000
59 63 27 4.00000000
59 63 31 2.00000000
60 0 0 4.20000000
60 0 4 2.00000000
60 0 8 4.00000000
60 0 12 2.00000000
60 0 16 4.00000000
60 0 20 2.00000000
60 0 24 4.00000000
60 0 28 2.00000000
60 0 48 39.50000000
60 0 49 18.75000000
60 0 50 18.75000000
60 0 51 18.75000000
60 0 56 22.75000000
60 0 57 18.75000000
60 0 58 18.75000000
60 0 59 18.75000000
60 0 60 20.75000000
60 1 1 0.20000000
60 1 48 37.50000000
60 1 49 37.50000000
60 1 50 18.75000000
60 1 51 18.75000000
60 1 56 18.75000000
60 1 57 18.75000000
60 1 58 18.75000000
60 1 59 18.75000000
60 1 60 18.75000000
60 1 61 18.75000000
60 2 2 0.20000000
60 2 48 37.50000000
60 2 49 37.50000000
60 2 50 37.50000000
60 2 51 18.75000000
60 2 56 18.75000000
60 2 57 18.75000000
60 2 58 18.75000000
60 2 59 18.75000000
60 2 60 18.75000000
60 2 61 18.75000000
60 2 62 18.75000000
60 3 3 0.20000000
60 3 48 37.50000000
60 3 49 37.50000000
60 3 50 37.50000000
60 3 51 37.50000000
60 3 56 18.75000000
60 3 57 18.75000000
60 3 58 18.75000000
60 3 59 18.75000000
60 3 60 18.75000000
60 3 61 18.75000000
60 3 62 18.75000000
60 3 63 18.75000000
60 4 4 0.10000000
60 4 48 37.50000000
60 4 49 37.50000000
60 4 50 37.50000000
60 4 51 37.50000000
60 4 56 56.25000000
60 4 57 18.75000000
60 4 58 18.75000000
60 4 59 18.75000000
60 4 60 18.75000000
60 4 61 18.75000000
60 4 62 18.75000000
60 4 63 18.75000000
60 5 5 0.10000000
60 5 48 37.50000000
60 5 49 37.50000000
60 5 50 37.50000000
60 5 51 37.50000000
60 5 56 56.25000000
60 5 57 56.25000000
60 5 58 18.75000000
60 5 59 18.75000000
60 5 60 18.75000000
60 5 61 18.75000000
60 5 62 18.75000000
60 5 63 18.75000000
60 6 6 0.10000000
60 6 48 37.50000000
60 6 49 37.50000000
60 6 50 37.50000000
60 6 51 37.50000000
60 6 56 56.25000000
60 6 57 56.25000000
60 6 58 56.25000000
60 6 59 18.75000000
60 6 60 18.75000000
60 6 61 18.75000000
60 6 62 18.75000000
60 6 63 18.75000000
60 7 1 4.00000000
60 7 5 2.00000000
60 7 7 0.10000000
60 7 9 4.00000000
60 7 13 2.00000000
60 7 17 4.00000000
60 7 21 2.00000000
60 7 25 4.00000000
60 7 29 2.00000000
60 7 48 37.50000000
60 7 49 39.50000000
60 7 50 37.50000000
60 7 51 37.50000000
60 7 56 56.25000000
60 7 57 60.25000000
60 7 58 56.25000000
60 7 59 56.25000000
60 7 60 18.75000000
60 7 61 20.75000000
60 7 62 18.75000000
60 7 63 18.75000000
60 8 0 56.25000000
60 8 1 18.75000000
60 8 2 18.75000000
60 8 3 18.75000000
60 8 4 18.75000000
60 8 5 18.75000000
60 8 6 18.75000000
60 8 7 18.75000000
60 8 8 0.20000000
60 8 49 18.75000000
60 8 50 18.75000000
60 8 51 18.75000000
60 8 56 56.25000000
60 8 57 56.25000000
60 8 58 56.25000000
60 8 59 56.25000000
60 8 60 18.75000000
60 8 61 37.50000000
60 8 62 37.50000000
60 8 63 37.50000000
60 9 0 56.25000000
60 9 1 56.25000000
60 9 2 18.75000000
60 9 3 18.75000000
60 9 4 18.75000000
60 9 5 18.75000000
60 9 6 18.75000000
60 9 7 18.75000000
60 9 9 0.20000000
60 9 50 18.75000000
60 9 51 18.75000000
60 9 56 56.25000000
60 9 57 56.25000000
60 9 58 56.25000000
60 9 59 56.25000000
60 9 60 18.75000000
60 9 61 18.75000000
60 9 62 37.50000000
60 9 63 37.50000000
60 10 0 56.25000000
60 10 1 56.25000000
60 10 2 56.25000000
60 10 3 18.75000000
60 10 4 18.75000000
60 10 5 18.75000000
60 10 6 18.75000000
60 10 7 18.75000000
60 10 10 0.20000000
60 10 51 18.75000000
60 10 56 56.25000000
60 10 57 56.25000000
60 10 58 56.25000000
60 10 59 56.25000000
60 10 60 18.75000000
60 10 61 18.75000000
60 10 62 18.75000000
60 10 63 37.50000000
60 11 0 56.25000000
60 11 1 56.25000000
60 11 2 56.25000000
60 11 3 56.25000000
60 11 4 18.75000000
60 11 5 18.75000000
60 11 6 18.75000000
60 11 7 18.75000000
60 11 11 0.20000000
60 11 56 56.25000000
60 11 57 56.25000000
60 11 58 56.25000000
60 11 59 56.25000000
60 11 60 18.75000000
60 11 61 18.75000000
60 11 62 18.75000000
60 11 63 18.75000000
60 12 0 56.25000000
60 12 1 56.25000000
60 12 2 56.25000000
60 12 3 56.25000000
60 12 4 37.50000000
60 12 5 18.75000000
60 12 6 18.75000000
60 12 7 18.75000000
60 12 8 18.75000000
60 12 12 0.10000000
60 12 56 18.75000000
60 12 57 56.25000000
60 12 58 56.25000000
60 12 59 56.25000000
60 12 60 18.75000000
60 12 61 18.75000000
60 12 62 18.75000000
60 12 63 18.75000000
60 13 0 56.25000000
60 13 1 56.25000000
60 13 2 56.25000000
60 13 3 56.25000000
60 13 4 37.50000000
60 13 5 37.50000000
60 13 6 18.75000000
60 13 7 18.75000000
60 13 8 18.75000000
60 13 9 18.75000000
60 13 13 0.10000000
60 13 56 18.75000000
60 13 57 18.75000000
60 13 58 56.25000000
60 13 59 56.25000000
60 13 60 18.75000000
60 13 61 18.75000000
60 13 62 18.75000000
60 13 63 18.75000000
60 14 0 56.25000000
60 14 1 56.25000000
60 14 2 56.25000000
60 14 3 56.25000000
60 14 4 37.50000000
60 14 5 37.50000000
60 14 6 37.50000000
60 14 7 18.75000000
60 14 8 18.75000000
60 14 9 18.75000000
60 14 10 18.75000000
60 14 14 0.10000000
60 14 56 18.75000000
60 14 57 18.75000000
60 14 58 18.75000000
60 14 59 56.25000000
60 14 60 18.75000000
60 14 61 18.75000000
60 14 62 18.75000000
60 14 63 18.75000000
60 15 0 56.25000000
60 15 1 56.25000000
60 15 2 56.25000000
60 15 3 56.25000000
60 15 4 37.50000000
60 15 5 37.50000000
60 15 6 37.50000000
60 15 7 37.50000000
60 15 8 18.75000000
60 15 9 18.75000000
60 15 10 18.75000000
60 15 11 18.75000000
60 15 15 0.10000000
60 15 56 18.75000000
60 15 57 18.75000000
60 15 58 18.75000000
60 15 59 18.75000000
60 15 60 18.75000000
60 15 61 18.75000000
60 15 62 18.75000000
60 15 63 18.75000000
60 16 0 18.75000000
60 16 1 56.25000000
60 16 2 56.25000000
60 16 3 56.25000000
60 16 4 18.75000000
60 16 5 18.75000000
60 16 6 18.75000000
60 16 7 18.75000000
60 16 8 56.25000000
60 16 9 56.25000000
60 16 10 56.25000000
60 16 11 56.25000000
60 16 12 37.50000000
60 16 13 18.75000000
60 16 14 18.75000000
60 16 15 18.75000000
60 16 16 18.95000000
60 17 0 18.75000000
60 17 1 18.75000000
60 17 2 56.25000000
60 17 3 56.25000000
60 17 4 18.75000000
60 17 5 18.75000000
60 17 6 18.75000000
60 17 7 18.75000000
60 17 8 56.25000000
60 17 9 56.25000000
60 17 10 56.25000000
60 17 11 56.25000000
60 17 12 37.50000000
60 17 13 37.50000000
60 17 14 18.75000000
60 17 15 18.75000000
60 17 16 18.75000000
60 17 17 18.95000000
60 18 0 18.75000000
60 18 1 18.75000000
60 18 2 18.75000000
60 18 3 56.25000000
60 18 4 18.75000000
60 18 5 18.75000000
60 18 6 18.75000000
60 18 7 18.75000000
60 18 8 56.25000000
60 18 9 56.25000000
60 18 10 56.25000000
60 18 11 56.25000000
60 18 12 37.50000000
60 18 13 37.50000000
60 18 14 37.50000000
60 18 15 18.75000000
60 18 16 18.75000000
60 18 17 18.75000000
60 18 18 18.95000000
60 19 0 18.75000000
60 19 1 18.75000000
60 19 2 18.75000000
60 19 3 18.75000000
60 19 4 18.75000000
60 19 5 18.75000000
60 19 6 18.75000000
60 19 7 18.75000000
60 19 8 56.25000000
60 19 9 56.25000000
60 19 10 56.25000000
60 19 11 56.25000000
60 19 12 37.50000000
60 19 13 37.50000000
60 19 14 37.50000000
60 19 15 37.50000000
60 19 16 18.75000000
60 19 17 18.75000000
60 19 18 18.75000000
60 19 19 18.95000000
60 20 0 18.75000000
60 20 1 18.75000000
60 20 2 18.75000000
60 20 3 18.75000000
60 20 5 18.75000000
60 20 6 18.75000000
60 20 7 18.75000000
60 20 8 56.25000000
60 20 9 56.25000000
60 20 10 56.25000000
60 20 11 56.25000000
60 20 12 37.50000000
60 20 13 37.50000000
60 20 14 37.50000000
60 20 15 37.50000000
60 20 16 18.75000000
60 20 17 18.75000000
60 20 18 18.75000000
60 20 19 18.75000000
60 20 20 18.85000000
60 21 0 18.75000000
60 21 1 18.75000000
60 21 2 18.75000000
60 21 3 18.75000000
60 21 6 18.75000000
60 21 7 18.75000000
60 21 8 56.25000000
60 21 9 56.25000000
60 21 10 56.25000000
60 21 11 56.25000000
60 21 12 37.50000000
60 21 13 37.50000000
60 21 14 37.50000000
60 21 15 37.50000000
60 21 16 18.75000000
60 21 17 18.75000000
60 21 18 18.75000000
60 21 19 18.75000000
60 21 20 18.75000000
60 21 21 18.85000000
60 22 0 18.75000000
60 22 1 18.75000000
60 22 2 18.75000000
60 22 3 18.75000000
60 22 7 18.75000000
60 22 8 56.25000000
60 22 9 56.25000000
60 22 10 56.25000000
60 22 11 56.25000000
60 22 12 37.50000000
60 22 13 37.50000000
60 22 14 37.50000000
60 22 15 37.50000000
60 22 16 18.75000000
60 22 17 18.75000000
60 22 18 18.75000000
60 22 19 18.75000000
60 22 20 18.75000000
60 22 21 18.75000000
60 22 22 18.85000000
60 23 0 18.75000000
60 23 1 18.75000000
60 23 2 18.75000000
60 23 3 18.75000000
60 23 8 56.25000000
60 23 9 56.25000000
60 23 10 56.25000000
60 23 11 56.25000000
60 23 12 37.50000000
60 23 13 37.50000000
60 23 14 37.50000000
60 23 15 37.50000000
60 23 16 18.75000000
60 23 17 18.75000000
60 23 18 18.75000000
60 23 19 18.75000000
60 23 20 18.75000000
60 23 21 18.75000000
60 23 22 18.75000000
60 23 23 18.85000000
60 24 8 18.75000000
60 24 9 18.75000000
60 24 10 18.75000000
60 24 11 18.75000000
60 24 13 18.75000000
60 24 14 18.75000000
60 24 15 18.75000000
60 24 16 56.25000000
60 24 17 56.25000000
60 24 18 56.25000000
60 24 19 56.25000000
60 24 20 37.50000000
60 24 21 37.50000000
60 24 22 37.50000000
60 24 23 37.50000000
60 24 24 18.95000000
60 24 25 18.75000000
60 24 26 18.75000000
60 24 27 18.75000000
60 24 28 18.75000000
60 25 8 18.75000000
60 25 9 18.75000000
60 25 10 18.75000000
60 25 11 18.75000000
60 25 14 18.75000000
60 25 15 18.75000000
60 25 16 56.25000000
60 25 17 56.25000000
60 25 18 56.25000000
60 25 19 56.25000000
60 25 20 37.50000000
60 25 21 37.50000000
60 25 22 37.50000000
60 25 23 37.50000000
60 25 24 18.75000000
60 25 25 18.95000000
60 25 26 18.75000000
60 25 27 18.75000000
60 25 28 18.75000000
60 25 29 18.75000000
60 26 8 18.75000000
60 26 9 18.75000000
60 26 10 18.75000000
60 26 11 18.75000000
60 26 15 18.75000000
60 26 16 56.25000000
60 26 17 56.25000000
60 26 18 56.25000000
60 26 19 56.25000000
60 26 20 37.50000000
60 26 21 37.50000000
60 26 22 37.50000000
60 26 23 37.50000000
60 26 24 18.75000000
60 26 25 18.75000000
60 26 26 18.95000000
60 26 27 18.75000000
60 26 28 18.75000000
60 26 29 18.75000000
60 26 30 18.75000000
60 27 8 18.75000000
60 27 9 18.75000000
60 27 10 18.75000000
60 27 11 18.75000000
60 27 16 56.25000000
60 27 17 56.25000000
60 27 18 56.25000000
60 27 19 56.25000000
60 27 20 37.50000000
60 27 21 37.50000000
60 27 22 37.50000000
60 27 23 37.50000000
60 27 24 18.75000000
60 27 25 18.75000000
60 27 26 18.75000000
60 27 27 18.95000000
60 27 28 18.75000000
60 27 29 18.75000000
60 27 30 18.75000000
60 27 31 18.75000000
60 28 9 18.75000000
60 28 10 18.75000000
60 28 11 18.75000000
60 28 16 56.25000000
60 28 17 56.25000000
60 28 18 56.25000000
60 28 19 56.25000000
60 28 20 18.75000000
60 28 21 37.50000000
60 28 22 37.50000000
60 28 23 37.50000000
60 28 24 56.25000000
60 28 25 18.75000000
60 28 26 18.75000000
60 28 27 18.75000000
60 28 28 18.85000000
60 28 29 18.75000000
60 28 30 18.75000000
60 28 31 18.75000000
60 29 10 18.75000000
60 29 11 18.75000000
60 29 16 56.25000000
60 29 17 56.25000000
60 29 18 56.25000000
60 29 19 56.25000000
60 29 20 18.75000000
60 29 21 18.75000000
60 29 22 37.50000000
60 29 23 37.50000000
60 29 24 56.25000000
60 29 25 56.25000000
60 29 26 18.75000000
60 29 27 18.75000000
60 29 28 18.75000000
60 29 29 18.85000000
60 29 30 18.75000000
60 29 31 18.75000000
60 30 11 18.75000000
60 30 16 56.25000000
60 30 17 56.25000000
60 30 18 56.25000000
60 30 19 56.25000000
60 30 20 18.75000000
60 30 21 18.75000000
60 30 22 18.75000000
60 30 23 37.50000000
60 30 24 56.25000000
60 30 25 56.25000000
60 30 26 56.25000000
60 30 27 18.75000000
60 30 28 18.75000000
60 30 29 18.75000000
60 30 30 18.85000000
60 30 31 18.75000000
60 31 16 56.25000000
60 31 17 56.25000000
60 31 18 56.25000000
60 31 19 56.25000000
60 31 20 18.75000000
60 31 21 18.75000000
60 31 22 18.75000000
60 31 23 18.75000000
60 31 24 56.25000000
60 31 25 56.25000000
60 31 26 56.25000000
60 31 27 56.25000000
60 31 28 18.75000000
60 31 29 18.75000000
60 31 30 18.75000000
60 31 31 18.85000000
60 32 17 18.75000000
60 32 18 18.75000000
60 32 19 18.75000000
60 32 24 56.25000000
60 32 25 56.25000000
60 32 26 56.25000000
60 32 27 56.25000000
60 32 28 18.75000000
60 32 29 37.50000000
60 32 30 37.50000000
60 32 31 37.50000000
60 33 18 18.75000000
60 33 19 18.75000000
60 33 24 56.25000000
60 33 25 56.25000000
60 33 26 56.25000000
60 33 27 56.25000000
60 33 28 18.75000000
60 33 29 18.75000000
60 33 30 37.50000000
60 33 31 37.50000000
60 34 19 18.75000000
60 34 24 56.25000000
60 34 25 56.25000000
60 34 26 56.25000000
60 34 27 56.25000000
60 34 28 18.75000000
60 34 29 18.75000000
60 34 30 18.75000000
60 34 31 37.50000000
60 35 24 56.25000000
60 35 25 56.25000000
60 35 26 56.25000000
60 35 27 56.25000000
60 35 28 18.75000000
60 35 29 18.75000000
60 35 30 18.75000000
60 35 31 18.75000000
60 36 24 18.75000000
60 36 25 56.25000000
60 36 26 56.25000000
60 36 27 56.25000000
60 36 28 18.75000000
60 36 29 18.75000000
60 36 30 18.75000000
60 36 31 18.75000000
60 37 24 18.75000000
60 37 25 18.75000000
60 37 26 56.25000000
60 37 27 56.25000000
60 37 28 18.75000000
60 37 29 18.75000000
60 37 30 18.75000000
60 37 31 18.75000000
60 38 24 18.75000000
60 38 25 18.75000000
60 38 26 18.75000000
60 38 27 56.25000000
60 38 28 18.75000000
60 38 29 18.75000000
60 38 30 18.75000000
60 38 31 18.75000000
60 39 24 18.75000000
60 39 25 18.75000000
60 39 26 18.75000000
60 39 27 18.75000000
60 39 28 18.75000000
60 39 29 18.75000000
60 39 30 18.75000000
60 39 31 18.75000000
60 48 48 0.10000000
60 49 49 0.10000000
60 50 50 0.10000000
60 51 51 0.10000000
60 56 2 4.00000000
60 56 6 2.00000000
60 56 10 4.00000000
60 56 14 2.00000000
60 56 18 4.00000000
60 56 22 2.00000000
60 56 26 4.00000000
60 56 30 2.00000000
60 56 50 2.00000000
60 56 56 0.20000000
60 56 58 4.00000000
60 56 62 2.00000000
60 57 57 0.20000000
60 58 58 0.20000000
60 59 59 0.20000000
60 60 60 0.10000000
60 61 61 0.10000000
60 62 62 0.10000000
60 63 3 4.00000000
60 63 7 2.00000000
60 63 11 4.00000000
60 63 15 2.00000000
60 63 19 4.00000000
60 63 23 2.00000000
60 63 27 4.00000000
60 63 31 2.00000000
60 63 51 2.00000000
60 63 59 4.00000000
60 63 63 2.10000000
61 0 0 4.20000000
61 0 4 2.00000000
61 0 8 4.00000000
61 0 12 2.00000000
61 0 16 2.00000000
61 0 20 2.00000000
61 0 40 20.75000000
61 0 41 18.75000000
61 0 42 18.75000000
61 0 43 18.75000000
61 0 44 39.50000000
61 0 45 18.75000000
61 0 46 18.75000000
61 0 47 18.75000000
61 0 48 22.75000000
61 0 52 2.00000000
61 0 56 4.00000000
61 0 60 2.00000000
61 1 1 0.20000000
61 1 40 18.75000000
61 1 41 18.75000000
61 1 42 18.75000000
61 1 43 18.75000000
61 1 44 37.50000000
61 1 45 37.50000000
61 1 46 18.75000000
61 1 47 18.75000000
61 1 48 18.75000000
61 1 49 18.75000000
61 2 2 0.20000000
61 2 40 18.75000000
61 2 41 18.75000000
61 2 42 18.75000000
61 2 43 18.75000000
61 2 44 37.50000000
61 2 45 37.50000000
61 2 46 37.50000000
61 2 47 18.75000000
61 2 48 18.75000000
61 2 49 18.75000000
61 2 50 18.75000000
61 3 3 0.20000000
61 3 40 18.75000000
61 3 41 18.75000000
61 3 42 18.75000000
61 3 43 18.75000000
61 3 44 37.50000000
61 3 45 37.50000000
61 3 46 37.50000000
61 3 47 37.50000000
61 3 48 18.75000000
61 3 49 18.75000000
61 3 50 18.75000000
61 3 51 18.75000000
61 4 4 0.10000000
61 4 40 37.50000000
61 4 41 18.75000000
61 4 42 18.75000000
61 4 43 18.75000000
61 4 44 37.50000000
61 4 45 37.50000000
61 4 46 37.50000000
61 4 47 37.50000000
61 4 48 18.75000000
61 4 49 18.75000000
61 4 50 18.75000000
61 4 51 18.75000000
61 4 52 18.75000000
61 5 5 0.10000000
61 5 40 37.50000000
61 5 41 37.50000000
61 5 42 18.75000000
61 5 43 18.75000000
61 5 44 37.50000000
61 5 45 37.50000000
61 5 46 37.50000000
61 5 47 37.50000000
61 5 48 18.75000000
61 5 49 18.75000000
61 5 50 18.75000000
61 5 51 18.75000000
61 5 52 18.75000000
61 5 53 18.75000000
61 6 6 0.10000000
61 6 40 37.50000000
61 6 41 37.50000000
61 6 42 37.50000000
61 6 43 18.75000000
61 6 44 37.50000000
61 6 45 37.50000000
61 6 46 37.50000000
61 6 47 37.50000000
61 6 48 18.75000000
61 6 49 18.75000000
61 6 50 18.75000000
61 6 51 18.75000000
61 6 52 18.75000000
61 6 53 18.75000000
61 6 54 18.75000000
61 7 1 4.00000000
61 7 5 2.00000000
61 7 7 0.10000000
61 7 9 4.00000000
61 7 13 2.00000000
61 7 17 2.00000000
61 7 21 2.00000000
61 7 40 37.50000000
61 7 41 39.50000000
61 7 42 37.50000000
61 7 43 37.50000000
61 7 44 37.50000000
61 7 45 39.50000000
61 7 46 37.50000000
61 7 47 37.50000000
61 7 48 18.75000000
61 7 49 22.75000000
61 7 50 18.75000000
61 7 51 18.75000000
61 7 52 18.75000000
61 7 53 20.75000000
61 7 54 18.75000000
61 7 55 18.75000000
61 7 57 4.00000000
61 7 61 2.00000000
61 8 8 0.20000000
61 8 40 18.75000000
61 8 41 18.75000000
61 8 42 18.75000000
61 8 43 18.75000000
61 8 45 18.75000000
61 8 46 18.75000000
61 8 47 18.75000000
61 8 48 56.25000000
61 8 49 56.25000000
61 8 50 56.25000000
61 8 51 56.25000000
61 8 52 37.50000000
61 8 53 37.50000000
61 8 54 37.50000000
61 8 55 37.50000000
61 8 56 18.75000000
61 8 57 18.75000000
61 8 58 18.75000000
61 8 59 18.75000000
61 8 60 18.75000000
61 9 9 0.20000000
61 9 40 18.75000000
61 9 41 18.75000000
61 9 42 18.75000000
61 9 43 18.75000000
61 9 46 18.75000000
61 9 47 18.75000000
61 9 48 56.25000000
61 9 49 56.25000000
61 9 50 56.25000000
61 9 51 56.25000000
61 9 52 37.50000000
61 9 53 37.50000000
61 9 54 37.50000000
61 9 55 37.50000000
61 9 56 18.75000000
61 9 57 18.75000000
61 9 58 18.75000000
61 9 59 18.75000000
61 9 60 18.75000000
61 9 61 18.75000000
61 10 10 0.20000000
61 10 40 18.75000000
61 10 41 18.75000000
61 10 42 18.75000000
61 10 43 18.75000000
61 10 47 18.75000000
61 10 48 56.25000000
61 10 49 56.25000000
61 10 50 56.25000000
61 10 51 56.25000000
61 10 52 37.50000000
61 10 53 37.50000000
61 10 54 37.50000000
61 10 55 37.50000000
61 10 56 18.75000000
61 10 57 18.75000000
61 10 58 18.75000000
61 10 59 18.75000000
61 10 60 18.75000000
61 10 61 18.75000000
61 10 62 18.75000000
61 11 11 0.20000000
61 11 40 18.75000000
61 11 41 18.75000000
61 11 42 18.75000000
61 11 43 18.75000000
61 11 48 56.25000000
61 11 49 56.25000000
61 11 50 56.25000000
61 11 51 56.25000000
61 11 52 37.50000000
61 11 53 37.50000000
61 11 54 37.50000000
61 11 55 37.50000000
61 11 56 18.75000000
61 11 57 18.75000000
61 11 58 18.75000000
61 11 59 18.75000000
61 11 60 18.75000000
61 11 61 18.75000000
61 11 62 18.75000000
61 11 63 18.75000000
61 12 12 0.10000000
61 12 41 18.75000000
61 12 42 18.75000000
61 12 43 18.75000000
61 12 48 56.25000000
61 12 49 56.25000000
61 12 50 56.25000000
61 12 51 56.25000000
61 12 52 18.75000000
61 12 53 37.50000000
61 12 54 37.50000000
61 12 55 37.50000000
61 12 56 56.25000000
61 12 57 18.75000000
61 12 58 18.75000000
61 12 59 18.75000000
61 12 60 18.75000000
61 12 61 18.75000000
61 12 62 18.75000000
61 12 63 18.75000000
61 13 13 0.10000000
61 13 42 18.75000000
61 13 43 18.75000000
61 13 48 56.25000000
61 13 49 56.25000000
61 13 50 56.25000000
61 13 51 56.25000000
61 13 52 18.75000000
61 13 53 18.75000000
61 13 54 37.50000000
61 13 55 37.50000000
61 13 56 56.25000000
61 13 57 56.25000000
61 13 58 18.75000000
61 13 59 18.75000000
61 13 60 18.75000000
61 13 61 18.75000000
61 13 62 18.75000000
61 13 63 18.75000000
61 14 14 0.10000000
61 14 43 18.75000000
61 14 48 56.25000000
61 14 49 56.25000000
61 14 50 56.25000000
61 14 51 56.25000000
61 14 52 18.75000000
61 14 53 18.75000000
61 14 54 18.75000000
61 14 55 37.50000000
61 14 56 56.25000000
61 14 57 56.25000000
61 14 58 56.25000000
61 14 59 18.75000000
61 14 60 18.75000000
61 14 61 18.75000000
61 14 62 18.75000000
61 14 63 18.75000000
61 15 15 0.10000000
61 15 48 56.25000000
61 15 49 56.25000000
61 15 50 56.25000000
61 15 51 56.25000000
61 15 52 18.75000000
61 15 53 18.75000000
61 15 54 18.75000000
61 15 55 18.75000000
61 15 56 56.25000000
61 15 57 56.25000000
61 15 58 56.25000000
61 15 59 56.25000000
61 15 60 18.75000000
61 15 61 18.75000000
61 15 62 18.75000000
61 15 63 18.75000000
61 16 0 56.25000000
61 16 1 18.75000000
61 16 2 18.75000000
61 16 3 18.75000000
61 16 4 18.75000000
61 16 5 18.75000000
61 16 6 18.75000000
61 16 7 18.75000000
61 16 16 0.10000000
61 16 49 18.75000000
61 16 50 18.75000000
61 16 51 18.75000000
61 16 56 56.25000000
61 16 57 56.25000000
61 16 58 56.25000000
61 16 59 56.25000000
61 16 60 18.75000000
61 16 61 37.50000000
61 16 62 37.50000000
61 16 63 37.50000000
61 17 0 56.25000000
61 17 1 56.25000000
61 17 2 18.75000000
61 17 3 18.75000000
61 17 4 18.75000000
61 17 5 18.75000000
61 17 6 18.75000000
61 17 7 18.75000000
61 17 17 0.10000000
61 17 50 18.75000000
61 17 51 18.75000000
61 17 56 56.25000000
61 17 57 56.25000000
61 17 58 56.25000000
61 17 59 56.25000000
61 17 60 18.75000000
61 17 61 18.75000000
61 17 62 37.50000000
61 17 63 37.50000000
61 18 0 56.25000000
61 18 1 56.25000000
61 18 2 56.25000000
61 18 3 18.75000000
61 18 4 18.75000000
61 18 5 18.75000000
61 18 6 18.75000000
61 18 7 18.75000000
61 18 18 0.10000000
61 18 51 18.75000000
61 18 56 56.25000000
61 18 57 56.25000000
61 18 58 56.25000000
61 18 59 56.25000000
61 18 60 18.75000000
61 18 61 18.75000000
61 18 62 18.75000000
61 18 63 37.50000000
61 19 0 56.25000000
61 19 1 56.25000000
61 19 2 56.25000000
61 19 3 56.25000000
61 19 4 18.75000000
61 19 5 18.75000000
61 19 6 18.75000000
61 19 7 18.75000000
61 19 19 0.10000000
61 19 56 56.25000000
61 19 57 56.25000000
61 19 58 56.25000000
61 19 59 56.25000000
61 19 60 18.75000000
61 19 61 18.75000000
61 19 62 18.75000000
61 19 63 18.75000000
61 20 0 56.25000000
61 20 1 56.25000000
61 20 2 56.25000000
61 20 3 56.25000000
61 20 4 37.50000000
61 20 5 18.75000000
61 20 6 18.75000000
61 20 7 18.75000000
61 20 8 18.75000000
61 20 20 0.10000000
61 20 56 18.75000000
61 20 57 56.25000000
61 20 58 56.25000000
61 20 59 56.25000000
61 20 60 18.75000000
61 20 61 18.75000000
61 20 62 18.75000000
61 20 63 18.75000000
61 21 0 56.25000000
61 21 1 56.25000000
61 21 2 56.25000000
61 21 3 56.25000000
61 21 4 37.50000000
61 21 5 37.50000000
61 21 6 18.75000000
61 21 7 18.75000000
61 21 8 18.75000000
61 21 9 18.75000000
61 21 21 0.10000000
61 21 56 18.75000000
61 21 57 18.75000000
61 21 58 56.25000000
61 21 59 56.25000000
61 21 60 18.75000000
61 21 61 18.75000000
61 21 62 18.75000000
61 21 63 18.75000000
61 22 0 56.25000000
61 22 1 56.25000000
61 22 2 56.25000000
61 22 3 56.25000000
61 22 4 37.50000000
61 22 5 37.50000000
61 22 6 37.50000000
61 22 7 18.75000000
61 22 8 18.75000000
61 22 9 18.75000000
61 22 10 18.75000000
61 22 22 0.10000000
61 22 56 18.75000000
61 22 57 18.75000000
61 22 58 18.75000000
61 22 59 56.25000000
61 22 60 18.75000000
61 22 61 18.75000000
61 22 62 18.75000000
61 22 63 18.75000000
61 23 0 56.25000000
61 23 1 56.25000000
61 23 2 56.25000000
61 23 3 56.25000000
61 23 4 37.50000000
61 23 5 37.50000000
61 23 6 37.50000000
61 23 7 37.50000000
61 23 8 18.75000000
61 23 9 18.75000000
61 23 10 18.75000000
61 23 11 18.75000000
61 23 23 0.10000000
61 23 56 18.75000000
61 23 57 18.75000000
61 23 58 18.75000000
61 23 59 18.75000000
61 23 60 18.75000000
61 23 61 18.75000000
61 23 62 18.75000000
61 23 63 18.75000000
61 24 0 18.75000000
61 24 1 56.25000000
61 24 2 56.25000000
61 24 3 56.25000000
61 24 4 18.75000000
61 24 5 18.75000000
61 24 6 18.75000000
61 24 7 18.75000000
61 24 8 56.25000000
61 24 9 56.25000000
61 24 10 56.25000000
61 24 11 56.25000000
61 24 12 37.50000000
61 24 13 18.75000000
61 24 14 18.75000000
61 24 15 18.75000000
61 24 16 18.75000000
61 25 0 18.75000000
61 25 1 18.75000000
61 25 2 56.25000000
61 25 3 56.25000000
61 25 4 18.75000000
61 25 5 18.75000000
61 25 6 18.75000000
61 25 7 18.75000000
61 25 8 56.25000000
61 25 9 56.25000000
61 25 10 56.25000000
61 25 11 56.25000000
61 25 12 37.50000000
61 25 13 37.50000000
61 25 14 18.75000000
61 25 15 18.75000000
61 25 16 18.75000000
61 25 17 18.75000000
61 26 0 18.75000000
61 26 1 18.75000000
61 26 2 18.75000000
61 26 3 56.25000000
61 26 4 18.75000000
61 26 5 18.75000000
61 26 6 18.75000000
61 26 7 18.75000000
61 26 8 56.25000000
61 26 9 56.25000000
61 26 10 56.25000000
61 26 11 56.25000000
61 26 12 37.50000000
61 26 13 37.50000000
61 26 14 37.50000000
61 26 15 18.75000000
61 26 16 18.75000000
61 26 17 18.75000000
61 26 18 18.75000000
61 27 0 18.75000000
61 27 1 18.75000000
61 27 2 18.75000000
61 27 3 18.75000000
61 27 4 18.75000000
61 27 5 18.75000000
61 27 6 18.75000000
61 27 7 18.75000000
61 27 8 56.25000000
61 27 9 56.25000000
61 27 10 56.25000000
61 27 11 56.25000000
61 27 12 37.50000000
61 27 13 37.50000000
61 27 14 37.50000000
61 27 15 37.50000000
61 27 16 18.75000000
61 27 17 18.75000000
61 27 18 18.75000000
61 27 19 18.75000000
61 28 0 18.75000000
61 28 1 18.75000000
61 28 2 18.75000000
61 28 3 18.75000000
61 28 5 18.75000000
61 28 6 18.75000000
61 28 7 18.75000000
61 28 8 56.25000000
61 28 9 56.25000000
61 28 10 56.25000000
61 28 11 56.25000000
61 28 12 37.50000000
61 28 13 37.50000000
61 28 14 37.50000000
61 28 15 37.50000000
61 28 16 18.75000000
61 28 17 18.75000000
61 28 18 18.75000000
61 28 19 18.75000000
61 28 20 18.75000000
61 29 0 18.75000000
61 29 1 18.75000000
61 29 2 18.75000000
61 29 3 18.75000000
61 29 6 18.75000000
61 29 7 18.75000000
61 29 8 56.25000000
61 29 9 56.25000000
61 29 10 56.25000000
61 29 11 56.25000000
61 29 12 37.50000000
61 29 13 37.50000000
61 29 14 37.50000000
61 29 15 37.50000000
61 29 16 18.75000000
61 29 17 18.75000000
61 29 18 18.75000000
61 29 19 18.75000000
61 29 20 18.75000000
61 29 21 18.75000000
61 30 0 18.75000000
61 30 1 18.75000000
61 30 2 18.75000000
61 30 3 18.75000000
61 30 7 18.75000000
61 30 8 56.25000000
61 30 9 56.25000000
61 30 10 56.25000000
61 30 11 56.25000000
61 30 12 37.50000000
61 30 13 37.50000000
61 30 14 37.50000000
61 30 15 37.50000000
61 30 16 18.75000000
61 30 17 18.75000000
61 30 18 18.75000000
61 30 19 18.75000000
61 30 20 18.75000000
61 30 21 18.75000000
61 30 22 18.75000000
61 31 0 18.75000000
61 31 1 18.75000000
61 31 2 18.75000000
61 31 3 18.75000000
61 31 8 56.25000000
61 31 9 56.25000000
61 31 10 56.25000000
61 31 11 56.25000000
61 31 12 37.50000000
61 31 13 37.50000000
61 31 14 37.50000000
61 31 15 37.50000000
61 31 16 18.75000000
61 31 17 18.75000000
61 31 18 18.75000000
61 31 19 18.75000000
61 31 20 18.75000000
61 31 21 18.75000000
61 31 22 18.75000000
61 31 23 18.75000000
61 32 8 18.75000000
61 32 9 18.75000000
61 32 10 18.75000000
61 32 11 18.75000000
61 32 13 18.75000000
61 32 14 18.75000000
61 32 15 18.75000000
61 32 16 18.75000000
61 32 17 37.50000000
61 32 18 37.50000000
61 32 19 37.50000000
61 32 20 37.50000000
61 32 21 37.50000000
61 32 22 37.50000000
61 32 23 37.50000000
61 33 8 18.75000000
61 33 9 18.75000000
61 33 10 18.75000000
61 33 11 18.75000000
61 33 14 18.75000000
61 33 15 18.75000000
61 33 16 18.75000000
61 33 17 18.75000000
61 33 18 37.50000000
61 33 19 37.50000000
61 33 20 37.50000000
61 33 21 37.50000000
61 33 22 37.50000000
61 33 23 37.50000000
61 34 8 18.75000000
61 34 9 18.75000000
61 34 10 18.75000000
61 34 11 18.75000000
61 34 15 18.75000000
61 34 16 18.75000000
61 34 17 18.75000000
61 34 18 18.75000000
61 34 19 37.50000000
61 34 20 37.50000000
61 34 21 37.50000000
61 34 22 37.50000000
61 34 23 37.50000000
61 35 8 18.75000000
61 35 9 18.75000000
61 35 10 18.75000000
61 35 11 18.75000000
61 35 16 18.75000000
61 35 17 18.75000000
61 35 18 18.75000000
61 35 19 18.75000000
61 35 20 37.50000000
61 35 21 37.50000000
61 35 22 37.50000000
61 35 23 37.50000000
61 36 9 18.75000000
61 36 10 18.75000000
61 36 11 18.75000000
61 36 16 18.75000000
61 36 17 18.75000000
61 36 18 18.75000000
61 36 19 18.75000000
61 36 20 18.75000000
61 36 21 37.50000000
61 36 22 37.50000000
61 36 23 37.50000000
61 37 10 18.75000000
61 37 11 18.75000000
61 37 16 18.75000000
61 37 17 18.75000000
61 37 18 18.75000000
61 37 19 18.75000000
61 37 20 18.75000000
61 37 21 18.75000000
61 37 22 37.50000000
61 37 23 37.50000000
61 38 11 18.75000000
61 38 16 18.75000000
61 38 17 18.75000000
61 38 18 18.75000000
61 38 19 18.75000000
61 38 20 18.75000000
61 38 21 18.75000000
61 38 22 18.75000000
61 38 23 37.50000000
61 39 16 18.75000000
61 39 17 18.75000000
61 39 18 18.75000000
61 39 19 18.75000000
61 39 20 18.75000000
61 39 21 18.75000000
61 39 22 18.75000000
61 39 23 18.75000000
61 40 40 0.10000000
61 41 41 0.10000000
61 42 42 0.10000000
61 43 43 0.10000000
61 44 44 0.10000000
61 45 45 0.10000000
61 46 46 0.10000000
61 47 47 0.10000000
61 48 48 0.20000000
61 49 49 0.20000000
61 50 50 0.20000000
61 51 51 0.20000000
61 52 52 0.10000000
61 53 53 0.10000000
61 54 54 0.10000000
61 55 55 0.10000000
61 56 2 4.00000000
61 56 6 2.00000000
61 56 10 4.00000000
61 56 14 2.00000000
61 56 18 2.00000000
61 56 22 2.00000000
61 56 42 2.00000000
61 56 46 2.00000000
61 56 50 4.00000000
61 56 54 2.00000000
61 56 56 0.20000000
61 56 58 4.00000000
61 56 62 2.00000000
61 57 57 0.20000000
61 58 58 0.20000000
61 59 59 0.20000000
61 60 60 0.10000000
61 61 61 0.10000000
61 62 62 0.10000000
61 63 3 4.00000000
61 63 7 2.00000000
61 63 11 4.00000000
61 63 15 2.00000000
61 63 19 2.00000000
61 63 23 2.00000000
61 63 43 2.00000000
61 63 47 2.00000000
61 63 51 4.00000000
61 63 55 2.00000000
61 63 59 4.00000000
61 63 63 2.10000000
62 0 0 4.20000000
62 0 4 2.00000000
62 0 8 2.00000000
62 0 32 60.25000000
62 0 33 18.75000000
62 0 34 18.75000000
62 0 35 18.75000000
62 0 36 20.75000000
62 0 37 18.75000000
62 0 38 18.75000000
62 0 39 18.75000000
62 0 40 4.00000000
62 0 44 2.00000000
62 0 48 4.00000000
62 0 52 2.00000000
62 0 56 4.00000000
62 0 60 2.00000000
62 1 1 0.20000000
62 1 32 56.25000000
62 1 33 56.25000000
62 1 34 18.75000000
62 1 35 18.75000000
62 1 36 18.75000000
62 1 37 18.75000000
62 1 38 18.75000000
62 1 39 18.75000000
62 2 2 0.20000000
62 2 32 56.25000000
62 2 33 56.25000000
62 2 34 56.25000000
62 2 35 18.75000000
62 2 36 18.75000000
62 2 37 18.75000000
62 2 38 18.75000000
62 2 39 18.75000000
62 3 3 0.20000000
62 3 32 56.25000000
62 3 33 56.25000000
62 3 34 56.25000000
62 3 35 56.25000000
62 3 36 18.75000000
62 3 37 18.75000000
62 3 38 18.75000000
62 3 39 18.75000000
62 4 4 0.10000000
62 4 32 56.25000000
62 4 33 56.25000000
62 4 34 56.25000000
62 4 35 56.25000000
62 4 36 37.50000000
62 4 37 18.75000000
62 4 38 18.75000000
62 4 39 18.75000000
62 4 40 18.75000000
62 5 5 0.10000000
62 5 32 56.25000000
62 5 33 56.25000000
62 5 34 56.25000000
62 5 35 56.25000000
62 5 36 37.50000000
62 5 37 37.50000000
62 5 38 18.75000000
62 5 39 18.75000000
62 5 40 18.75000000
62 5 41 18.75000000
62 6 6 0.10000000
62 6 32 56.25000000
62 6 33 56.25000000
62 6 34 56.25000000
62 6 35 56.25000000
62 6 36 37.50000000
62 6 37 37.50000000
62 6 38 37.50000000
62 6 39 18.75000000
62 6 40 18.75000000
62 6 41 18.75000000
62 6 42 18.75000000
62 7 1 4.00000000
62 7 5 2.00000000
62 7 7 0.10000000
62 7 9 2.00000000
62 7 32 56.25000000
62 7 33 60.25000000
62 7 34 56.25000000
62 7 35 56.25000000
62 7 36 37.50000000
62 7 37 39.50000000
62 7 38 37.50000000
62 7 39 37.50000000
62 7 40 18.75000000
62 7 41 22.75000000
62 7 42 18.75000000
62 7 43 18.75000000
62 7 45 2.00000000
62 7 49 4.00000000
62 7 53 2.00000000
62 7 57 4.00000000
62 7 61 2.00000000
62 8 8 0.10000000
62 8 32 18.75000000
62 8 33 56.25000000
62 8 34 56.25000000
62 8 35 56.25000000
62 8 36 18.75000000
62 8 37 18.75000000
62 8 38 18.75000000
62 8 39 18.75000000
62 8 40 56.25000000
62 8 41 56.25000000
62 8 42 56.25000000
62 8 43 56.25000000
62 8 44 37.50000000
62 8 45 18.75000000
62 8 46 18.75000000
62 8 47 18.75000000
62 8 48 18.75000000
62 9 9 0.10000000
62 9 32 18.75000000
62 9 33 18.75000000
62 9 34 56.25000000
62 9 35 56.25000000
62 9 36 18.75000000
62 9 37 18.75000000
62 9 38 18.75000000
62 9 39 18.75000000
62 9 40 56.25000000
62 9 41 56.25000000
62 9 42 56.25000000
62 9 43 56.25000000
62 9 44 37.50000000
62 9 45 37.50000000
62 9 46 18.75000000
62 9 47 18.75000000
62 9 48 18.75000000
62 9 49 18.75000000
62 10 10 0.10000000
62 10 32 18.75000000
62 10 33 18.75000000
62 10 34 18.75000000
62 10 35 56.25000000
62 10 36 18.75000000
62 10 37 18.75000000
62 10 38 18.75000000
62 10 39 18.75000000
62 10 40 56.25000000
62 10 41 56.25000000
62 10 42 56.25000000
62 10 43 56.25000000
62 10 44 37.50000000
62 10 45 37.50000000
62 10 46 37.50000000
62 10 47 18.75000000
62 10 48 18.75000000
62 10 49 18.75000000
62 10 50 18.75000000
62 11 11 0.10000000
62 11 32 18.75000000
62 11 33 18.75000000
62 11 34 18.75000000
62 11 35 18.75000000
62 11 36 18.75000000
62 11 37 18.75000000
62 11 38 18.75000000
62 11 39 18.75000000
62 11 40 56.25000000
62 11 41 56.25000000
62 11 42 56.25000000
62 11 43 56.25000000
62 11 44 37.50000000
62 11 45 37.50000000
62 11 46 37.50000000
62 11 47 37.50000000
62 11 48 18.75000000
62 11 49 18.75000000
62 11 50 18.75000000
62 11 51 18.75000000
62 12 32 18.75000000
62 12 33 18.75000000
62 12 34 18.75000000
62 12 35 18.75000000
62 12 37 18.75000000
62 12 38 18.75000000
62 12 39 18.75000000
62 12 40 56.25000000
62 12 41 56.25000000
62 12 42 56.25000000
62 12 43 56.25000000
62 12 44 37.50000000
62 12 45 37.50000000
62 12 46 37.50000000
62 12 47 37.50000000
62 12 48 18.75000000
62 12 49 18.75000000
62 12 50 18.75000000
62 12 51 18.75000000
62 12 52 18.75000000
62 13 32 18.75000000
62 13 33 18.75000000
62 13 34 18.75000000
62 13 35 18.75000000
62 13 38 18.75000000
62 13 39 18.75000000
62 13 40 56.25000000
62 13 41 56.25000000
62 13 42 56.25000000
62 13 43 56.25000000
62 13 44 37.50000000
62 13 45 37.50000000
62 13 46 37.50000000
62 13 47 37.50000000
62 13 48 18.75000000
62 13 49 18.75000000
62 13 50 18.75000000
62 13 51 18.75000000
62 13 52 18.75000000
62 13 53 18.75000000
62 14 32 18.75000000
62 14 33 18.75000000
62 14 34 18.75000000
62 14 35 18.75000000
62 14 39 18.75000000
62 14 40 56.25000000
62 14 41 56.25000000
62 14 42 56.25000000
62 14 43 56.25000000
62 14 44 37.50000000
62 14 45 37.50000000
62 14 46 37.50000000
62 14 47 37.50000000
62 14 48 18.75000000
62 14 49 18.75000000
62 14 50 18.75000000
62 14 51 18.75000000
62 14 52 18.75000000
62 14 53 18.75000000
62 14 54 18.75000000
62 15 32 18.75000000
62 15 33 18.75000000
62 15 34 18.75000000
62 15 35 18.75000000
62 15 40 56.25000000
62 15 41 56.25000000
62 15 42 56.25000000
62 15 43 56.25000000
62 15 44 37.50000000
62 15 45 37.50000000
62 15 46 37.50000000
62 15 47 37.50000000
62 15 48 18.75000000
62 15 49 18.75000000
62 15 50 18.75000000
62 15 51 18.75000000
62 15 52 18.75000000
62 15 53 18.75000000
62 15 54 18.75000000
62 15 55 18.75000000
62 16 40 18.75000000
62 16 41 18.75000000
62 16 42 18.75000000
62 16 43 18.75000000
62 16 45 18.75000000
62 16 46 18.75000000
62 16 47 18.75000000
62 16 48 56.25000000
62 16 49 56.25000000
62 16 50 56.25000000
62 16 51 56.25000000
62 16 52 37.50000000
62 16 53 37.50000000
62 16 54 37.50000000
62 16 55 37.50000000
62 16 56 18.75000000
62 16 57 18.75000000
62 16 58 18.75000000
62 16 59 18.75000000
62 16 60 18.75000000
62 17 40 18.75000000
62 17 41 18.75000000
62 17 42 18.75000000
62 17 43 18.75000000
62 17 46 18.75000000
62 17 47 18.75000000
62 17 48 56.25000000
62 17 49 56.25000000
62 17 50 56.25000000
62 17 51 56.25000000
62 17 52 37.50000000
62 17 53 37.50000000
62 17 54 37.50000000
62 17 55 37.50000000
62 17 56 18.75000000
62 17 57 18.75000000
62 17 58 18.75000000
62 17 59 18.75000000
62 17 60 18.75000000
62 17 61 18.75000000
62 18 40 18.75000000
62 18 41 18.75000000
62 18 42 18.75000000
62 18 43 18.75000000
62 18 47 18.75000000
62 18 48 56.25000000
62 18 49 56.25000000
62 18 50 56.25000000
62 18 51 56.25000000
62 18 52 37.50000000
62 18 53 37.50000000
62 18 54 37.50000000
62 18 55 37.50000000
62 18 56 18.75000000
62 18 57 18.75000000
62 18 58 18.75000000
62 18 59 18.75000000
62 18 60 18.75000000
62 18 61 18.75000000
62 18 62 18.75000000
62 19 40 18.75000000
62 19 41 18.75000000
62 19 42 18.75000000
62 19 43 18.75000000
62 19 48 56.25000000
62 19 49 56.25000000
62 19 50 56.25000000
62 19 51 56.25000000
62 19 52 37.50000000
62 19 53 37.50000000
62 19 54 37.50000000
62 19 55 37.50000000
62 19 56 18.75000000
62 19 57 18.75000000
62 19 58 18.75000000
62 19 59 18.75000000
62 19 60 18.75000000
62 19 61 18.75000000
62 19 62 18.75000000
62 19 63 18.75000000
62 20 41 18.75000000
62 20 42 18.75000000
62 20 43 18.75000000
62 20 48 56.25000000
62 20 49 56.25000000
62 20 50 56.25000000
62 20 51 56.25000000
62 20 52 18.75000000
62 20 53 37.50000000
62 20 54 37.50000000
62 20 55 37.50000000
62 20 56 56.25000000
62 20 57 18.75000000
62 20 58 18.75000000
62 20 59 18.75000000
62 20 60 18.75000000
62 20 61 18.75000000
62 20 62 18.75000000
62 20 63 18.75000000
62 21 42 18.75000000
62 21 43 18.75000000
62 21 48 56.25000000
62 21 49 56.25000000
62 21 50 56.25000000
62 21 51 56.25000000
62 21 52 18.75000000
62 21 53 18.75000000
62 21 54 37.50000000
62 21 55 37.50000000
62 21 56 56.25000000
62 21 57 56.25000000
62 21 58 18.75000000
62 21 59 18.75000000
62 21 60 18.75000000
62 21 61 18.75000000
62 21 62 18.75000000
62 21 63 18.75000000
62 22 43 18.75000000
62 22 48 56.25000000
62 22 49 56.25000000
62 22 50 56.25000000
62 22 51 56.25000000
62 22 52 18.75000000
62 22 53 18.75000000
62 22 54 18.75000000
62 22 55 37.50000000
62 22 56 56.25000000
62 22 57 56.25000000
62 22 58 56.25000000
62 22 59 18.75000000
62 22 60 18.75000000
62 22 61 18.75000000
62 22 62 18.75000000
62 22 63 18.75000000
62 23 48 56.25000000
62 23 49 56.25000000
62 23 50 56.25000000
62 23 51 56.25000000
62 23 52 18.75000000
62 23 53 18.75000000
62 23 54 18.75000000
62 23 55 18.75000000
62 23 56 56.25000000
62 23 57 56.25000000
62 23 58 56.25000000
62 23 59 56.25000000
62 23 60 18.75000000
62 23 61 18.75000000
62 23 62 18.75000000
62 23 63 18.75000000
62 24 0 56.25000000
62 24 1 18.75000000
62 24 2 18.75000000
62 24 3 18.75000000
62 24 4 18.75000000
62 24 5 18.75000000
62 24 6 18.75000000
62 24 7 18.75000000
62 24 49 18.75000000
62 24 50 18.75000000
62 24 51 18.75000000
62 24 56 56.25000000
62 24 57 56.25000000
62 24 58 56.25000000
62 24 59 56.25000000
62 24 60 18.75000000
62 24 61 37.50000000
62 24 62 37.50000000
62 24 63 37.50000000
62 25 0 56.25000000
62 25 1 56.25000000
62 25 2 18.75000000
62 25 3 18.75000000
62 25 4 18.75000000
62 25 5 18.75000000
62 25 6 18.75000000
62 25 7 18.75000000
62 25 50 18.75000000
62 25 51 18.75000000
62 25 56 56.25000000
62 25 57 56.25000000
62 25 58 56.25000000
62 25 59 56.25000000
62 25 60 18.75000000
62 25 61 18.75000000
62 25 62 37.50000000
62 25 63 37.50000000
62 26 0 56.25000000
62 26 1 56.25000000
62 26 2 56.25000000
62 26 3 18.75000000
62 26 4 18.75000000
62 26 5 18.75000000
62 26 6 18.75000000
62 26 7 18.75000000
62 26 51 18.75000000
62 26 56 56.25000000
62 26 57 56.25000000
62 26 58 56.25000000
62 26 59 56.25000000
62 26 60 18.75000000
62 26 61 18.75000000
62 26 62 18.75000000
62 26 63 37.50000000
62 27 0 56.25000000
62 27 1 56.25000000
62 27 2 56.25000000
62 27 3 56.25000000
62 27 4 18.75000000
62 27 5 18.75000000
62 27 6 18.75000000
62 27 7 18.75000000
62 27 56 56.25000000
62 27 57 56.25000000
62 27 58 56.25000000
62 27 59 56.25000000
62 27 60 18.75000000
62 27 61 18.75000000
62 27 62 18.75000000
62 27 63 18.75000000
62 28 0 56.25000000
62 28 1 56.25000000
62 28 2 56.25000000
62 28 3 56.25000000
62 28 4 37.50000000
62 28 5 18.75000000
62 28 6 18.75000000
62 28 7 18.75000000
62 28 8 18.75000000
62 28 56 18.75000000
62 28 57 56.25000000
62 28 58 56.25000000
62 28 59 56.25000000
62 28 60 18.75000000
62 28 61 18.75000000
62 28 62 18.75000000
62 28 63 18.75000000
62 29 0 56.25000000
62 29 1 56.25000000
62 29 2 56.25000000
62 29 3 56.25000000
62 29 4 37.50000000
62 29 5 37.50000000
62 29 6 18.75000000
62 29 7 18.75000000
62 29 8 18.75000000
62 29 9 18.75000000
62 29 56 18.75000000
62 29 57 18.75000000
62 29 58 56.25000000
62 29 59 56.25000000
62 29 60 18.75000000
62 29 61 18.75000000
62 29 62 18.75000000
62 29 63 18.75000000
62 30 0 56.25000000
62 30 1 56.25000000
62 30 2 56.25000000
62 30 3 56.25000000
62 30 4 37.50000000
62 30 5 37.50000000
62 30 6 37.50000000
62 30 7 18.75000000
62 30 8 18.75000000
62 30 9 18.75000000
62 30 10 18.75000000
62 30 56 18.75000000
62 30 57 18.75000000
62 30 58 18.75000000
62 30 59 56.25000000
62 30 60 18.75000000
62 30 61 18.75000000
62 30 62 18.75000000
62 30 63 18.75000000
62 31 0 56.25000000
62 31 1 56.25000000
62 31 2 56.25000000
62 31 3 56.25000000
62 31 4 37.50000000
62 31 5 37.50000000
62 31 6 37.50000000
62 31 7 37.50000000
62 31 8 18.75000000
62 31 9 18.75000000
62 31 10 18.75000000
62 31 11 18.75000000
62 31 56 18.75000000
62 31 57 18.75000000
62 31 58 18.75000000
62 31 59 18.75000000
62 31 60 18.75000000
62 31 61 18.75000000
62 31 62 18.75000000
62 31 63 18.75000000
62 32 0 18.75000000
62 32 1 56.25000000
62 32 2 56.25000000
62 32 3 56.25000000
62 32 4 18.75000000
62 32 5 18.75000000
62 32 6 18.75000000
62 32 7 18.75000000
62 32 8 37.50000000
62 32 9 37.50000000
62 32 10 37.50000000
62 32 11 37.50000000
62 32 32 0.20000000
62 33 0 18.75000000
62 33 1 18.75000000
62 33 2 56.25000000
62 33 3 56.25000000
62 33 4 18.75000000
62 33 5 18.75000000
62 33 6 18.75000000
62 33 7 18.75000000
62 33 8 37.50000000
62 33 9 37.50000000
62 33 10 37.50000000
62 33 11 37.50000000
62 33 33 0.20000000
62 34 0 18.75000000
62 34 1 18.75000000
62 34 2 18.75000000
62 34 3 56.25000000
62 34 4 18.75000000
62 34 5 18.75000000
62 34 6 18.75000000
62 34 7 18.75000000
62 34 8 37.50000000
62 34 9 37.50000000
62 34 10 37.50000000
62 34 11 37.50000000
62 34 34 0.20000000
62 35 0 18.75000000
62 35 1 18.75000000
62 35 2 18.75000000
62 35 3 18.75000000
62 35 4 18.75000000
62 35 5 18.75000000
62 35 6 18.75000000
62 35 7 18.75000000
62 35 8 37.50000000
62 35 9 37.50000000
62 35 10 37.50000000
62 35 11 37.50000000
62 35 35 0.20000000
62 36 0 18.75000000
62 36 1 18.75000000
62 36 2 18.75000000
62 36 3 18.75000000
62 36 5 18.75000000
62 36 6 18.75000000
62 36 7 18.75000000
62 36 8 18.75000000
62 36 9 37.50000000
62 36 10 37.50000000
62 36 11 37.50000000
62 36 36 0.10000000
62 37 0 18.75000000
62 37 1 18.75000000
62 37 2 18.75000000
62 37 3 18.75000000
62 37 6 18.75000000
62 37 7 18.75000000
62 37 8 18.75000000
62 37 9 18.75000000
62 37 10 37.50000000
62 37 11 37.50000000
62 37 37 0.10000000
62 38 0 18.75000000
62 38 1 18.75000000
62 38 2 18.75000000
62 38 3 18.75000000
62 38 7 18.75000000
62 38 8 18.75000000
62 38 9 18.75000000
62 38 10 18.75000000
62 38 11 37.50000000
62 38 38 0.10000000
62 39 0 18.75000000
62 39 1 18.75000000
62 39 2 18.75000000
62 39 3 18.75000000
62 39 8 18.75000000
62 39 9 18.75000000
62 39 10 18.75000000
62 39 11 18.75000000
62 39 39 0.10000000
62 40 40 0.20000000
62 41 41 0.20000000
62 42 42 0.20000000
62 43 43 0.20000000
62 44 44 0.10000000
62 45 45 0.10000000
62 46 46 0.10000000
62 47 47 0.10000000
62 48 48 0.20000000
62 49 49 0.20000000
62 50 50 0.20000000
62 51 51 0.20000000
62 52 52 0.10000000
62 53 53 0.10000000
62 54 54 0.10000000
62 55 55 0.10000000
62 56 2 4.00000000
62 56 6 2.00000000
62 56 10 2.00000000
62 56 34 4.00000000
62 56 38 2.00000000
62 56 42 4.00000000
62 56 46 2.00000000
62 56 50 4.00000000
62 56 54 2.00000000
62 56 56 0.20000000
62 56 58 4.00000000
62 56 62 2.00000000
62 57 57 0.20000000
62 58 58 0.20000000
62 59 59 0.20000000
62 60 60 0.10000000
62 61 61 0.10000000
62 62 62 0.10000000
62 63 3 4.00000000
62 63 7 2.00000000
62 63 11 2.00000000
62 63 35 4.00000000
62 63 39 2.00000000
62 63 43 4.00000000
62 63 47 2.00000000
62 63 51 4.00000000
62 63 55 2.00000000
62 63 59 4.00000000
62 63 63 2.10000000
63 0 16 39.50000000
63 0 17 18.75000000
63 0 18 18.75000000
63 0 19 18.75000000
63 0 24 22.75000000
63 0 25 18.75000000
63 0 26 18.75000000
63 0 27 18.75000000
63 0 28 20.75000000
63 0 32 4.00000000
63 0 36 2.00000000
63 0 40 4.00000000
63 0 44 2.00000000
63 0 48 4.00000000
63 0 52 2.00000000
63 0 56 4.00000000
63 0 60 2.00000000
63 1 16 37.50000000
63 1 17 37.50000000
63 1 18 18.75000000
63 1 19 18.75000000
63 1 24 18.75000000
63 1 25 18.75000000
63 1 26 18.75000000
63 1 27 18.75000000
63 1 28 18.75000000
63 1 29 18.75000000
63 2 16 37.50000000
63 2 17 37.50000000
63 2 18 37.50000000
63 2 19 18.75000000
63 2 24 18.75000000
63 2 25 18.75000000
63 2 26 18.75000000
63 2 27 18.75000000
63 2 28 18.75000000
63 2 29 18.75000000
63 2 30 18.75000000
63 3 16 37.50000000
63 3 17 37.50000000
63 3 18 37.50000000
63 3 19 37.50000000
63 3 24 18.75000000
63 3 25 18.75000000
63 3 26 18.75000000
63 3 27 18.75000000
63 3 28 18.75000000
63 3 29 18.75000000
63 3 30 18.75000000
63 3 31 18.75000000
63 4 16 37.50000000
63 4 17 37.50000000
63 4 18 37.50000000
63 4 19 37.50000000
63 4 24 56.25000000
63 4 25 18.75000000
63 4 26 18.75000000
63 4 27 18.75000000
63 4 28 18.75000000
63 4 29 18.75000000
63 4 30 18.75000000
63 4 31 18.75000000
63 5 16 37.50000000
63 5 17 37.50000000
63 5 18 37.50000000
63 5 19 37.50000000
63 5 24 56.25000000
63 5 25 56.25000000
63 5 26 18.75000000
63 5 27 18.75000000
63 5 28 18.75000000
63 5 29 18.75000000
63 5 30 18.75000000
63 5 31 18.75000000
63 6 16 37.50000000
63 6 17 37.50000000
63 6 18 37.50000000
63 6 19 37.50000000
63 6 24 56.25000000
63 6 25 56.25000000
63 6 26 56.25000000
63 6 27 18.75000000
63 6 28 18.75000000
63 6 29 18.75000000
63 6 30 18.75000000
63 6 31 18.75000000
63 7 16 37.50000000
63 7 17 39.50000000
63 7 18 37.50000000
63 7 19 37.50000000
63 7 24 56.25000000
63 7 25 60.25000000
63 7 26 56.25000000
63 7 27 56.25000000
63 7 28 18.75000000
63 7 29 20.75000000
63 7 30 18.75000000
63 7 31 18.75000000
63 7 33 4.00000000
63 7 37 2.00000000
63 7 41 4.00000000
63 7 45 2.00000000
63 7 49 4.00000000
63 7 53 2.00000000
63 7 57 4.00000000
63 7 61 2.00000000
63 8 17 18.75000000
63 8 18 18.75000000
63 8 19 18.75000000
63 8 24 56.25000000
63 8 25 56.25000000
63 8 26 56.25000000
63 8 27 56.25000000
63 8 28 18.75000000
63 8 29 37.50000000
63 8 30 37.50000000
63 8 31 37.50000000
63 8 32 56.25000000
63 8 33 18.75000000
63 8 34 18.75000000
63 8 35 18.75000000
63 8 36 18.75000000
63 8 37 18.75000000
63 8 38 18.75000000
63 8 39 18.75000000
63 9 18 18.75000000
63 9 19 18.75000000
63 9 24 56.25000000
63 9 25 56.25000000
63 9 26 56.25000000
63 9 27 56.25000000
63 9 28 18.75000000
63 9 29 18.75000000
63 9 30 37.50000000
63 9 31 37.50000000
63 9 32 56.25000000
63 9 33 56.25000000
63 9 34 18.75000000
63 9 35 18.75000000
63 9 36 18.75000000
63 9 37 18.75000000
63 9 38 18.75000000
63 9 39 18.75000000
63 10 19 18.75000000
63 10 24 56.25000000
63 10 25 56.25000000
63 10 26 56.25000000
63 10 27 56.25000000
63 10 28 18.75000000
63 10 29 18.75000000
63 10 30 18.75000000
63 10 31 37.50000000
63 10 32 56.25000000
63 10 33 56.25000000
63 10 34 56.25000000
63 10 35 18.75000000
63 10 36 18.75000000
63 10 37 18.75000000
63 10 38 18.75000000
63 10 39 18.75000000
63 11 24 56.25000000
63 11 25 56.25000000
63 11 26 56.25000000
63 11 27 56.25000000
63 11 28 18.75000000
63 11 29 18.75000000
63 11 30 18.75000000
63 11 31 18.75000000
63 11 32 56.25000000
63 11 33 56.25000000
63 11 34 56.25000000
63 11 35 56.25000000
63 11 36 18.75000000
63 11 37 18.75000000
63 11 38 18.75000000
63 11 39 18.75000000
63 12 24 18.75000000
63 12 25 56.25000000
63 12 26 56.25000000
63 12 27 56.25000000
63 12 28 18.75000000
63 12 29 18.75000000
63 12 30 18.75000000
63 12 31 18.75000000
63 12 32 56.25000000
63 12 33 56.25000000
63 12 34 56.25000000
63 12 35 56.25000000
63 12 36 37.50000000
63 12 37 18.75000000
63 12 38 18.75000000
63 12 39 18.75000000
63 12 40 18.75000000
63 13 24 18.75000000
63 13 25 18.75000000
63 13 26 56.25000000
63 13 27 56.25000000
63 13 28 18.75000000
63 13 29 18.75000000
63 13 30 18.75000000
63 13 31 18.75000000
63 13 32 56.25000000
63 13 33 56.25000000
63 13 34 56.25000000
63 13 35 56.25000000
63 13 36 37.50000000
63 13 37 37.50000000
63 13 38 18.75000000
63 13 39 18.75000000
63 13 40 18.75000000
63 13 41 18.75000000
63 14 24 18.75000000
63 14 25 18.75000000
63 14 26 18.75000000
63 14 27 56.25000000
63 14 28 18.75000000
63 14 29 18.75000000
63 14 30 18.75000000
63 14 31 18.75000000
63 14 32 56.25000000
63 14 33 56.25000000
63 14 34 56.25000000
63 14 35 56.25000000
63 14 36 37.50000000
63 14 37 37.50000000
63 14 38 37.50000000
63 14 39 18.75000000
63 14 40 18.75000000
63 14 41 18.75000000
63 14 42 18.75000000
63 15 24 18.75000000
63 15 25 18.75000000
63 15 26 18.75000000
63 15 27 18.75000000
63 15 28 18.75000000
63 15 29 18.75000000
63 15 30 18.75000000
63 15 31 18.75000000
63 15 32 56.25000000
63 15 33 56.25000000
63 15 34 56.25000000
63 15 35 56.25000000
63 15 36 37.50000000
63 15 37 37.50000000
63 15 38 37.50000000
63 15 39 37.50000000
63 15 40 18.75000000
63 15 41 18.75000000
63 15 42 18.75000000
63 15 43 18.75000000
63 16 16 0.10000000
63 16 32 18.75000000
63 16 33 56.25000000
63 16 34 56.25000000
63 16 35 56.25000000
63 16 36 18.75000000
63 16 37 18.75000000
63 16 38 18.75000000
63 16 39 18.75000000
63 16 40 56.25000000
63 16 41 56.25000000
63 16 42 56.25000000
63 16 43 56.25000000
63 16 44 37.50000000
63 16 45 18.75000000
63 16 46 18.75000000
63 16 47 18.75000000
63 16 48 18.75000000
63 17 17 0.10000000
63 17 32 18.75000000
63 17 33 18.75000000
63 17 34 56.25000000
63 17 35 56.25000000
63 17 36 18.75000000
63 17 37 18.75000000
63 17 38 18.75000000
63 17 39 18.75000000
63 17 40 56.25000000
63 17 41 56.25000000
63 17 42 56.25000000
63 17 43 56.25000000
63 17 44 37.50000000
63 17 45 37.50000000
63 17 46 18.75000000
63 17 47 18.75000000
63 17 48 18.75000000
63 17 49 18.75000000
63 18 18 0.10000000
63 18 32 18.75000000
63 18 33 18.75000000
63 18 34 18.75000000
63 18 35 56.25000000
63 18 36 18.75000000
63 18 37 18.75000000
63 18 38 18.75000000
63 18 39 18.75000000
63 18 40 56.25000000
63 18 41 56.25000000
63 18 42 56.25000000
63 18 43 56.25000000
63 18 44 37.50000000
63 18 45 37.50000000
63 18 46 37.50000000
63 18 47 18.75000000
63 18 48 18.75000000
63 18 49 18.75000000
63 18 50 18.75000000
63 19 19 0.10000000
63 19 32 18.75000000
63 19 33 18.75000000
63 19 34 18.75000000
63 19 35 18.75000000
63 19 36 18.75000000
63 19 37 18.75000000
63 19 38 18.75000000
63 19 39 18.75000000
63 19 40 56.25000000
63 19 41 56.25000000
63 19 42 56.25000000
63 19 43 56.25000000
63 19 44 37.50000000
63 19 45 37.50000000
63 19 46 37.50000000
63 19 47 37.50000000
63 19 48 18.75000000
63 19 49 18.75000000
63 19 50 18.75000000
63 19 51 18.75000000
63 20 32 18.75000000
63 20 33 18.75000000
63 20 34 18.75000000
63 20 35 18.75000000
63 20 37 18.75000000
63 20 38 18.75000000
63 20 39 18.75000000
63 20 40 56.25000000
63 20 41 56.25000000
63 20 42 56.25000000
63 20 43 56.25000000
63 20 44 37.50000000
63 20 45 37.50000000
63 20 46 37.50000000
63 20 47 37.50000000
63 20 48 18.75000000
63 20 49 18.75000000
63 20 50 18.75000000
63 20 51 18.75000000
63 20 52 18.75000000
63 21 32 18.75000000
63 21 33 18.75000000
63 21 34 18.75000000
63 21 35 18.75000000
63 21 38 18.75000000
63 21 39 18.75000000
63 21 40 56.25000000
63 21 41 56.25000000
63 21 42 56.25000000
63 21 43 56.25000000
63 21 44 37.50000000
63 21 45 37.50000000
63 21 46 37.50000000
63 21 47 37.50000000
63 21 48 18.75000000
63 21 49 18.75000000
63 21 50 18.75000000
63 21 51 18.75000000
63 21 52 18.75000000
63 21 53 18.75000000
63 22 32 18.75000000
63 22 33 18.75000000
63 22 34 18.75000000
63 22 35 18.75000000
63 22 39 18.75000000
63 22 40 56.25000000
63 22 41 56.25000000
63 22 42 56.25000000
63 22 43 56.25000000
63 22 44 37.50000000
63 22 45 37.50000000
63 22 46 37.50000000
63 22 47 37.50000000
63 22 48 18.75000000
63 22 49 18.75000000
63 22 50 18.75000000
63 22 51 18.75000000
63 22 52 18.75000000
63 22 53 18.75000000
63 22 54 18.75000000
63 23 32 18.75000000
63 23 33 18.75000000
63 23 34 18.75000000
63 23 35 18.75000000
63 23 40 56.25000000
63 23 41 56.25000000
63 23 42 56.25000000
63 23 43 56.25000000
63 23 44 37.50000000
63 23 45 37.50000000
63 23 46 37.50000000
63 23 47 37.50000000
63 23 48 18.75000000
63 23 49 18.75000000
63 23 50 18.75000000
63 23 51 18.75000000
63 23 52 18.75000000
63 23 53 18.75000000
63 23 54 18.75000000
63 23 55 18.75000000
63 24 24 0.20000000
63 24 40 18.75000000
63 24 41 18.75000000
63 24 42 18.75000000
63 24 43 18.75000000
63 24 45 18.75000000
63 24 46 18.75000000
63 24 47 18.75000000
63 24 48 56.25000000
63 24 49 56.25000000
63 24 50 56.25000000
63 24 51 56.25000000
63 24 52 37.50000000
63 24 53 37.50000000
63 24 54 37.50000000
63 24 55 37.50000000
63 24 56 18.75000000
63 24 57 18.75000000
63 24 58 18.75000000
63 24 59 18.75000000
63 24 60 18.75000000
63 25 25 0.20000000
63 25 40 18.75000000
63 25 41 18.75000000
63 25 42 18.75000000
63 25 43 18.75000000
63 25 46 18.75000000
63 25 47 18.75000000
63 25 48 56.25000000
63 25 49 56.25000000
63 25 50 56.25000000
63 25 51 56.25000000
63 25 52 37.50000000
63 25 53 37.50000000
63 25 54 37.50000000
63 25 55 37.50000000
63 25 56 18.75000000
63 25 57 18.75000000
63 25 58 18.75000000
63 25 59 18.75000000
63 25 60 18.75000000
63 25 61 18.75000000
63 26 26 0.20000000
63 26 40 18.75000000
63 26 41 18.75000000
63 26 42 18.75000000
63 26 43 18.75000000
63 26 47 18.75000000
63 26 48 56.25000000
63 26 49 56.25000000
63 26 50 56.25000000
63 26 51 56.25000000
63 26 52 37.50000000
63 26 53 37.50000000
63 26 54 37.50000000
63 26 55 37.50000000
63 26 56 18.75000000
63 26 57 18.75000000
63 26 58 18.75000000
63 26 59 18.75000000
63 26 60 18.75000000
63 26 61 18.75000000
63 26 62 18.75000000
63 27 27 0.20000000
63 27 40 18.75000000
63 27 41 18.75000000
63 27 42 18.75000000
63 27 43 18.75000000
63 27 48 56.25000000
63 27 49 56.25000000
63 27 50 56.25000000
63 27 51 56.25000000
63 27 52 37.50000000
63 27 53 37.50000000
63 27 54 37.50000000
63 27 55 37.50000000
63 27 56 18.75000000
63 27 57 18.75000000
63 27 58 18.75000000
63 27 59 18.75000000
63 27 60 18.75000000
63 27 61 18.75000000
63 27 62 18.75000000
63 27 63 18.75000000
63 28 28 0.10000000
63 28 41 18.75000000
63 28 42 18.75000000
63 28 43 18.75000000
63 28 48 56.25000000
63 28 49 56.25000000
63 28 50 56.25000000
63 28 51 56.25000000
63 28 52 18.75000000
63 28 53 37.50000000
63 28 54 37.50000000
63 28 55 37.50000000
63 28 56 56.25000000
63 28 57 18.75000000
63 28 58 18.75000000
63 28 59 18.75000000
63 28 60 18.75000000
63 28 61 18.75000000
63 28 62 18.75000000
63 28 63 18.75000000
63 29 29 0.10000000
63 29 42 18.75000000
63 29 43 18.75000000
63 29 48 56.25000000
63 29 49 56.25000000
63 29 50 56.25000000
63 29 51 56.25000000
63 29 52 18.75000000
63 29 53 18.75000000
63 29 54 37.50000000
63 29 55 37.50000000
63 29 56 56.25000000
63 29 57 56.25000000
63 29 58 18.75000000
63 29 59 18.75000000
63 29 60 18.75000000
63 29 61 18.75000000
63 29 62 18.75000000
63 29 63 18.75000000
63 30 30 0.10000000
63 30 43 18.75000000
63 30 48 56.25000000
63 30 49 56.25000000
63 30 50 56.25000000
63 30 51 56.25000000
63 30 52 18.75000000
63 30 53 18.75000000
63 30 54 18.75000000
63 30 55 37.50000000
63 30 56 56.25000000
63 30 57 56.25000000
63 30 58 56.25000000
63 30 59 18.75000000
63 30 60 18.75000000
63 30 61 18.75000000
63 30 62 18.75000000
63 30 63 18.75000000
63 31 31 0.10000000
63 31 48 56.25000000
63 31 49 56.25000000
63 31 50 56.25000000
63 31 51 56.25000000
63 31 52 18.75000000
63 31 53 18.75000000
63 31 54 18.75000000
63 31 55 18.75000000
63 31 56 56.25000000
63 31 57 56.25000000
63 31 58 56.25000000
63 31 59 56.25000000
63 31 60 18.75000000
63 31 61 18.75000000
63 31 62 18.75000000
63 31 63 18.75000000
63 32 32 0.20000000
63 32 49 18.75000000
63 32 50 18.75000000
63 32 51 18.75000000
63 32 56 56.25000000
63 32 57 56.25000000
63 32 58 56.25000000
63 32 59 56.25000000
63 32 60 18.75000000
63 32 61 37.50000000
63 32 62 37.50000000
63 32 63 37.50000000
63 33 33 0.20000000
63 33 50 18.75000000
63 33 51 18.75000000
63 33 56 56.25000000
63 33 57 56.25000000
63 33 58 56.25000000
63 33 59 56.25000000
63 33 60 18.75000000
63 33 61 18.75000000
63 33 62 37.50000000
63 33 63 37.50000000
63 34 34 0.20000000
63 34 51 18.75000000
63 34 56 56.25000000
63 34 57 56.25000000
63 34 58 56.25000000
63 34 59 56.25000000
63 34 60 18.75000000
63 34 61 18.75000000
63 34 62 18.75000000
63 34 63 37.50000000
63 35 35 0.20000000
63 35 56 56.25000000
63 35 57 56.25000000
63 35 58 56.25000000
63 35 59 56.25000000
63 35 60 18.75000000
63 35 61 18.75000000
63 35 62 18.75000000
63 35 63 18.75000000
63 36 36 0.10000000
63 36 56 18.75000000
63 36 57 56.25000000
63 36 58 56.25000000
63 36 59 56.25000000
63 36 60 18.75000000
63 36 61 18.75000000
63 36 62 18.75000000
63 36 63 18.75000000
63 37 37 0.10000000
63 37 56 18.75000000
63 37 57 18.75000000
63 37 58 56.25000000
63 37 59 56.25000000
63 37 60 18.75000000
63 37 61 18.75000000
63 37 62 18.75000000
63 37 63 18.75000000
63 38 38 0.10000000
63 38 56 18.75000000
63 38 57 18.75000000
63 38 58 18.75000000
63 38 59 56.25000000
63 38 60 18.75000000
63 38 61 18.75000000
63 38 62 18.75000000
63 38 63 18.75000000
63 39 39 0.10000000
63 39 56 18.75000000
63 39 57 18.75000000
63 39 58 18.75000000
63 39 59 18.75000000
63 39 60 18.75000000
63 39 61 18.75000000
63 39 62 18.75000000
63 39 63 18.75000000
63 40 40 0.20000000
63 41 41 0.20000000
63 42 42 0.20000000
63 43 43 0.20000000
63 44 44 0.10000000
63 45 45 0.10000000
63 46 46 0.10000000
63 47 47 0.10000000
63 48 48 0.20000000
63 49 49 0.20000000
63 50 50 0.20000000
63 51 51 0.20000000
63 52 52 0.10000000
63 53 53 0.10000000
63 54 54 0.10000000
63 55 55 0.10000000
63 56 18 2.00000000
63 56 26 4.00000000
63 56 30 2.00000000
63 56 34 4.00000000
63 56 38 2.00000000
63 56 42 4.00000000
63 56 46 2.00000000
63 56 50 4.00000000
63 56 54 2.00000000
63 56 56 0.20000000
63 56 58 4.00000000
63 56 62 2.00000000
63 57 57 0.20000000
63 58 58 0.20000000
63 59 59 0.20000000
63 60 60 0.10000000
63 61 61 0.10000000
63 62 62 0.10000000
63 63 19 2.00000000
63 63 27 4.00000000
63 63 31 2.00000000
63 63 35 4.00000000
63 63 39 2.00000000
63 63 43 4.00000000
63 63 47 2.00000000
63 63 51 4.00000000
63 63 55 2.00000000
63 63 59 4.00000000
63 63 63 2.10000000
64 0 8 20.75000000
64 0 9 18.75000000
64 0 10 18.75000000
64 0 11 18.75000000
64 0 12 39.50000000
64 0 13 18.75000000
64 0 14 18.75000000
64 0 15 18.75000000
64 0 16 22.75000000
64 0 20 2.00000000
64 0 24 4.00000000
64 0 28 2.00000000
64 0 32 4.00000000
64 0 36 2.00000000
64 0 40 4.00000000
64 0 44 2.00000000
64 0 48 2.00000000
64 0 52 2.00000000
64 1 8 18.75000000
64 1 9 18.75000000
64 1 10 18.75000000
64 1 11 18.75000000
64 1 12 37.50000000
64 1 13 37.50000000
64 1 14 18.75000000
64 1 15 18.75000000
64 1 16 18.75000000
64 1 17 18.75000000
64 2 8 18.75000000
64 2 9 18.75000000
64 2 10 18.75000000
64 2 11 18.75000000
64 2 12 37.50000000
64 2 13 37.50000000
64 2 14 37.50000000
64 2 15 18.75000000
64 2 16 18.75000000
64 2 17 18.75000000
64 2 18 18.75000000
64 3 8 18.75000000
64 3 9 18.75000000
64 3 10 18.75000000
64 3 11 18.75000000
64 3 12 37.50000000
64 3 13 37.50000000
64 3 14 37.50000000
64 3 15 37.50000000
64 3 16 18.75000000
64 3 17 18.75000000
64 3 18 18.75000000
64 3 19 18.75000000
64 4 8 37.50000000
64 4 9 18.75000000
64 4 10 18.75000000
64 4 11 18.75000000
64 4 12 37.50000000
64 4 13 37.50000000
64 4 14 37.50000000
64 4 15 37.50000000
64 4 16 18.75000000
64 4 17 18.75000000
64 4 18 18.75000000
64 4 19 18.75000000
64 4 20 18.75000000
64 5 8 37.50000000
64 5 9 37.50000000
64 5 10 18.75000000
64 5 11 18.75000000
64 5 12 37.50000000
64 5 13 37.50000000
64 5 14 37.50000000
64 5 15 37.50000000
64 5 16 18.75000000
64 5 17 18.75000000
64 5 18 18.75000000
64 5 19 18.75000000
64 5 20 18.75000000
64 5 21 18.75000000
64 6 8 37.50000000
64 6 9 37.50000000
64 6 10 37.50000000
64 6 11 18.75000000
64 6 12 37.50000000
64 6 13 37.50000000
64 6 14 37.50000000
64 6 15 37.50000000
64 6 16 18.75000000
64 6 17 18.75000000
64 6 18 18.75000000
64 6 19 18.75000000
64 6 20 18.75000000
64 6 21 18.75000000
64 6 22 18.75000000
64 7 8 37.50000000
64 7 9 39.50000000
64 7 10 37.50000000
64 7 11 37.50000000
64 7 12 37.50000000
64 7 13 39.50000000
64 7 14 37.50000000
64 7 15 37.50000000
64 7 16 18.75000000
64 7 17 22.75000000
64 7 18 18.75000000
64 7 19 18.75000000
64 7 20 18.75000000
64 7 21 20.75000000
64 7 22 18.75000000
64 7 23 18.75000000
64 7 25 4.00000000
64 7 29 2.00000000
64 7 33 4.00000000
64 7 37 2.00000000
64 7 41 4.00000000
64 7 45 2.00000000
64 7 49 2.00000000
64 7 53 2.00000000
64 8 8 18.85000000
64 8 9 18.75000000
64 8 10 18.75000000
64 8 11 18.75000000
64 8 13 18.75000000
64 8 14 18.75000000
64 8 15 18.75000000
64 8 16 56.25000000
64 8 17 56.25000000
64 8 18 56.25000000
64 8 19 56.25000000
64 8 20 37.50000000
64 8 21 37.50000000
64 8 22 37.50000000
64 8 23 37.50000000
64 8 24 18.75000000
64 8 25 18.75000000
64 8 26 18.75000000
64 8 27 18.75000000
64 8 28 18.75000000
64 9 8 18.75000000
64 9 9 18.85000000
64 9 10 18.75000000
64 9 11 18.75000000
64 9 14 18.75000000
64 9 15 18.75000000
64 9 16 56.25000000
64 9 17 56.25000000
64 9 18 56.25000000
64 9 19 56.25000000
64 9 20 37.50000000
64 9 21 37.50000000
64 9 22 37.50000000
64 9 23 37.50000000
64 9 24 18.75000000
64 9 25 18.75000000
64 9 26 18.75000000
64 9 27 18.75000000
64 9 28 18.75000000
64 9 29 18.75000000
64 10 8 18.75000000
64 10 9 18.75000000
64 10 10 18.85000000
64 10 11 18.75000000
64 10 15 18.75000000
64 10 16 56.25000000
64 10 17 56.25000000
64 10 18 56.25000000
64 10 19 56.25000000
64 10 20 37.50000000
64 10 21 37.50000000
64 10 22 37.50000000
64 10 23 37.50000000
64 10 24 18.75000000
64 10 25 18.75000000
64 10 26 18.75000000
64 10 27 18.75000000
64 10 28 18.75000000
64 10 29 18.75000000
64 10 30 18.75000000
64 11 8 18.75000000
64 11 9 18.75000000
64 11 10 18.75000000
64 11 11 18.85000000
64 11 16 56.25000000
64 11 17 56.25000000
64 11 18 56.25000000
64 11 19 56.25000000
64 11 20 37.50000000
64 11 21 37.50000000
64 11 22 37.50000000
64 11 23 37.50000000
64 11 24 18.75000000
64 11 25 18.75000000
64 11 26 18.75000000
64 11 27 18.75000000
64 11 28 18.75000000
64 11 29 18.75000000
64 11 30 18.75000000
64 11 31 18.75000000
64 12 9 18.75000000
64 12 10 18.75000000
64 12 11 18.75000000
64 12 12 0.10000000
64 12 16 56.25000000
64 12 17 56.25000000
64 12 18 56.25000000
64 12 19 56.25000000
64 12 20 18.75000000
64 12 21 37.50000000
64 12 22 37.50000000
64 12 23 37.50000000
64 12 24 56.25000000
64 12 25 18.75000000
64 12 26 18.75000000
64 12 27 18.75000000
64 12 28 18.75000000
64 12 29 18.75000000
64 12 30 18.75000000
64 12 31 18.75000000
64 13 10 18.75000000
64 13 11 18.75000000
64 13 13 0.10000000
64 13 16 56.25000000
64 13 17 56.25000000
64 13 18 56.25000000
64 13 19 56.25000000
64 13 20 18.75000000
64 13 21 18.75000000
64 13 22 37.50000000
64 13 23 37.50000000
64 13 24 56.25000000
64 13 25 56.25000000
64 13 26 18.75000000
64 13 27 18.75000000
64 13 28 18.75000000
64 13 29 18.75000000
64 13 30 18.75000000
64 13 31 18.75000000
64 14 11 18.75000000
64 14 14 0.10000000
64 14 16 56.25000000
64 14 17 56.25000000
64 14 18 56.25000000
64 14 19 56.25000000
64 14 20 18.75000000
64 14 21 18.75000000
64 14 22 18.75000000
64 14 23 37.50000000
64 14 24 56.25000000
64 14 25 56.25000000
64 14 26 56.25000000
64 14 27 18.75000000
64 14 28 18.75000000
64 14 29 18.75000000
64 14 30 18.75000000
64 14 31 18.75000000
64 15 15 0.10000000
64 15 16 56.25000000
64 15 17 56.25000000
64 15 18 56.25000000
64 15 19 56.25000000
64 15 20 18.75000000
64 15 21 18.75000000
64 15 22 18.75000000
64 15 23 18.75000000
64 15 24 56.25000000
64 15 25 56.25000000
64 15 26 56.25000000
64 15 27 56.25000000
64 15 28 18.75000000
64 15 29 18.75000000
64 15 30 18.75000000
64 15 31 18.75000000
64 16 16 0.20000000
64 16 17 18.75000000
64 16 18 18.75000000
64 16 19 18.75000000
64 16 24 56.25000000
64 16 25 56.25000000
64 16 26 56.25000000
64 16 27 56.25000000
64 16 28 18.75000000
64 16 29 37.50000000
64 16 30 37.50000000
64 16 31 37.50000000
64 16 32 56.25000000
64 16 33 18.75000000
64 16 34 18.75000000
64 16 35 18.75000000
64 16 36 18.75000000
64 16 37 18.75000000
64 16 38 18.75000000
64 16 39 18.75000000
64 17 17 0.20000000
64 17 18 18.75000000
64 17 19 18.75000000
64 17 24 56.25000000
64 17 25 56.25000000
64 17 26 56.25000000
64 17 27 56.25000000
64 17 28 18.75000000
64 17 29 18.75000000
64 17 30 37.50000000
64 17 31 37.50000000
64 17 32 56.25000000
64 17 33 56.25000000
64 17 34 18.75000000
64 17 35 18.75000000
64 17 36 18.75000000
64 17 37 18.75000000
64 17 38 18.75000000
64 17 39 18.75000000
64 18 18 0.20000000
64 18 19 18.75000000
64 18 24 56.25000000
64 18 25 56.25000000
64 18 26 56.25000000
64 18 27 56.25000000
64 18 28 18.75000000
64 18 29 18.75000000
64 18 30 18.75000000
64 18 31 37.50000000
64 18 32 56.25000000
64 18 33 56.25000000
64 18 34 56.25000000
64 18 35 18.75000000
64 18 36 18.75000000
64 18 37 18.75000000
64 18 38 18.75000000
64 18 39 18.75000000
64 19 19 0.20000000
64 19 24 56.25000000
64 19 25 56.25000000
64 19 26 56.25000000
64 19 27 56.25000000
64 19 28 18.75000000
64 19 29 18.75000000
64 19 30 18.75000000
64 19 31 18.75000000
64 19 32 56.25000000
64 19 33 56.25000000
64 19 34 56.25000000
64 19 35 56.25000000
64 19 36 18.75000000
64 19 37 18.75000000
64 19 38 18.75000000
64 19 39 18.75000000
64 20 20 0.10000000
64 20 24 18.75000000
64 20 25 56.25000000
64 20 26 56.25000000
64 20 27 56.25000000
64 20 28 18.75000000
64 20 29 18.75000000
64 20 30 18.75000000
64 20 31 18.75000000
64 20 32 56.25000000
64 20 33 56.25000000
64 20 34 56.25000000
64 20 35 56.25000000
64 20 36 37.50000000
64 20 37 18.75000000
64 20 38 18.75000000
64 20 39 18.75000000
64 20 40 18.75000000
64 21 21 0.10000000
64 21 24 18.75000000
64 21 25 18.75000000
64 21 26 56.25000000
64 21 27 56.25000000
64 21 28 18.75000000
64 21 29 18.75000000
64 21 30 18.75000000
64 21 31 18.75000000
64 21 32 56.25000000
64 21 33 56.25000000
64 21 34 56.25000000
64 21 35 56.25000000
64 21 36 37.50000000
64 21 37 37.50000000
64 21 38 18.75000000
64 21 39 18.75000000
64 21 40 18.75000000
64 21 41 18.75000000
64 22 22 0.10000000
64 22 24 18.75000000
64 22 25 18.75000000
64 22 26 18.75000000
64 22 27 56.25000000
64 22 28 18.75000000
64 22 29 18.75000000
64 22 30 18.75000000
64 22 31 18.75000000
64 22 32 56.25000000
64 22 33 56.25000000
64 22 34 56.25000000
64 22 35 56.25000000
64 22 36 37.50000000
64 22 37 37.50000000
64 22 38 37.50000000
64 22 39 18.75000000
64 22 40 18.75000000
64 22 41 18.75000000
64 22 42 18.75000000
64 23 23 0.10000000
64 23 24 18.75000000
64 23 25 18.75000000
64 23 26 18.75000000
64 23 27 18.75000000
64 23 28 18.75000000
64 23 29 18.75000000
64 23 30 18.75000000
64 23 31 18.75000000
64 23 32 56.25000000
64 23 33 56.25000000
64 23 34 56.25000000
64 23 35 56.25000000
64 23 36 37.50000000
64 23 37 37.50000000
64 23 38 37.50000000
64 23 39 37.50000000
64 23 40 18.75000000
64 23 41 18.75000000
64 23 42 18.75000000
64 23 43 18.75000000
64 24 24 0.20000000
64 24 32 18.75000000
64 24 33 56.25000000
64 24 34 56.25000000
64 24 35 56.25000000
64 24 36 18.75000000
64 24 37 18.75000000
64 24 38 18.75000000
64 24 39 18.75000000
64 24 40 56.25000000
64 24 41 56.25000000
64 24 42 56.25000000
64 24 43 56.25000000
64 24 44 37.50000000
64 24 45 18.75000000
64 24 46 18.75000000
64 24 47 18.75000000
64 24 48 18.75000000
64 25 25 0.20000000
64 25 32 18.75000000
64 25 33 18.75000000
64 25 34 56.25000000
64 25 35 56.25000000
64 25 36 18.75000000
64 25 37 18.75000000
64 25 38 18.75000000
64 25 39 18.75000000
64 25 40 56.25000000
64 25 41 56.25000000
64 25 42 56.25000000
64 25 43 56.25000000
64 25 44 37.50000000
64 25 45 37.50000000
64 25 46 18.75000000
64 25 47 18.75000000
64 25 48 18.75000000
64 25 49 18.75000000
64 26 26 0.20000000
64 26 32 18.75000000
64 26 33 18.75000000
64 26 34 18.75000000
64 26 35 56.25000000
64 26 36 18.75000000
64 26 37 18.75000000
64 26 38 18.75000000
64 26 39 18.75000000
64 26 40 56.25000000
64 26 41 56.25000000
64 26 42 56.25000000
64 26 43 56.25000000
64 26 44 37.50000000
64 26 45 37.50000000
64 26 46 37.50000000
64 26 47 18.75000000
64 26 48 18.75000000
64 26 49 18.75000000
64 26 50 18.75000000
64 27 27 0.20000000
64 27 32 18.75000000
64 27 33 18.75000000
64 27 34 18.75000000
64 27 35 18.75000000
64 27 36 18.75000000
64 27 37 18.75000000
64 27 38 18.75000000
64 27 39 18.75000000
64 27 40 56.25000000
64 27 41 56.25000000
64 27 42 56.25000000
64 27 43 56.25000000
64 27 44 37.50000000
64 27 45 37.50000000
64 27 46 37.50000000
64 27 47 37.50000000
64 27 48 18.75000000
64 27 49 18.75000000
64 27 50 18.75000000
64 27 51 18.75000000
64 28 28 0.10000000
64 28 32 18.75000000
64 28 33 18.75000000
64 28 34 18.75000000
64 28 35 18.75000000
64 28 37 18.75000000
64 28 38 18.75000000
64 28 39 18.75000000
64 28 40 56.25000000
64 28 41 56.25000000
64 28 42 56.25000000
64 28 43 56.25000000
64 28 44 37.50000000
64 28 45 37.50000000
64 28 46 37.50000000
64 28 47 37.50000000
64 28 48 18.75000000
64 28 49 18.75000000
64 28 50 18.75000000
64 28 51 18.75000000
64 28 52 18.75000000
64 29 29 0.10000000
64 29 32 18.75000000
64 29 33 18.75000000
64 29 34 18.75000000
64 29 35 18.75000000
64 29 38 18.75000000
64 29 39 18.75000000
64 29 40 56.25000000
64 29 41 56.25000000
64 29 42 56.25000000
64 29 43 56.25000000
64 29 44 37.50000000
64 29 45 37.50000000
64 29 46 37.50000000
64 29 47 37.50000000
64 29 48 18.75000000
64 29 49 18.75000000
64 29 50 18.75000000
64 29 51 18.75000000
64 29 52 18.75000000
64 29 53 18.75000000
64 30 30 0.10000000
64 30 32 18.75000000
64 30 33 18.75000000
64 30 34 18.75000000
64 30 35 18.75000000
64 30 39 18.75000000
64 30 40 56.25000000
64 30 41 56.25000000
64 30 42 56.25000000
64 30 43 56.25000000
64 30 44 37.50000000
64 30 45 37.50000000
64 30 46 37.50000000
64 30 47 37.50000000
64 30 48 18.75000000
64 30 49 18.75000000
64 30 50 18.75000000
64 30 51 18.75000000
64 30 52 18.75000000
64 30 53 18.75000000
64 30 54 18.75000000
64 31 31 0.10000000
64 31 32 18.75000000
64 31 33 18.75000000
64 31 34 18.75000000
64 31 35 18.75000000
64 31 40 56.25000000
64 31 41 56.25000000
64 31 42 56.25000000
64 31 43 56.25000000
64 31 44 37.50000000
64 31 45 37.50000000
64 31 46 37.50000000
64 31 47 37.50000000
64 31 48 18.75000000
64 31 49 18.75000000
64 31 50 18.75000000
64 31 51 18.75000000
64 31 52 18.75000000
64 31 53 18.75000000
64 31 54 18.75000000
64 31 55 18.75000000
64 32 32 0.20000000
64 32 40 18.75000000
64 32 41 18.75000000
64 32 42 18.75000000
64 32 43 18.75000000
64 32 45 18.75000000
64 32 46 18.75000000
64 32 47 18.75000000
64 32 48 18.75000000
64 32 49 37.50000000
64 32 50 37.50000000
64 32 51 37.50000000
64 32 52 37.50000000
64 32 53 37.50000000
64 32 54 37.50000000
64 32 55 37.50000000
64 33 33 0.20000000
64 33 40 18.75000000
64 33 41 18.75000000
64 33 42 18.75000000
64 33 43 18.75000000
64 33 46 18.75000000
64 33 47 18.75000000
64 33 48 18.75000000
64 33 49 18.75000000
64 33 50 37.50000000
64 33 51 37.50000000
64 33 52 37.50000000
64 33 53 37.50000000
64 33 54 37.50000000
64 33 55 37.50000000
64 34 34 0.20000000
64 34 40 18.75000000
64 34 41 18.75000000
64 34 42 18.75000000
64 34 43 18.75000000
64 34 47 18.75000000
64 34 48 18.75000000
64 34 49 18.75000000
64 34 50 18.75000000
64 34 51 37.50000000
64 34 52 37.50000000
64 34 53 37.50000000
64 34 54 37.50000000
64 34 55 37.50000000
64 35 35 0.20000000
64 35 40 18.75000000
64 35 41 18.75000000
64 35 42 18.75000000
64 35 43 18.75000000
64 35 48 18.75000000
64 35 49 18.75000000
64 35 50 18.75000000
64 35 51 18.75000000
64 35 52 37.50000000
64 35 53 37.50000000
64 35 54 37.50000000
64 35 55 37.50000000
64 36 36 0.10000000
64 36 41 18.75000000
64 36 42 18.75000000
64 36 43 18.75000000
64 36 48 18.75000000
64 36 49 18.75000000
64 36 50 18.75000000
64 36 51 18.75000000
64 36 52 18.75000000
64 36 53 37.50000000
64 36 54 37.50000000
64 36 55 37.50000000
64 37 37 0.10000000
64 37 42 18.75000000
64 37 43 18.75000000
64 37 48 18.75000000
64 37 49 18.75000000
64 37 50 18.75000000
64 37 51 18.75000000
64 37 52 18.75000000
64 37 53 18.75000000
64 37 54 37.50000000
64 37 55 37.50000000
64 38 38 0.10000000
64 38 43 18.75000000
64 38 48 18.75000000
64 38 49 18.75000000
64 38 50 18.75000000
64 38 51 18.75000000
64 38 52 18.75000000
64 38 53 18.75000000
64 38 54 18.75000000
64 38 55 37.50000000
64 39 39 0.10000000
64 39 48 18.75000000
64 39 49 18.75000000
64 39 50 18.75000000
64 39 51 18.75000000
64 39 52 18.75000000
64 39 53 18.75000000
64 39 54 18.75000000
64 39 55 18.75000000
64 40 40 0.20000000
64 41 41 0.20000000
64 42 42 0.20000000
64 43 43 0.20000000
64 44 44 0.10000000
64 45 45 0.10000000
64 46 46 0.10000000
64 47 47 0.10000000
64 48 48 0.10000000
64 49 49 0.10000000
64 50 50 0.10000000
64 51 51 0.10000000
64 52 52 0.10000000
64 53 53 0.10000000
64 54 54 0.10000000
64 55 55 0.10000000
64 56 10 2.00000000
64 56 14 2.00000000
64 56 18 4.00000000
64 56 22 2.00000000
64 56 26 4.00000000
64 56 30 2.00000000
64 56 34 4.00000000
64 56 38 2.00000000
64 56 42 4.00000000
64 56 46 2.00000000
64 56 50 2.00000000
64 56 54 2.00000000
64 63 11 2.00000000
64 63 15 2.00000000
64 63 19 4.00000000
64 63 23 2.00000000
64 63 27 4.00000000
64 63 31 2.00000000
64 63 35 4.00000000
64 63 39 2.00000000
64 63 43 4.00000000
64 63 47 2.00000000
64 63 51 2.00000000
64 63 55 2.00000000
65 0 0 60.45000000
65 0 1 18.75000000
65 0 2 18.75000000
65 0 3 18.75000000
65 0 4 20.75000000
65 0 5 18.75000000
65 0 6 18.75000000
65 0 7 18.75000000
65 0 8 4.00000000
65 0 12 2.00000000
65 0 16 4.00000000
65 0 20 2.00000000
65 0 24 4.00000000
65 0 28 2.00000000
65 0 32 4.00000000
65 0 36 2.00000000
65 0 40 2.00000000
65 1 0 56.25000000
65 1 1 56.45000000
65 1 2 18.75000000
65 1 3 18.75000000
65 1 4 18.75000000
65 1 5 18.75000000
65 1 6 18.75000000
65 1 7 18.75000000
65 2 0 56.25000000
65 2 1 56.25000000
65 2 2 56.45000000
65 2 3 18.75000000
65 2 4 18.75000000
65 2 5 18.75000000
65 2 6 18.75000000
65 2 7 18.75000000
65 3 0 56.25000000
65 3 1 56.25000000
65 3 2 56.25000000
65 3 3 56.45000000
65 3 4 18.75000000
65 3 5 18.75000000
65 3 6 18.75000000
65 3 7 18.75000000
65 4 0 56.25000000
65 4 1 56.25000000
65 4 2 56.25000000
65 4 3 56.25000000
65 4 4 37.60000000
65 4 5 18.75000000
65 4 6 18.75000000
65 4 7 18.75000000
65 4 8 18.75000000
65 5 0 56.25000000
65 5 1 56.25000000
65 5 2 56.25000000
65 5 3 56.25000000
65 5 4 37.50000000
65 5 5 37.60000000
65 5 6 18.75000000
65 5 7 18.75000000
65 5 8 18.75000000
65 5 9 18.75000000
65 6 0 56.25000000
65 6 1 56.25000000
65 6 2 56.25000000
65 6 3 56.25000000
65 6 4 37.50000000
65 6 5 37.50000000
65 6 6 37.60000000
65 6 7 18.75000000
65 6 8 18.75000000
65 6 9 18.75000000
65 6 10 18.75000000
65 7 0 56.25000000
65 7 1 60.25000000
65 7 2 56.25000000
65 7 3 56.25000000
65 7 4 37.50000000
65 7 5 39.50000000
65 7 6 37.50000000
65 7 7 37.60000000
65 7 8 18.75000000
65 7 9 22.75000000
65 7 10 18.75000000
65 7 11 18.75000000
65 7 13 2.00000000
65 7 17 4.00000000
65 7 21 2.00000000
65 7 25 4.00000000
65 7 29 2.00000000
65 7 33 4.00000000
65 7 37 2.00000000
65 7 41 2.00000000
65 8 0 18.75000000
65 8 1 56.25000000
65 8 2 56.25000000
65 8 3 56.25000000
65 8 4 18.75000000
65 8 5 18.75000000
65 8 6 18.75000000
65 8 7 18.75000000
65 8 8 56.45000000
65 8 9 56.25000000
65 8 10 56.25000000
65 8 11 56.25000000
65 8 12 37.50000000
65 8 13 18.75000000
65 8 14 18.75000000
65 8 15 18.75000000
65 8 16 18.75000000
65 9 0 18.75000000
65 9 1 18.75000000
65 9 2 56.25000000
65 9 3 56.25000000
65 9 4 18.75000000
65 9 5 18.75000000
65 9 6 18.75000000
65 9 7 18.75000000
65 9 8 56.25000000
65 9 9 56.45000000
65 9 10 56.25000000
65 9 11 56.25000000
65 9 12 37.50000000
65 9 13 37.50000000
65 9 14 18.75000000
65 9 15 18.75000000
65 9 16 18.75000000
65 9 17 18.75000000
65 10 0 18.75000000
65 10 1 18.75000000
65 10 2 18.75000000
65 10 3 56.25000000
65 10 4 18.75000000
65 10 5 18.75000000
65 10 6 18.75000000
65 10 7 18.75000000
65 10 8 56.25000000
65 10 9 56.25000000
65 10 10 56.45000000
65 10 11 56.25000000
65 10 12 37.50000000
65 10 13 37.50000000
65 10 14 37.50000000
65 10 15 18.75000000
65 10 16 18.75000000
65 10 17 18.75000000
65 10 18 18.75000000
65 11 0 18.75000000
65 11 1 18.75000000
65 11 2 18.75000000
65 11 3 18.75000000
65 11 4 18.75000000
65 11 5 18.75000000
65 11 6 18.75000000
65 11 7 18.75000000
65 11 8 56.25000000
65 11 9 56.25000000
65 11 10 56.25000000
65 11 11 56.45000000
65 11 12 37.50000000
65 11 13 37.50000000
65 11 14 37.50000000
65 11 15 37.50000000
65 11 16 18.75000000
65 11 17 18.75000000
65 11 18 18.75000000
65 11 19 18.75000000
65 12 0 18.75000000
65 12 1 18.75000000
65 12 2 18.75000000
65 12 3 18.75000000
65 12 5 18.75000000
65 12 6 18.75000000
65 12 7 18.75000000
65 12 8 56.25000000
65 12 9 56.25000000
65 12 10 56.25000000
65 12 11 56.25000000
65 12 12 37.60000000
65 12 13 37.50000000
65 12 14 37.50000000
65 12 15 37.50000000
65 12 16 18.75000000
65 12 17 18.75000000
65 12 18 18.75000000
65 12 19 18.75000000
65 12 20 18.75000000
65 13 0 18.75000000
65 13 1 18.75000000
65 13 2 18.75000000
65 13 3 18.75000000
65 13 6 18.75000000
65 13 7 18.75000000
65 13 8 56.25000000
65 13 9 56.25000000
65 13 10 56.25000000
65 13 11 56.25000000
65 13 12 37.50000000
65 13 13 37.60000000
65 13 14 37.50000000
65 13 15 37.50000000
65 13 16 18.75000000
65 13 17 18.75000000
65 13 18 18.75000000
65 13 19 18.75000000
65 13 20 18.75000000
65 13 21 18.75000000
65 14 0 18.75000000
65 14 1 18.75000000
65 14 2 18.75000000
65 14 3 18.75000000
65 14 7 18.75000000
65 14 8 56.25000000
65 14 9 56.25000000
65 14 10 56.25000000
65 14 11 56.25000000
65 14 12 37.50000000
65 14 13 37.50000000
65 14 14 37.60000000
65 14 15 37.50000000
65 14 16 18.75000000
65 14 17 18.75000000
65 14 18 18.75000000
65 14 19 18.75000000
65 14 20 18.75000000
65 14 21 18.75000000
65 14 22 18.75000000
65 15 0 18.75000000
65 15 1 18.75000000
65 15 2 18.75000000
65 15 3 18.75000000
65 15 8 56.25000000
65 15 9 56.25000000
65 15 10 56.25000000
65 15 11 56.25000000
65 15 12 37.50000000
65 15 13 37.50000000
65 15 14 37.50000000
65 15 15 37.60000000
65 15 16 18.75000000
65 15 17 18.75000000
65 15 18 18.75000000
65 15 19 18.75000000
65 15 20 18.75000000
65 15 21 18.75000000
65 15 22 18.75000000
65 15 23 18.75000000
65 16 8 18.75000000
65 16 9 18.75000000
65 16 10 18.75000000
65 16 11 18.75000000
65 16 13 18.75000000
65 16 14 18.75000000
65 16 15 18.75000000
65 16 16 56.45000000
65 16 17 56.25000000
65 16 18 56.25000000
65 16 19 56.25000000
65 16 20 37.50000000
65 16 21 37.50000000
65 16 22 37.50000000
65 16 23 37.50000000
65 16 24 18.75000000
65 16 25 18.75000000
65 16 26 18.75000000
65 16 27 18.75000000
65 16 28 18.75000000
65 17 8 18.75000000
65 17 9 18.75000000
65 17 10 18.75000000
65 17 11 18.75000000
65 17 14 18.75000000
65 17 15 18.75000000
65 17 16 56.25000000
65 17 17 56.45000000
65 17 18 56.25000000
65 17 19 56.25000000
65 17 20 37.50000000
65 17 21 37.50000000
65 17 22 37.50000000
65 17 23 37.50000000
65 17 24 18.75000000
65 17 25 18.75000000
65 17 26 18.75000000
65 17 27 18.75000000
65 17 28 18.75000000
65 17 29 18.75000000
65 18 8 18.75000000
65 18 9 18.75000000
65 18 10 18.75000000
65 18 11 18.75000000
65 18 15 18.75000000
65 18 16 56.25000000
65 18 17 56.25000000
65 18 18 56.45000000
65 18 19 56.25000000
65 18 20 37.50000000
65 18 21 37.50000000
65 18 22 37.50000000
65 18 23 37.50000000
65 18 24 18.75000000
65 18 25 18.75000000
65 18 26 18.75000000
65 18 27 18.75000000
65 18 28 18.75000000
65 18 29 18.75000000
65 18 30 18.75000000
65 19 8 18.75000000
65 19 9 18.75000000
65 19 10 18.75000000
65 19 11 18.75000000
65 19 16 56.25000000
65 19 17 56.25000000
65 19 18 56.25000000
65 19 19 56.45000000
65 19 20 37.50000000
65 19 21 37.50000000
65 19 22 37.50000000
65 19 23 37.50000000
65 19 24 18.75000000
65 19 25 18.75000000
65 19 26 18.75000000
65 19 27 18.75000000
65 19 28 18.75000000
65 19 29 18.75000000
65 19 30 18.75000000
65 19 31 18.75000000
65 20 9 18.75000000
65 20 10 18.75000000
65 20 11 18.75000000
65 20 16 56.25000000
65 20 17 56.25000000
65 20 18 56.25000000
65 20 19 56.25000000
65 20 20 18.85000000
65 20 21 37.50000000
65 20 22 37.50000000
65 20 23 37.50000000
65 20 24 56.25000000
65 20 25 18.75000000
65 20 26 18.75000000
65 20 27 18.75000000
65 20 28 18.75000000
65 20 29 18.75000000
65 20 30 18.75000000
65 20 31 18.75000000
65 21 10 18.75000000
65 21 11 18.75000000
65 21 16 56.25000000
65 21 17 56.25000000
65 21 18 56.25000000
65 21 19 56.25000000
65 21 20 18.75000000
65 21 21 18.85000000
65 21 22 37.50000000
65 21 23 37.50000000
65 21 24 56.25000000
65 21 25 56.25000000
65 21 26 18.75000000
65 21 27 18.75000000
65 21 28 18.75000000
65 21 29 18.75000000
65 21 30 18.75000000
65 21 31 18.75000000
65 22 11 18.75000000
65 22 16 56.25000000
65 22 17 56.25000000
65 22 18 56.25000000
65 22 19 56.25000000
65 22 20 18.75000000
65 22 21 18.75000000
65 22 22 18.85000000
65 22 23 37.50000000
65 22 24 56.25000000
65 22 25 56.25000000
65 22 26 56.25000000
65 22 27 18.75000000
65 22 28 18.75000000
65 22 29 18.75000000
65 22 30 18.75000000
65 22 31 18.75000000
65 23 16 56.25000000
65 23 17 56.25000000
65 23 18 56.25000000
65 23 19 56.25000000
65 23 20 18.75000000
65 23 21 18.75000000
65 23 22 18.75000000
65 23 23 18.85000000
65 23 24 56.25000000
65 23 25 56.25000000
65 23 26 56.25000000
65 23 27 56.25000000
65 23 28 18.75000000
65 23 29 18.75000000
65 23 30 18.75000000
65 23 31 18.75000000
65 24 17 18.75000000
65 24 18 18.75000000
65 24 19 18.75000000
65 24 24 56.45000000
65 24 25 56.25000000
65 24 26 56.25000000
65 24 27 56.25000000
65 24 28 18.75000000
65 24 29 37.50000000
65 24 30 37.50000000
65 24 31 37.50000000
65 24 32 56.25000000
65 24 33 18.75000000
65 24 34 18.75000000
65 24 35 18.75000000
65 24 36 18.75000000
65 24 37 18.75000000
65 24 38 18.75000000
65 24 39 18.75000000
65 25 18 18.75000000
65 25 19 18.75000000
65 25 24 56.25000000
65 25 25 56.45000000
65 25 26 56.25000000
65 25 27 56.25000000
65 25 28 18.75000000
65 25 29 18.75000000
65 25 30 37.50000000
65 25 31 37.50000000
65 25 32 56.25000000
65 25 33 56.25000000
65 25 34 18.75000000
65 25 35 18.75000000
65 25 36 18.75000000
65 25 37 18.75000000
65 25 38 18.75000000
65 25 39 18.75000000
65 26 19 18.75000000
65 26 24 56.25000000
65 26 25 56.25000000
65 26 26 56.45000000
65 26 27 56.25000000
65 26 28 18.75000000
65 26 29 18.75000000
65 26 30 18.75000000
65 26 31 37.50000000
65 26 32 56.25000000
65 26 33 56.25000000
65 26 34 56.25000000
65 26 35 18.75000000
65 26 36 18.75000000
65 26 37 18.75000000
65 26 38 18.75000000
65 26 39 18.75000000
65 27 24 56.25000000
65 27 25 56.25000000
65 27 26 56.25000000
65 27 27 56.45000000
65 27 28 18.75000000
65 27 29 18.75000000
65 27 30 18.75000000
65 27 31 18.75000000
65 27 32 56.25000000
65 27 33 56.25000000
65 27 34 56.25000000
65 27 35 56.25000000
65 27 36 18.75000000
65 27 37 18.75000000
65 27 38 18.75000000
65 27 39 18.75000000
65 28 24 18.75000000
65 28 25 56.25000000
65 28 26 56.25000000
65 28 27 56.25000000
65 28 28 18.85000000
65 28 29 18.75000000
65 28 30 18.75000000
65 28 31 18.75000000
65 28 32 56.25000000
65 28 33 56.25000000
65 28 34 56.25000000
65 28 35 56.25000000
65 28 36 37.50000000
65 28 37 18.75000000
65 28 38 18.75000000
65 28 39 18.75000000
65 28 40 18.75000000
65 29 24 18.75000000
65 29 25 18.75000000
65 29 26 56.25000000
65 29 27 56.25000000
65 29 28 18.75000000
65 29 29 18.85000000
65 29 30 18.75000000
65 29 31 18.75000000
65 29 32 56.25000000
65 29 33 56.25000000
65 29 34 56.25000000
65 29 35 56.25000000
65 29 36 37.50000000
65 29 37 37.50000000
65 29 38 18.75000000
65 29 39 18.75000000
65 29 40 18.75000000
65 29 41 18.75000000
65 30 24 18.75000000
65 30 25 18.75000000
65 30 26 18.75000000
65 30 27 56.25000000
65 30 28 18.75000000
65 30 29 18.75000000
65 30 30 18.85000000
65 30 31 18.75000000
65 30 32 56.25000000
65 30 33 56.25000000
65 30 34 56.25000000
65 30 35 56.25000000
65 30 36 37.50000000
65 30 37 37.50000000
65 30 38 37.50000000
65 30 39 18.75000000
65 30 40 18.75000000
65 30 41 18.75000000
65 30 42 18.75000000
65 31 24 18.75000000
65 31 25 18.75000000
65 31 26 18.75000000
65 31 27 18.75000000
65 31 28 18.75000000
65 31 29 18.75000000
65 31 30 18.75000000
65 31 31 18.85000000
65 31 32 56.25000000
65 31 33 56.25000000
65 31 34 56.25000000
65 31 35 56.25000000
65 31 36 37.50000000
65 31 37 37.50000000
65 31 38 37.50000000
65 31 39 37.50000000
65 31 40 18.75000000
65 31 41 18.75000000
65 31 42 18.75000000
65 31 43 18.75000000
65 32 32 18.95000000
65 32 33 56.25000000
65 32 34 56.25000000
65 32 35 56.25000000
65 32 36 18.75000000
65 32 37 18.75000000
65 32 38 18.75000000
65 32 39 18.75000000
65 32 40 37.50000000
65 32 41 37.50000000
65 32 42 37.50000000
65 32 43 37.50000000
65 33 32 18.75000000
65 33 33 18.95000000
65 33 34 56.25000000
65 33 35 56.25000000
65 33 36 18.75000000
65 33 37 18.75000000
65 33 38 18.75000000
65 33 39 18.75000000
65 33 40 37.50000000
65 33 41 37.50000000
65 33 42 37.50000000
65 33 43 37.50000000
65 34 32 18.75000000
65 34 33 18.75000000
65 34 34 18.95000000
65 34 35 56.25000000
65 34 36 18.75000000
65 34 37 18.75000000
65 34 38 18.75000000
65 34 39 18.75000000
65 34 40 37.50000000
65 34 41 37.50000000
65 34 42 37.50000000
65 34 43 37.50000000
65 35 32 18.75000000
65 35 33 18.75000000
65 35 34 18.75000000
65 35 35 18.95000000
65 35 36 18.75000000
65 35 37 18.75000000
65 35 38 18.75000000
65 35 39 18.75000000
65 35 40 37.50000000
65 35 41 37.50000000
65 35 42 37.50000000
65 35 43 37.50000000
65 36 32 18.75000000
65 36 33 18.75000000
65 36 34 18.75000000
65 36 35 18.75000000
65 36 36 0.10000000
65 36 37 18.75000000
65 36 38 18.75000000
65 36 39 18.75000000
65 36 40 18.75000000
65 36 41 37.50000000
65 36 42 37.50000000
65 36 43 37.50000000
65 37 32 18.75000000
65 37 33 18.75000000
65 37 34 18.75000000
65 37 35 18.75000000
65 37 37 0.10000000
65 37 38 18.75000000
65 37 39 18.75000000
65 37 40 18.75000000
65 37 41 18.75000000
65 37 42 37.50000000
65 37 43 37.50000000
65 38 32 18.75000000
65 38 33 18.75000000
65 38 34 18.75000000
65 38 35 18.75000000
65 38 38 0.10000000
65 38 39 18.75000000
65 38 40 18.75000000
65 38 41 18.75000000
65 38 42 18.75000000
65 38 43 37.50000000
65 39 32 18.75000000
65 39 33 18.75000000
65 39 34 18.75000000
65 39 35 18.75000000
65 39 39 0.10000000
65 39 40 18.75000000
65 39 41 18.75000000
65 39 42 18.75000000
65 39 43 18.75000000
65 40 40 0.10000000
65 41 41 0.10000000
65 42 42 0.10000000
65 43 43 0.10000000
65 56 2 4.00000000
65 56 6 2.00000000
65 56 10 4.00000000
65 56 14 2.00000000
65 56 18 4.00000000
65 56 22 2.00000000
65 56 26 4.00000000
65 56 30 2.00000000
65 56 34 4.00000000
65 56 38 2.00000000
65 56 42 2.00000000
65 63 3 4.00000000
65 63 7 2.00000000
65 63 11 4.00000000
65 63 15 2.00000000
65 63 19 4.00000000
65 63 23 2.00000000
65 63 27 4.00000000
65 63 31 2.00000000
65 63 35 4.00000000
65 63 39 2.00000000
65 63 43 2.00000000
66 0 0 4.20000000
66 0 4 2.00000000
66 0 8 4.00000000
66 0 12 2.00000000
66 0 16 43.50000000
66 0 17 18.75000000
66 0 18 18.75000000
66 0 19 18.75000000
66 0 20 2.00000000
66 0 24 26.75000000
66 0 25 18.75000000
66 0 26 18.75000000
66 0 27 18.75000000
66 0 28 22.75000000
66 1 1 0.20000000
66 1 16 37.50000000
66 1 17 37.50000000
66 1 18 18.75000000
66 1 19 18.75000000
66 1 24 18.75000000
66 1 25 18.75000000
66 1 26 18.75000000
66 1 27 18.75000000
66 1 28 18.75000000
66 1 29 18.75000000
66 2 2 0.20000000
66 2 16 37.50000000
66 2 17 37.50000000
66 2 18 37.50000000
66 2 19 18.75000000
66 2 24 18.75000000
66 2 25 18.75000000
66 2 26 18.75000000
66 2 27 18.75000000
66 2 28 18.75000000
66 2 29 18.75000000
66 2 30 18.75000000
66 3 3 0.20000000
66 3 16 37.50000000
66 3 17 37.50000000
66 3 18 37.50000000
66 3 19 37.50000000
66 3 24 18.75000000
66 3 25 18.75000000
66 3 26 18.75000000
66 3 27 18.75000000
66 3 28 18.75000000
66 3 29 18.75000000
66 3 30 18.75000000
66 3 31 18.75000000
66 4 4 0.10000000
66 4 16 37.50000000
66 4 17 37.50000000
66 4 18 37.50000000
66 4 19 37.50000000
66 4 24 56.25000000
66 4 25 18.75000000
66 4 26 18.75000000
66 4 27 18.75000000
66 4 28 18.75000000
66 4 29 18.75000000
66 4 30 18.75000000
66 4 31 18.75000000
66 5 5 0.10000000
66 5 16 37.50000000
66 5 17 37.50000000
66 5 18 37.50000000
66 5 19 37.50000000
66 5 24 56.25000000
66 5 25 56.25000000
66 5 26 18.75000000
66 5 27 18.75000000
66 5 28 18.75000000
66 5 29 18.75000000
66 5 30 18.75000000
66 5 31 18.75000000
66 6 6 0.10000000
66 6 16 37.50000000
66 6 17 37.50000000
66 6 18 37.50000000
66 6 19 37.50000000
66 6 24 56.25000000
66 6 25 56.25000000
66 6 26 56.25000000
66 6 27 18.75000000
66 6 28 18.75000000
66 6 29 18.75000000
66 6 30 18.75000000
66 6 31 18.75000000
66 7 1 4.00000000
66 7 5 2.00000000
66 7 7 0.10000000
66 7 9 4.00000000
66 7 13 2.00000000
66 7 16 37.50000000
66 7 17 43.50000000
66 7 18 37.50000000
66 7 19 37.50000000
66 7 21 2.00000000
66 7 24 56.25000000
66 7 25 64.25000000
66 7 26 56.25000000
66 7 27 56.25000000
66 7 28 18.75000000
66 7 29 22.75000000
66 7 30 18.75000000
66 7 31 18.75000000
66 8 0 56.25000000
66 8 1 18.75000000
66 8 2 18.75000000
66 8 3 18.75000000
66 8 4 18.75000000
66 8 5 18.75000000
66 8 6 18.75000000
66 8 7 18.75000000
66 8 8 0.20000000
66 8 17 18.75000000
66 8 18 18.75000000
66 8 19 18.75000000
66 8 24 56.25000000
66 8 25 56.25000000
66 8 26 56.25000000
66 8 27 56.25000000
66 8 28 18.75000000
66 8 29 37.50000000
66 8 30 37.50000000
66 8 31 37.50000000
66 9 0 56.25000000
66 9 1 56.25000000
66 9 2 18.75000000
66 9 3 18.75000000
66 9 4 18.75000000
66 9 5 18.75000000
66 9 6 18.75000000
66 9 7 18.75000000
66 9 9 0.20000000
66 9 18 18.75000000
66 9 19 18.75000000
66 9 24 56.25000000
66 9 25 56.25000000
66 9 26 56.25000000
66 9 27 56.25000000
66 9 28 18.75000000
66 9 29 18.75000000
66 9 30 37.50000000
66 9 31 37.50000000
66 10 0 56.25000000
66 10 1 56.25000000
66 10 2 56.25000000
66 10 3 18.75000000
66 10 4 18.75000000
66 10 5 18.75000000
66 10 6 18.75000000
66 10 7 18.75000000
66 10 10 0.20000000
66 10 19 18.75000000
66 10 24 56.25000000
66 10 25 56.25000000
66 10 26 56.25000000
66 10 27 56.25000000
66 10 28 18.75000000
66 10 29 18.75000000
66 10 30 18.75000000
66 10 31 37.50000000
66 11 0 56.25000000
66 11 1 56.25000000
66 11 2 56.25000000
66 11 3 56.25000000
66 11 4 18.75000000
66 11 5 18.75000000
66 11 6 18.75000000
66 11 7 18.75000000
66 11 11 0.20000000
66 11 24 56.25000000
66 11 25 56.25000000
66 11 26 56.25000000
66 11 27 56.25000000
66 11 28 18.75000000
66 11 29 18.75000000
66 11 30 18.75000000
66 11 31 18.75000000
66 12 0 56.25000000
66 12 1 56.25000000
66 12 2 56.25000000
66 12 3 56.25000000
66 12 4 37.50000000
66 12 5 18.75000000
66 12 6 18.75000000
66 12 7 18.75000000
66 12 8 18.75000000
66 12 12 0.10000000
66 12 24 18.75000000
66 12 25 56.25000000
66 12 26 56.25000000
66 12 27 56.25000000
66 12 28 18.75000000
66 12 29 18.75000000
66 12 30 18.75000000
66 12 31 18.75000000
66 13 0 56.25000000
66 13 1 56.25000000
66 13 2 56.25000000
66 13 3 56.25000000
66 13 4 37.50000000
66 13 5 37.50000000
66 13 6 18.75000000
66 13 7 18.75000000
66 13 8 18.75000000
66 13 9 18.75000000
66 13 13 0.10000000
66 13 24 18.75000000
66 13 25 18.75000000
66 13 26 56.25000000
66 13 27 56.25000000
66 13 28 18.75000000
66 13 29 18.75000000
66 13 30 18.75000000
66 13 31 18.75000000
66 14 0 56.25000000
66 14 1 56.25000000
66 14 2 56.25000000
66 14 3 56.25000000
66 14 4 37.50000000
66 14 5 37.50000000
66 14 6 37.50000000
66 14 7 18.75000000
66 14 8 18.75000000
66 14 9 18.75000000
66 14 10 18.75000000
66 14 14 0.10000000
66 14 24 18.75000000
66 14 25 18.75000000
66 14 26 18.75000000
66 14 27 56.25000000
66 14 28 18.75000000
66 14 29 18.75000000
66 14 30 18.75000000
66 14 31 18.75000000
66 15 0 56.25000000
66 15 1 56.25000000
66 15 2 56.25000000
66 15 3 56.25000000
66 15 4 37.50000000
66 15 5 37.50000000
66 15 6 37.50000000
66 15 7 37.50000000
66 15 8 18.75000000
66 15 9 18.75000000
66 15 10 18.75000000
66 15 11 18.75000000
66 15 15 0.10000000
66 15 24 18.75000000
66 15 25 18.75000000
66 15 26 18.75000000
66 15 27 18.75000000
66 15 28 18.75000000
66 15 29 18.75000000
66 15 30 18.75000000
66 15 31 18.75000000
66 16 0 18.75000000
66 16 1 56.25000000
66 16 2 56.25000000
66 16 3 56.25000000
66 16 4 18.75000000
66 16 5 18.75000000
66 16 6 18.75000000
66 16 7 18.75000000
66 16 8 56.25000000
66 16 9 56.25000000
66 16 10 56.25000000
66 16 11 56.25000000
66 16 12 37.50000000
66 16 13 18.75000000
66 16 14 18.75000000
66 16 15 18.75000000
66 16 16 19.05000000
66 17 0 18.75000000
66 17 1 18.75000000
66 17 2 56.25000000
66 17 3 56.25000000
66 17 4 18.75000000
66 17 5 18.75000000
66 17 6 18.75000000
66 17 7 18.75000000
66 17 8 56.25000000
66 17 9 56.25000000
66 17 10 56.25000000
66 17 11 56.25000000
66 17 12 37.50000000
66 17 13 37.50000000
66 17 14 18.75000000
66 17 15 18.75000000
66 17 16 18.75000000
66 17 17 19.05000000
66 18 0 18.75000000
66 18 1 18.75000000
66 18 2 18.75000000
66 18 3 56.25000000
66 18 4 18.75000000
66 18 5 18.75000000
66 18 6 18.75000000
66 18 7 18.75000000
66 18 8 56.25000000
66 18 9 56.25000000
66 18 10 56.25000000
66 18 11 56.25000000
66 18 12 37.50000000
66 18 13 37.50000000
66 18 14 37.50000000
66 18 15 18.75000000
66 18 16 18.75000000
66 18 17 18.75000000
66 18 18 19.05000000
66 19 0 18.75000000
66 19 1 18.75000000
66 19 2 18.75000000
66 19 3 18.75000000
66 19 4 18.75000000
66 19 5 18.75000000
66 19 6 18.75000000
66 19 7 18.75000000
66 19 8 56.25000000
66 19 9 56.25000000
66 19 10 56.25000000
66 19 11 56.25000000
66 19 12 37.50000000
66 19 13 37.50000000
66 19 14 37.50000000
66 19 15 37.50000000
66 19 16 18.75000000
66 19 17 18.75000000
66 19 18 18.75000000
66 19 19 19.05000000
66 20 0 18.75000000
66 20 1 18.75000000
66 20 2 18.75000000
66 20 3 18.75000000
66 20 5 18.75000000
66 20 6 18.75000000
66 20 7 18.75000000
66 20 8 56.25000000
66 20 9 56.25000000
66 20 10 56.25000000
66 20 11 56.25000000
66 20 12 37.50000000
66 20 13 37.50000000
66 20 14 37.50000000
66 20 15 37.50000000
66 20 16 18.75000000
66 20 17 18.75000000
66 20 18 18.75000000
66 20 19 18.75000000
66 20 20 18.85000000
66 21 0 18.75000000
66 21 1 18.75000000
66 21 2 18.75000000
66 21 3 18.75000000
66 21 6 18.75000000
66 21 7 18.75000000
66 21 8 56.25000000
66 21 9 56.25000000
66 21 10 56.25000000
66 21 11 56.25000000
66 21 12 37.50000000
66 21 13 37.50000000
66 21 14 37.50000000
66 21 15 37.50000000
66 21 16 18.75000000
66 21 17 18.75000000
66 21 18 18.75000000
66 21 19 18.75000000
66 21 20 18.75000000
66 21 21 18.85000000
66 22 0 18.75000000
66 22 1 18.75000000
66 22 2 18.75000000
66 22 3 18.75000000
66 22 7 18.75000000
66 22 8 56.25000000
66 22 9 56.25000000
66 22 10 56.25000000
66 22 11 56.25000000
66 22 12 37.50000000
66 22 13 37.50000000
66 22 14 37.50000000
66 22 15 37.50000000
66 22 16 18.75000000
66 22 17 18.75000000
66 22 18 18.75000000
66 22 19 18.75000000
66 22 20 18.75000000
66 22 21 18.75000000
66 22 22 18.85000000
66 23 0 18.75000000
66 23 1 18.75000000
66 23 2 18.75000000
66 23 3 18.75000000
66 23 8 56.25000000
66 23 9 56.25000000
66 23 10 56.25000000
66 23 11 56.25000000
66 23 12 37.50000000
66 23 13 37.50000000
66 23 14 37.50000000
66 23 15 37.50000000
66 23 16 18.75000000
66 23 17 18.75000000
66 23 18 18.75000000
66 23 19 18.75000000
66 23 20 18.75000000
66 23 21 18.75000000
66 23 22 18.75000000
66 23 23 18.85000000
66 24 8 18.75000000
66 24 9 18.75000000
66 24 10 18.75000000
66 24 11 18.75000000
66 24 13 18.75000000
66 24 14 18.75000000
66 24 15 18.75000000
66 24 16 56.25000000
66 24 17 56.25000000
66 24 18 56.25000000
66 24 19 56.25000000
66 24 20 37.50000000
66 24 21 37.50000000
66 24 22 37.50000000
66 24 23 37.50000000
66 24 24 19.15000000
66 24 25 18.75000000
66 24 26 18.75000000
66 24 27 18.75000000
66 24 28 18.75000000
66 25 8 18.75000000
66 25 9 18.75000000
66 25 10 18.75000000
66 25 11 18.75000000
66 25 14 18.75000000
66 25 15 18.75000000
66 25 16 56.25000000
66 25 17 56.25000000
66 25 18 56.25000000
66 25 19 56.25000000
66 25 20 37.50000000
66 25 21 37.50000000
66 25 22 37.50000000
66 25 23 37.50000000
66 25 24 18.75000000
66 25 25 19.15000000
66 25 26 18.75000000
66 25 27 18.75000000
66 25 28 18.75000000
66 25 29 18.75000000
66 26 8 18.75000000
66 26 9 18.75000000
66 26 10 18.75000000
66 26 11 18.75000000
66 26 15 18.75000000
66 26 16 56.25000000
66 26 17 56.25000000
66 26 18 56.25000000
66 26 19 56.25000000
66 26 20 37.50000000
66 26 21 37.50000000
66 26 22 37.50000000
66 26 23 37.50000000
66 26 24 18.75000000
66 26 25 18.75000000
66 26 26 19.15000000
66 26 27 18.75000000
66 26 28 18.75000000
66 26 29 18.75000000
66 26 30 18.75000000
66 27 8 18.75000000
66 27 9 18.75000000
66 27 10 18.75000000
66 27 11 18.75000000
66 27 16 56.25000000
66 27 17 56.25000000
66 27 18 56.25000000
66 27 19 56.25000000
66 27 20 37.50000000
66 27 21 37.50000000
66 27 22 37.50000000
66 27 23 37.50000000
66 27 24 18.75000000
66 27 25 18.75000000
66 27 26 18.75000000
66 27 27 19.15000000
66 27 28 18.75000000
66 27 29 18.75000000
66 27 30 18.75000000
66 27 31 18.75000000
66 28 9 18.75000000
66 28 10 18.75000000
66 28 11 18.75000000
66 28 16 56.25000000
66 28 17 56.25000000
66 28 18 56.25000000
66 28 19 56.25000000
66 28 20 18.75000000
66 28 21 37.50000000
66 28 22 37.50000000
66 28 23 37.50000000
66 28 24 56.25000000
66 28 25 18.75000000
66 28 26 18.75000000
66 28 27 18.75000000
66 28 28 18.95000000
66 28 29 18.75000000
66 28 30 18.75000000
66 28 31 18.75000000
66 29 10 18.75000000
66 29 11 18.75000000
66 29 16 56.25000000
66 29 17 56.25000000
66 29 18 56.25000000
66 29 19 56.25000000
66 29 20 18.75000000
66 29 21 18.75000000
66 29 22 37.50000000
66 29 23 37.50000000
66 29 24 56.25000000
66 29 25 56.25000000
66 29 26 18.75000000
66 29 27 18.75000000
66 29 28 18.75000000
66 29 29 18.95000000
66 29 30 18.75000000
66 29 31 18.75000000
66 30 11 18.75000000
66 30 16 56.25000000
66 30 17 56.25000000
66 30 18 56.25000000
66 30 19 56.25000000
66 30 20 18.75000000
66 30 21 18.75000000
66 30 22 18.75000000
66 30 23 37.50000000
66 30 24 56.25000000
66 30 25 56.25000000
66 30 26 56.25000000
66 30 27 18.75000000
66 30 28 18.75000000
66 30 29 18.75000000
66 30 30 18.95000000
66 30 31 18.75000000
66 31 16 56.25000000
66 31 17 56.25000000
66 31 18 56.25000000
66 31 19 56.25000000
66 31 20 18.75000000
66 31 21 18.75000000
66 31 22 18.75000000
66 31 23 18.75000000
66 31 24 56.25000000
66 31 25 56.25000000
66 31 26 56.25000000
66 31 27 56.25000000
66 31 28 18.75000000
66 31 29 18.75000000
66 31 30 18.75000000
66 31 31 18.95000000
66 32 17 18.75000000
66 32 18 18.75000000
66 32 19 18.75000000
66 32 24 56.25000000
66 32 25 56.25000000
66 32 26 56.25000000
66 32 27 56.25000000
66 32 28 18.75000000
66 32 29 37.50000000
66 32 30 37.50000000
66 32 31 37.50000000
66 33 18 18.75000000
66 33 19 18.75000000
66 33 24 56.25000000
66 33 25 56.25000000
66 33 26 56.25000000
66 33 27 56.25000000
66 33 28 18.75000000
66 33 29 18.75000000
66 33 30 37.50000000
66 33 31 37.50000000
66 34 19 18.75000000
66 34 24 56.25000000
66 34 25 56.25000000
66 34 26 56.25000000
66 34 27 56.25000000
66 34 28 18.75000000
66 34 29 18.75000000
66 34 30 18.75000000
66 34 31 37.50000000
66 35 24 56.25000000
66 35 25 56.25000000
66 35 26 56.25000000
66 35 27 56.25000000
66 35 28 18.75000000
66 35 29 18.75000000
66 35 30 18.75000000
66 35 31 18.75000000
66 36 24 18.75000000
66 36 25 56.25000000
66 36 26 56.25000000
66 36 27 56.25000000
66 36 28 18.75000000
66 36 29 18.75000000
66 36 30 18.75000000
66 36 31 18.75000000
66 37 24 18.75000000
66 37 25 18.75000000
66 37 26 56.25000000
66 37 27 56.25000000
66 37 28 18.75000000
66 37 29 18.75000000
66 37 30 18.75000000
66 37 31 18.75000000
66 38 24 18.75000000
66 38 25 18.75000000
66 38 26 18.75000000
66 38 27 56.25000000
66 38 28 18.75000000
66 38 29 18.75000000
66 38 30 18.75000000
66 38 31 18.75000000
66 39 24 18.75000000
66 39 25 18.75000000
66 39 26 18.75000000
66 39 27 18.75000000
66 39 28 18.75000000
66 39 29 18.75000000
66 39 30 18.75000000
66 39 31 18.75000000
66 56 2 4.00000000
66 56 6 2.00000000
66 56 10 4.00000000
66 56 14 2.00000000
66 56 18 6.00000000
66 56 22 2.00000000
66 56 26 8.00000000
66 56 30 4.00000000
66 63 3 4.00000000
66 63 7 2.00000000
66 63 11 4.00000000
66 63 15 2.00000000
66 63 19 6.00000000
66 63 23 2.00000000
66 63 27 8.00000000
66 63 31 4.00000000
67 0 0 4.20000000
67 0 4 2.00000000
67 0 8 24.75000000
67 0 9 18.75000000
67 0 10 18.75000000
67 0 11 18.75000000
67 0 12 41.50000000
67 0 13 18.75000000
67 0 14 18.75000000
67 0 15 18.75000000
67 0 16 24.75000000
67 0 20 4.00000000
67 0 24 4.00000000
67 0 28 2.00000000
67 1 1 0.20000000
67 1 8 18.75000000
67 1 9 18.75000000
67 1 10 18.75000000
67 1 11 18.75000000
67 1 12 37.50000000
67 1 13 37.50000000
67 1 14 18.75000000
67 1 15 18.75000000
67 1 16 18.75000000
67 1 17 18.75000000
67 2 2 0.20000000
67 2 8 18.75000000
67 2 9 18.75000000
67 2 10 18.75000000
67 2 11 18.75000000
67 2 12 37.50000000
67 2 13 37.50000000
67 2 14 37.50000000
67 2 15 18.75000000
67 2 16 18.75000000
67 2 17 18.75000000
67 2 18 18.75000000
67 3 3 0.20000000
67 3 8 18.75000000
67 3 9 18.75000000
67 3 10 18.75000000
67 3 11 18.75000000
67 3 12 37.50000000
67 3 13 37.50000000
67 3 14 37.50000000
67 3 15 37.50000000
67 3 16 18.75000000
67 3 17 18.75000000
67 3 18 18.75000000
67 3 19 18.75000000
67 4 4 0.10000000
67 4 8 37.50000000
67 4 9 18.75000000
67 4 10 18.75000000
67 4 11 18.75000000
67 4 12 37.50000000
67 4 13 37.50000000
67 4 14 37.50000000
67 4 15 37.50000000
67 4 16 18.75000000
67 4 17 18.75000000
67 4 18 18.75000000
67 4 19 18.75000000
67 4 20 18.75000000
67 5 5 0.10000000
67 5 8 37.50000000
67 5 9 37.50000000
67 5 10 18.75000000
67 5 11 18.75000000
67 5 12 37.50000000
67 5 13 37.50000000
67 5 14 37.50000000
67 5 15 37.50000000
67 5 16 18.75000000
67 5 17 18.75000000
67 5 18 18.75000000
67 5 19 18.75000000
67 5 20 18.75000000
67 5 21 18.75000000
67 6 6 0.10000000
67 6 8 37.50000000
67 6 9 37.50000000
67 6 10 37.50000000
67 6 11 18.75000000
67 6 12 37.50000000
67 6 13 37.50000000
67 6 14 37.50000000
67 6 15 37.50000000
67 6 16 18.75000000
67 6 17 18.75000000
67 6 18 18.75000000
67 6 19 18.75000000
67 6 20 18.75000000
67 6 21 18.75000000
67 6 22 18.75000000
67 7 1 4.00000000
67 7 5 2.00000000
67 7 7 0.10000000
67 7 8 37.50000000
67 7 9 43.50000000
67 7 10 37.50000000
67 7 11 37.50000000
67 7 12 37.50000000
67 7 13 41.50000000
67 7 14 37.50000000
67 7 15 37.50000000
67 7 16 18.75000000
67 7 17 24.75000000
67 7 18 18.75000000
67 7 19 18.75000000
67 7 20 18.75000000
67 7 21 22.75000000
67 7 22 18.75000000
67 7 23 18.75000000
67 7 25 4.00000000
67 7 29 2.00000000
67 8 8 19.05000000
67 8 9 18.75000000
67 8 10 18.75000000
67 8 11 18.75000000
67 8 13 18.75000000
67 8 14 18.75000000
67 8 15 18.75000000
67 8 16 56.25000000
67 8 17 56.25000000
67 8 18 56.25000000
67 8 19 56.25000000
67 8 20 37.50000000
67 8 21 37.50000000
67 8 22 37.50000000
67 8 23 37.50000000
67 8 24 18.75000000
67 8 25 18.75000000
67 8 26 18.75000000
67 8 27 18.75000000
67 8 28 18.75000000
67 9 8 18.75000000
67 9 9 19.05000000
67 9 10 18.75000000
67 9 11 18.75000000
67 9 14 18.75000000
67 9 15 18.75000000
67 9 16 56.25000000
67 9 17 56.25000000
67 9 18 56.25000000
67 9 19 56.25000000
67 9 20 37.50000000
67 9 21 37.50000000
67 9 22 37.50000000
67 9 23 37.50000000
67 9 24 18.75000000
67 9 25 18.75000000
67 9 26 18.75000000
67 9 27 18.75000000
67 9 28 18.75000000
67 9 29 18.75000000
67 10 8 18.75000000
67 10 9 18.75000000
67 10 10 19.05000000
67 10 11 18.75000000
67 10 15 18.75000000
67 10 16 56.25000000
67 10 17 56.25000000
67 10 18 56.25000000
67 10 19 56.25000000
67 10 20 37.50000000
67 10 21 37.50000000
67 10 22 37.50000000
67 10 23 37.50000000
67 10 24 18.75000000
67 10 25 18.75000000
67 10 26 18.75000000
67 10 27 18.75000000
67 10 28 18.75000000
67 10 29 18.75000000
67 10 30 18.75000000
67 11 8 18.75000000
67 11 9 18.75000000
67 11 10 18.75000000
67 11 11 19.05000000
67 11 16 56.25000000
67 11 17 56.25000000
67 11 18 56.25000000
67 11 19 56.25000000
67 11 20 37.50000000
67 11 21 37.50000000
67 11 22 37.50000000
67 11 23 37.50000000
67 11 24 18.75000000
67 11 25 18.75000000
67 11 26 18.75000000
67 11 27 18.75000000
67 11 28 18.75000000
67 11 29 18.75000000
67 11 30 18.75000000
67 11 31 18.75000000
67 12 9 18.75000000
67 12 10 18.75000000
67 12 11 18.75000000
67 12 12 0.20000000
67 12 16 56.25000000
67 12 17 56.25000000
67 12 18 56.25000000
67 12 19 56.25000000
67 12 20 18.75000000
67 12 21 37.50000000
67 12 22 37.50000000
67 12 23 37.50000000
67 12 24 56.25000000
67 12 25 18.75000000
67 12 26 18.75000000
67 12 27 18.75000000
67 12 28 18.75000000
67 12 29 18.75000000
67 12 30 18.75000000
67 12 31 18.75000000
67 13 10 18.75000000
67 13 11 18.75000000
67 13 13 0.20000000
67 13 16 56.25000000
67 13 17 56.25000000
67 13 18 56.25000000
67 13 19 56.25000000
67 13 20 18.75000000
67 13 21 18.75000000
67 13 22 37.50000000
67 13 23 37.50000000
67 13 24 56.25000000
67 13 25 56.25000000
67 13 26 18.75000000
67 13 27 18.75000000
67 13 28 18.75000000
67 13 29 18.75000000
67 13 30 18.75000000
67 13 31 18.75000000
67 14 11 18.75000000
67 14 14 0.20000000
67 14 16 56.25000000
67 14 17 56.25000000
67 14 18 56.25000000
67 14 19 56.25000000
67 14 20 18.75000000
67 14 21 18.75000000
67 14 22 18.75000000
67 14 23 37.50000000
67 14 24 56.25000000
67 14 25 56.25000000
67 14 26 56.25000000
67 14 27 18.75000000
67 14 28 18.75000000
67 14 29 18.75000000
67 14 30 18.75000000
67 14 31 18.75000000
67 15 15 0.20000000
67 15 16 56.25000000
67 15 17 56.25000000
67 15 18 56.25000000
67 15 19 56.25000000
67 15 20 18.75000000
67 15 21 18.75000000
67 15 22 18.75000000
67 15 23 18.75000000
67 15 24 56.25000000
67 15 25 56.25000000
67 15 26 56.25000000
67 15 27 56.25000000
67 15 28 18.75000000
67 15 29 18.75000000
67 15 30 18.75000000
67 15 31 18.75000000
67 16 0 56.25000000
67 16 1 18.75000000
67 16 2 18.75000000
67 16 3 18.75000000
67 16 4 18.75000000
67 16 5 18.75000000
67 16 6 18.75000000
67 16 7 18.75000000
67 16 16 0.30000000
67 16 17 18.75000000
67 16 18 18.75000000
67 16 19 18.75000000
67 16 24 56.25000000
67 16 25 56.25000000
67 16 26 56.25000000
67 16 27 56.25000000
67 16 28 18.75000000
67 16 29 37.50000000
67 16 30 37.50000000
67 16 31 37.50000000
67 17 0 56.25000000
67 17 1 56.25000000
67 17 2 18.75000000
67 17 3 18.75000000
67 17 4 18.75000000
67 17 5 18.75000000
67 17 6 18.75000000
67 17 7 18.75000000
67 17 17 0.30000000
67 17 18 18.75000000
67 17 19 18.75000000
67 17 24 56.25000000
67 17 25 56.25000000
67 17 26 56.25000000
67 17 27 56.25000000
67 17 28 18.75000000
67 17 29 18.75000000
67 17 30 37.50000000
67 17 31 37.50000000
67 18 0 56.25000000
67 18 1 56.25000000
67 18 2 56.25000000
67 18 3 18.75000000
67 18 4 18.75000000
67 18 5 18.75000000
67 18 6 18.75000000
67 18 7 18.75000000
67 18 18 0.30000000
67 18 19 18.75000000
67 18 24 56.25000000
67 18 25 56.25000000
67 18 26 56.25000000
67 18 27 56.25000000
67 18 28 18.75000000
67 18 29 18.75000000
67 18 30 18.75000000
67 18 31 37.50000000
67 19 0 56.25000000
67 19 1 56.25000000
67 19 2 56.25000000
67 19 3 56.25000000
67 19 4 18.75000000
67 19 5 18.75000000
67 19 6 18.75000000
67 19 7 18.75000000
67 19 19 0.30000000
67 19 24 56.25000000
67 19 25 56.25000000
67 19 26 56.25000000
67 19 27 56.25000000
67 19 28 18.75000000
67 19 29 18.75000000
67 19 30 18.75000000
67 19 31 18.75000000
67 20 0 56.25000000
67 20 1 56.25000000
67 20 2 56.25000000
67 20 3 56.25000000
67 20 4 37.50000000
67 20 5 18.75000000
67 20 6 18.75000000
67 20 7 18.75000000
67 20 8 18.75000000
67 20 20 0.20000000
67 20 24 18.75000000
67 20 25 56.25000000
67 20 26 56.25000000
67 20 27 56.25000000
67 20 28 18.75000000
67 20 29 18.75000000
67 20 30 18.75000000
67 20 31 18.75000000
67 21 0 56.25000000
67 21 1 56.25000000
67 21 2 56.25000000
67 21 3 56.25000000
67 21 4 37.50000000
67 21 5 37.50000000
67 21 6 18.75000000
67 21 7 18.75000000
67 21 8 18.75000000
67 21 9 18.75000000
67 21 21 0.20000000
67 21 24 18.75000000
67 21 25 18.75000000
67 21 26 56.25000000
67 21 27 56.25000000
67 21 28 18.75000000
67 21 29 18.75000000
67 21 30 18.75000000
67 21 31 18.75000000
67 22 0 56.25000000
67 22 1 56.25000000
67 22 2 56.25000000
67 22 3 56.25000000
67 22 4 37.50000000
67 22 5 37.50000000
67 22 6 37.50000000
67 22 7 18.75000000
67 22 8 18.75000000
67 22 9 18.75000000
67 22 10 18.75000000
67 22 22 0.20000000
67 22 24 18.75000000
67 22 25 18.75000000
67 22 26 18.75000000
67 22 27 56.25000000
67 22 28 18.75000000
67 22 29 18.75000000
67 22 30 18.75000000
67 22 31 18.75000000
67 23 0 56.25000000
67 23 1 56.25000000
67 23 2 56.25000000
67 23 3 56.25000000
67 23 4 37.50000000
67 23 5 37.50000000
67 23 6 37.50000000
67 23 7 37.50000000
67 23 8 18.75000000
67 23 9 18.75000000
67 23 10 18.75000000
67 23 11 18.75000000
67 23 23 0.20000000
67 23 24 18.75000000
67 23 25 18.75000000
67 23 26 18.75000000
67 23 27 18.75000000
67 23 28 18.75000000
67 23 29 18.75000000
67 23 30 18.75000000
67 23 31 18.75000000
67 24 0 18.75000000
67 24 1 56.25000000
67 24 2 56.25000000
67 24 3 56.25000000
67 24 4 18.75000000
67 24 5 18.75000000
67 24 6 18.75000000
67 24 7 18.75000000
67 24 8 56.25000000
67 24 9 56.25000000
67 24 10 56.25000000
67 24 11 56.25000000
67 24 12 37.50000000
67 24 13 18.75000000
67 24 14 18.75000000
67 24 15 18.75000000
67 24 16 18.75000000
67 24 24 0.20000000
67 25 0 18.75000000
67 25 1 18.75000000
67 25 2 56.25000000
67 25 3 56.25000000
67 25 4 18.75000000
67 25 5 18.75000000
67 25 6 18.75000000
67 25 7 18.75000000
67 25 8 56.25000000
67 25 9 56.25000000
67 25 10 56.25000000
67 25 11 56.25000000
67 25 12 37.50000000
67 25 13 37.50000000
67 25 14 18.75000000
67 25 15 18.75000000
67 25 16 18.75000000
67 25 17 18.75000000
67 25 25 0.20000000
67 26 0 18.75000000
67 26 1 18.75000000
67 26 2 18.75000000
67 26 3 56.25000000
67 26 4 18.75000000
67 26 5 18.75000000
67 26 6 18.75000000
67 26 7 18.75000000
67 26 8 56.25000000
67 26 9 56.25000000
67 26 10 56.25000000
67 26 11 56.25000000
67 26 12 37.50000000
67 26 13 37.50000000
67 26 14 37.50000000
67 26 15 18.75000000
67 26 16 18.75000000
67 26 17 18.75000000
67 26 18 18.75000000
67 26 26 0.20000000
67 27 0 18.75000000
67 27 1 18.75000000
67 27 2 18.75000000
67 27 3 18.75000000
67 27 4 18.75000000
67 27 5 18.75000000
67 27 6 18.75000000
67 27 7 18.75000000
67 27 8 56.25000000
67 27 9 56.25000000
67 27 10 56.25000000
67 27 11 56.25000000
67 27 12 37.50000000
67 27 13 37.50000000
67 27 14 37.50000000
67 27 15 37.50000000
67 27 16 18.75000000
67 27 17 18.75000000
67 27 18 18.75000000
67 27 19 18.75000000
67 27 27 0.20000000
67 28 0 18.75000000
67 28 1 18.75000000
67 28 2 18.75000000
67 28 3 18.75000000
67 28 5 18.75000000
67 28 6 18.75000000
67 28 7 18.75000000
67 28 8 56.25000000
67 28 9 56.25000000
67 28 10 56.25000000
67 28 11 56.25000000
67 28 12 37.50000000
67 28 13 37.50000000
67 28 14 37.50000000
67 28 15 37.50000000
67 28 16 18.75000000
67 28 17 18.75000000
67 28 18 18.75000000
67 28 19 18.75000000
67 28 20 18.75000000
67 28 28 0.10000000
67 29 0 18.75000000
67 29 1 18.75000000
67 29 2 18.75000000
67 29 3 18.75000000
67 29 6 18.75000000
67 29 7 18.75000000
67 29 8 56.25000000
67 29 9 56.25000000
67 29 10 56.25000000
67 29 11 56.25000000
67 29 12 37.50000000
67 29 13 37.50000000
67 29 14 37.50000000
67 29 15 37.50000000
67 29 16 18.75000000
67 29 17 18.75000000
67 29 18 18.75000000
67 29 19 18.75000000
67 29 20 18.75000000
67 29 21 18.75000000
67 29 29 0.10000000
67 30 0 18.75000000
67 30 1 18.75000000
67 30 2 18.75000000
67 30 3 18.75000000
67 30 7 18.75000000
67 30 8 56.25000000
67 30 9 56.25000000
67 30 10 56.25000000
67 30 11 56.25000000
67 30 12 37.50000000
67 30 13 37.50000000
67 30 14 37.50000000
67 30 15 37.50000000
67 30 16 18.75000000
67 30 17 18.75000000
67 30 18 18.75000000
67 30 19 18.75000000
67 30 20 18.75000000
67 30 21 18.75000000
67 30 22 18.75000000
67 30 30 0.10000000
67 31 0 18.75000000
67 31 1 18.75000000
67 31 2 18.75000000
67 31 3 18.75000000
67 31 8 56.25000000
67 31 9 56.25000000
67 31 10 56.25000000
67 31 11 56.25000000
67 31 12 37.50000000
67 31 13 37.50000000
67 31 14 37.50000000
67 31 15 37.50000000
67 31 16 18.75000000
67 31 17 18.75000000
67 31 18 18.75000000
67 31 19 18.75000000
67 31 20 18.75000000
67 31 21 18.75000000
67 31 22 18.75000000
67 31 23 18.75000000
67 31 31 0.10000000
67 32 8 18.75000000
67 32 9 18.75000000
67 32 10 18.75000000
67 32 11 18.75000000
67 32 13 18.75000000
67 32 14 18.75000000
67 32 15 18.75000000
67 32 16 18.75000000
67 32 17 37.50000000
67 32 18 37.50000000
67 32 19 37.50000000
67 32 20 37.50000000
67 32 21 37.50000000
67 32 22 37.50000000
67 32 23 37.50000000
67 33 8 18.75000000
67 33 9 18.75000000
67 33 10 18.75000000
67 33 11 18.75000000
67 33 14 18.75000000
67 33 15 18.75000000
67 33 16 18.75000000
67 33 17 18.75000000
67 33 18 37.50000000
67 33 19 37.50000000
67 33 20 37.50000000
67 33 21 37.50000000
67 33 22 37.50000000
67 33 23 37.50000000
67 34 8 18.75000000
67 34 9 18.75000000
67 34 10 18.75000000
67 34 11 18.75000000
67 34 15 18.75000000
67 34 16 18.75000000
67 34 17 18.75000000
67 34 18 18.75000000
67 34 19 37.50000000
67 34 20 37.50000000
67 34 21 37.50000000
67 34 22 37.50000000
67 34 23 37.50000000
67 35 8 18.75000000
67 35 9 18.75000000
67 35 10 18.75000000
67 35 11 18.75000000
67 35 16 18.75000000
67 35 17 18.75000000
67 35 18 18.75000000
67 35 19 18.75000000
67 35 20 37.50000000
67 35 21 37.50000000
67 35 22 37.50000000
67 35 23 37.50000000
67 36 9 18.75000000
67 36 10 18.75000000
67 36 11 18.75000000
67 36 16 18.75000000
67 36 17 18.75000000
67 36 18 18.75000000
67 36 19 18.75000000
67 36 20 18.75000000
67 36 21 37.50000000
67 36 22 37.50000000
67 36 23 37.50000000
67 37 10 18.75000000
67 37 11 18.75000000
67 37 16 18.75000000
67 37 17 18.75000000
67 37 18 18.75000000
67 37 19 18.75000000
67 37 20 18.75000000
67 37 21 18.75000000
67 37 22 37.50000000
67 37 23 37.50000000
67 38 11 18.75000000
67 38 16 18.75000000
67 38 17 18.75000000
67 38 18 18.75000000
67 38 19 18.75000000
67 38 20 18.75000000
67 38 21 18.75000000
67 38 22 18.75000000
67 38 23 37.50000000
67 39 16 18.75000000
67 39 17 18.75000000
67 39 18 18.75000000
67 39 19 18.75000000
67 39 20 18.75000000
67 39 21 18.75000000
67 39 22 18.75000000
67 39 23 18.75000000
67 56 2 4.00000000
67 56 6 2.00000000
67 56 10 6.00000000
67 56 14 4.00000000
67 56 18 6.00000000
67 56 22 4.00000000
67 56 26 4.00000000
67 56 30 2.00000000
67 63 3 4.00000000
67 63 7 2.00000000
67 63 11 6.00000000
67 63 15 4.00000000
67 63 19 6.00000000
67 63 23 4.00000000
67 63 27 4.00000000
67 63 31 2.00000000
68 0 0 64.65000000
68 0 1 18.75000000
68 0 2 18.75000000
68 0 3 18.75000000
68 0 4 22.75000000
68 0 5 18.75000000
68 0 6 18.75000000
68 0 7 18.75000000
68 0 8 6.00000000
68 0 12 2.00000000
68 0 16 4.00000000
68 0 20 2.00000000
68 0 24 4.00000000
68 0 28 2.00000000
68 1 0 56.25000000
68 1 1 56.65000000
68 1 2 18.75000000
68 1 3 18.75000000
68 1 4 18.75000000
68 1 5 18.75000000
68 1 6 18.75000000
68 1 7 18.75000000
68 2 0 56.25000000
68 2 1 56.25000000
68 2 2 56.65000000
68 2 3 18.75000000
68 2 4 18.75000000
68 2 5 18.75000000
68 2 6 18.75000000
68 2 7 18.75000000
68 3 0 56.25000000
68 3 1 56.25000000
68 3 2 56.25000000
68 3 3 56.65000000
68 3 4 18.75000000
68 3 5 18.75000000
68 3 6 18.75000000
68 3 7 18.75000000
68 4 0 56.25000000
68 4 1 56.25000000
68 4 2 56.25000000
68 4 3 56.25000000
68 4 4 37.70000000
68 4 5 18.75000000
68 4 6 18.75000000
68 4 7 18.75000000
68 4 8 18.75000000
68 5 0 56.25000000
68 5 1 56.25000000
68 5 2 56.25000000
68 5 3 56.25000000
68 5 4 37.50000000
68 5 5 37.70000000
68 5 6 18.75000000
68 5 7 18.75000000
68 5 8 18.75000000
68 5 9 18.75000000
68 6 0 56.25000000
68 6 1 56.25000000
68 6 2 56.25000000
68 6 3 56.25000000
68 6 4 37.50000000
68 6 5 37.50000000
68 6 6 37.70000000
68 6 7 18.75000000
68 6 8 18.75000000
68 6 9 18.75000000
68 6 10 18.75000000
68 7 0 56.25000000
68 7 1 64.25000000
68 7 2 56.25000000
68 7 3 56.25000000
68 7 4 37.50000000
68 7 5 41.50000000
68 7 6 37.50000000
68 7 7 37.70000000
68 7 8 18.75000000
68 7 9 24.75000000
68 7 10 18.75000000
68 7 11 18.75000000
68 7 13 2.00000000
68 7 17 4.00000000
68 7 21 2.00000000
68 7 25 4.00000000
68 7 29 2.00000000
68 8 0 18.75000000
68 8 1 56.25000000
68 8 2 56.25000000
68 8 3 56.25000000
68 8 4 18.75000000
68 8 5 18.75000000
68 8 6 18.75000000
68 8 7 18.75000000
68 8 8 56.55000000
68 8 9 56.25000000
68 8 10 56.25000000
68 8 11 56.25000000
68 8 12 37.50000000
68 8 13 18.75000000
68 8 14 18.75000000
68 8 15 18.75000000
68 8 16 18.75000000
68 9 0 18.75000000
68 9 1 18.75000000
68 9 2 56.25000000
68 9 3 56.25000000
68 9 4 18.75000000
68 9 5 18.75000000
68 9 6 18.75000000
68 9 7 18.75000000
68 9 8 56.25000000
68 9 9 56.55000000
68 9 10 56.25000000
68 9 11 56.25000000
68 9 12 37.50000000
68 9 13 37.50000000
68 9 14 18.75000000
68 9 15 18.75000000
68 9 16 18.75000000
68 9 17 18.75000000
68 10 0 18.75000000
68 10 1 18.75000000
68 10 2 18.75000000
68 10 3 56.25000000
68 10 4 18.75000000
68 10 5 18.75000000
68 10 6 18.75000000
68 10 7 18.75000000
68 10 8 56.25000000
68 10 9 56.25000000
68 10 10 56.55000000
68 10 11 56.25000000
68 10 12 37.50000000
68 10 13 37.50000000
68 10 14 37.50000000
68 10 15 18.75000000
68 10 16 18.75000000
68 10 17 18.75000000
68 10 18 18.75000000
68 11 0 18.75000000
68 11 1 18.75000000
68 11 2 18.75000000
68 11 3 18.75000000
68 11 4 18.75000000
68 11 5 18.75000000
68 11 6 18.75000000
68 11 7 18.75000000
68 11 8 56.25000000
68 11 9 56.25000000
68 11 10 56.25000000
68 11 11 56.55000000
68 11 12 37.50000000
68 11 13 37.50000000
68 11 14 37.50000000
68 11 15 37.50000000
68 11 16 18.75000000
68 11 17 18.75000000
68 11 18 18.75000000
68 11 19 18.75000000
68 12 0 18.75000000
68 12 1 18.75000000
68 12 2 18.75000000
68 12 3 18.75000000
68 12 5 18.75000000
68 12 6 18.75000000
68 12 7 18.75000000
68 12 8 56.25000000
68 12 9 56.25000000
68 12 10 56.25000000
68 12 11 56.25000000
68 12 12 37.60000000
68 12 13 37.50000000
68 12 14 37.50000000
68 12 15 37.50000000
68 12 16 18.75000000
68 12 17 18.75000000
68 12 18 18.75000000
68 12 19 18.75000000
68 12 20 18.75000000
68 13 0 18.75000000
68 13 1 18.75000000
68 13 2 18.75000000
68 13 3 18.75000000
68 13 6 18.75000000
68 13 7 18.75000000
68 13 8 56.25000000
68 13 9 56.25000000
68 13 10 56.25000000
68 13 11 56.25000000
68 13 12 37.50000000
68 13 13 37.60000000
68 13 14 37.50000000
68 13 15 37.50000000
68 13 16 18.75000000
68 13 17 18.75000000
68 13 18 18.75000000
68 13 19 18.75000000
68 13 20 18.75000000
68 13 21 18.75000000
68 14 0 18.75000000
68 14 1 18.75000000
68 14 2 18.75000000
68 14 3 18.75000000
68 14 7 18.75000000
68 14 8 56.25000000
68 14 9 56.25000000
68 14 10 56.25000000
68 14 11 56.25000000
68 14 12 37.50000000
68 14 13 37.50000000
68 14 14 37.60000000
68 14 15 37.50000000
68 14 16 18.75000000
68 14 17 18.75000000
68 14 18 18.75000000
68 14 19 18.75000000
68 14 20 18.75000000
68 14 21 18.75000000
68 14 22 18.75000000
68 15 0 18.75000000
68 15 1 18.75000000
68 15 2 18.75000000
68 15 3 18.75000000
68 15 8 56.25000000
68 15 9 56.25000000
68 15 10 56.25000000
68 15 11 56.25000000
68 15 12 37.50000000
68 15 13 37.50000000
68 15 14 37.50000000
68 15 15 37.60000000
68 15 16 18.75000000
68 15 17 18.75000000
68 15 18 18.75000000
68 15 19 18.75000000
68 15 20 18.75000000
68 15 21 18.75000000
68 15 22 18.75000000
68 15 23 18.75000000
68 16 8 18.75000000
68 16 9 18.75000000
68 16 10 18.75000000
68 16 11 18.75000000
68 16 13 18.75000000
68 16 14 18.75000000
68 16 15 18.75000000
68 16 16 56.45000000
68 16 17 56.25000000
68 16 18 56.25000000
68 16 19 56.25000000
68 16 20 37.50000000
68 16 21 37.50000000
68 16 22 37.50000000
68 16 23 37.50000000
68 16 24 18.75000000
68 16 25 18.75000000
68 16 26 18.75000000
68 16 27 18.75000000
68 16 28 18.75000000
68 17 8 18.75000000
68 17 9 18.75000000
68 17 10 18.75000000
68 17 11 18.75000000
68 17 14 18.75000000
68 17 15 18.75000000
68 17 16 56.25000000
68 17 17 56.45000000
68 17 18 56.25000000
68 17 19 56.25000000
68 17 20 37.50000000
68 17 21 37.50000000
68 17 22 37.50000000
68 17 23 37.50000000
68 17 24 18.75000000
68 17 25 18.75000000
68 17 26 18.75000000
68 17 27 18.75000000
68 17 28 18.75000000
68 17 29 18.75000000
68 18 8 18.75000000
68 18 9 18.75000000
68 18 10 18.75000000
68 18 11 18.75000000
68 18 15 18.75000000
68 18 16 56.25000000
68 18 17 56.25000000
68 18 18 56.45000000
68 18 19 56.25000000
68 18 20 37.50000000
68 18 21 37.50000000
68 18 22 37.50000000
68 18 23 37.50000000
68 18 24 18.75000000
68 18 25 18.75000000
68 18 26 18.75000000
68 18 27 18.75000000
68 18 28 18.75000000
68 18 29 18.75000000
68 18 30 18.75000000
68 19 8 18.75000000
68 19 9 18.75000000
68 19 10 18.75000000
68 19 11 18.75000000
68 19 16 56.25000000
68 19 17 56.25000000
68 19 18 56.25000000
68 19 19 56.45000000
68 19 20 37.50000000
68 19 21 37.50000000
68 19 22 37.50000000
68 19 23 37.50000000
68 19 24 18.75000000
68 19 25 18.75000000
68 19 26 18.75000000
68 19 27 18.75000000
68 19 28 18.75000000
68 19 29 18.75000000
68 19 30 18.75000000
68 19 31 18.75000000
68 20 9 18.75000000
68 20 10 18.75000000
68 20 11 18.75000000
68 20 16 56.25000000
68 20 17 56.25000000
68 20 18 56.25000000
68 20 19 56.25000000
68 20 20 18.85000000
68 20 21 37.50000000
68 20 22 37.50000000
68 20 23 37.50000000
68 20 24 56.25000000
68 20 25 18.75000000
68 20 26 18.75000000
68 20 27 18.75000000
68 20 28 18.75000000
68 20 29 18.75000000
68 20 30 18.75000000
68 20 31 18.75000000
68 21 10 18.75000000
68 21 11 18.75000000
68 21 16 56.25000000
68 21 17 56.25000000
68 21 18 56.25000000
68 21 19 56.25000000
68 21 20 18.75000000
68 21 21 18.85000000
68 21 22 37.50000000
68 21 23 37.50000000
68 21 24 56.25000000
68 21 25 56.25000000
68 21 26 18.75000000
68 21 27 18.75000000
68 21 28 18.75000000
68 21 29 18.75000000
68 21 30 18.75000000
68 21 31 18.75000000
68 22 11 18.75000000
68 22 16 56.25000000
68 22 17 56.25000000
68 22 18 56.25000000
68 22 19 56.25000000
68 22 20 18.75000000
68 22 21 18.75000000
68 22 22 18.85000000
68 22 23 37.50000000
68 22 24 56.25000000
68 22 25 56.25000000
68 22 26 56.25000000
68 22 27 18.75000000
68 22 28 18.75000000
68 22 29 18.75000000
68 22 30 18.75000000
68 22 31 18.75000000
68 23 16 56.25000000
68 23 17 56.25000000
68 23 18 56.25000000
68 23 19 56.25000000
68 23 20 18.75000000
68 23 21 18.75000000
68 23 22 18.75000000
68 23 23 18.85000000
68 23 24 56.25000000
68 23 25 56.25000000
68 23 26 56.25000000
68 23 27 56.25000000
68 23 28 18.75000000
68 23 29 18.75000000
68 23 30 18.75000000
68 23 31 18.75000000
68 24 0 56.25000000
68 24 1 18.75000000
68 24 2 18.75000000
68 24 3 18.75000000
68 24 4 18.75000000
68 24 5 18.75000000
68 24 6 18.75000000
68 24 7 18.75000000
68 24 17 18.75000000
68 24 18 18.75000000
68 24 19 18.75000000
68 24 24 56.45000000
68 24 25 56.25000000
68 24 26 56.25000000
68 24 27 56.25000000
68 24 28 18.75000000
68 24 29 37.50000000
68 24 30 37.50000000
68 24 31 37.50000000
68 25 0 56.25000000
68 25 1 56.25000000
68 25 2 18.75000000
68 25 3 18.75000000
68 25 4 18.75000000
68 25 5 18.75000000
68 25 6 18.75000000
68 25 7 18.75000000
68 25 18 18.75000000
68 25 19 18.75000000
68 25 24 56.25000000
68 25 25 56.45000000
68 25 26 56.25000000
68 25 27 56.25000000
68 25 28 18.75000000
68 25 29 18.75000000
68 25 30 37.50000000
68 25 31 37.50000000
68 26 0 56.25000000
68 26 1 56.25000000
68 26 2 56.25000000
68 26 3 18.75000000
68 26 4 18.75000000
68 26 5 18.75000000
68 26 6 18.75000000
68 26 7 18.75000000
68 26 19 18.75000000
68 26 24 56.25000000
68 26 25 56.25000000
68 26 26 56.45000000
68 26 27 56.25000000
68 26 28 18.75000000
68 26 29 18.75000000
68 26 30 18.75000000
68 26 31 37.50000000
68 27 0 56.25000000
68 27 1 56.25000000
68 27 2 56.25000000
68 27 3 56.25000000
68 27 4 18.75000000
68 27 5 18.75000000
68 27 6 18.75000000
68 27 7 18.75000000
68 27 24 56.25000000
68 27 25 56.25000000
68 27 26 56.25000000
68 27 27 56.45000000
68 27 28 18.75000000
68 27 29 18.75000000
68 27 30 18.75000000
68 27 31 18.75000000
68 28 0 56.25000000
68 28 1 56.25000000
68 28 2 56.25000000
68 28 3 56.25000000
68 28 4 37.50000000
68 28 5 18.75000000
68 28 6 18.75000000
68 28 7 18.75000000
68 28 8 18.75000000
68 28 24 18.75000000
68 28 25 56.25000000
68 28 26 56.25000000
68 28 27 56.25000000
68 28 28 18.85000000
68 28 29 18.75000000
68 28 30 18.75000000
68 28 31 18.75000000
68 29 0 56.25000000
68 29 1 56.25000000
68 29 2 56.25000000
68 29 3 56.25000000
68 29 4 37.50000000
68 29 5 37.50000000
68 29 6 18.75000000
68 29 7 18.75000000
68 29 8 18.75000000
68 29 9 18.75000000
68 29 24 18.75000000
68 29 25 18.75000000
68 29 26 56.25000000
68 29 27 56.25000000
68 29 28 18.75000000
68 29 29 18.85000000
68 29 30 18.75000000
68 29 31 18.75000000
68 30 0 56.25000000
68 30 1 56.25000000
68 30 2 56.25000000
68 30 3 56.25000000
68 30 4 37.50000000
68 30 5 37.50000000
68 30 6 37.50000000
68 30 7 18.75000000
68 30 8 18.75000000
68 30 9 18.75000000
68 30 10 18.75000000
68 30 24 18.75000000
68 30 25 18.75000000
68 30 26 18.75000000
68 30 27 56.25000000
68 30 28 18.75000000
68 30 29 18.75000000
68 30 30 18.85000000
68 30 31 18.75000000
68 31 0 56.25000000
68 31 1 56.25000000
68 31 2 56.25000000
68 31 3 56.25000000
68 31 4 37.50000000
68 31 5 37.50000000
68 31 6 37.50000000
68 31 7 37.50000000
68 31 8 18.75000000
68 31 9 18.75000000
68 31 10 18.75000000
68 31 11 18.75000000
68 31 24 18.75000000
68 31 25 18.75000000
68 31 26 18.75000000
68 31 27 18.75000000
68 31 28 18.75000000
68 31 29 18.75000000
68 31 30 18.75000000
68 31 31 18.85000000
68 32 0 18.75000000
68 32 1 56.25000000
68 32 2 56.25000000
68 32 3 56.25000000
68 32 4 18.75000000
68 32 5 18.75000000
68 32 6 18.75000000
68 32 7 18.75000000
68 32 8 37.50000000
68 32 9 37.50000000
68 32 10 37.50000000
68 32 11 37.50000000
68 33 0 18.75000000
68 33 1 18.75000000
68 33 2 56.25000000
68 33 3 56.25000000
68 33 4 18.75000000
68 33 5 18.75000000
68 33 6 18.75000000
68 33 7 18.75000000
68 33 8 37.50000000
68 33 9 37.50000000
68 33 10 37.50000000
68 33 11 37.50000000
68 34 0 18.75000000
68 34 1 18.75000000
68 34 2 18.75000000
68 34 3 56.25000000
68 34 4 18.75000000
68 34 5 18.75000000
68 34 6 18.75000000
68 34 7 18.75000000
68 34 8 37.50000000
68 34 9 37.50000000
68 34 10 37.50000000
68 34 11 37.50000000
68 35 0 18.75000000
68 35 1 18.75000000
68 35 2 18.75000000
68 35 3 18.75000000
68 35 4 18.75000000
68 35 5 18.75000000
68 35 6 18.75000000
68 35 7 18.75000000
68 35 8 37.50000000
68 35 9 37.50000000
68 35 10 37.50000000
68 35 11 37.50000000
68 36 0 18.75000000
68 36 1 18.75000000
68 36 2 18.75000000
68 36 3 18.75000000
68 36 5 18.75000000
68 36 6 18.75000000
68 36 7 18.75000000
68 36 8 18.75000000
68 36 9 37.50000000
68 36 10 37.50000000
68 36 11 37.50000000
68 37 0 18.75000000
68 37 1 18.75000000
68 37 2 18.75000000
68 37 3 18.75000000
68 37 6 18.75000000
68 37 7 18.75000000
68 37 8 18.75000000
68 37 9 18.75000000
68 37 10 37.50000000
68 37 11 37.50000000
68 38 0 18.75000000
68 38 1 18.75000000
68 38 2 18.75000000
68 38 3 18.75000000
68 38 7 18.75000000
68 38 8 18.75000000
68 38 9 18.75000000
68 38 10 18.75000000
68 38 11 37.50000000
68 39 0 18.75000000
68 39 1 18.75000000
68 39 2 18.75000000
68 39 3 18.75000000
68 39 8 18.75000000
68 39 9 18.75000000
68 39 10 18.75000000
68 39 11 18.75000000
68 56 2 8.00000000
68 56 6 4.00000000
68 56 10 6.00000000
68 56 14 2.00000000
68 56 18 4.00000000
68 56 22 2.00000000
68 56 26 4.00000000
68 56 30 2.00000000
68 63 3 8.00000000
68 63 7 4.00000000
68 63 11 6.00000000
68 63 15 2.00000000
68 63 19 4.00000000
68 63 23 2.00000000
68 63 27 4.00000000
68 63 31 2.00000000
69 0 0 4.20000000
69 0 4 2.00000000
69 0 8 4.00000000
69 0 12 2.00000000
69 0 16 4.00000000
69 0 20 2.00000000
69 0 24 4.00000000
69 0 28 2.00000000
69 0 48 39.50000000
69 0 49 18.75000000
69 0 50 18.75000000
69 0 51 18.75000000
69 0 56 22.75000000
69 0 57 18.75000000
69 0 58 18.75000000
69 0 59 18.75000000
69 0 60 20.75000000
69 1 1 0.20000000
69 1 48 37.50000000
69 1 49 37.50000000
69 1 50 18.75000000
69 1 51 18.75000000
69 1 56 18.75000000
69 1 57 18.75000000
69 1 58 18.75000000
69 1 59 18.75000000
69 1 60 18.75000000
69 1 61 18.75000000
69 2 2 0.20000000
69 2 48 37.50000000
69 2 49 37.50000000
69 2 50 37.50000000
69 2 51 18.75000000
69 2 56 18.75000000
69 2 57 18.75000000
69 2 58 18.75000000
69 2 59 18.75000000
69 2 60 18.75000000
69 2 61 18.75000000
69 2 62 18.75000000
69 3 3 0.20000000
69 3 48 37.50000000
69 3 49 37.50000000
69 3 50 37.50000000
69 3 51 37.50000000
69 3 56 18.75000000
69 3 57 18.75000000
69 3 58 18.75000000
69 3 59 18.75000000
69 3 60 18.75000000
69 3 61 18.75000000
69 3 62 18.75000000
69 3 63 18.75000000
69 4 4 0.10000000
69 4 48 37.50000000
69 4 49 37.50000000
69 4 50 37.50000000
69 4 51 37.50000000
69 4 56 56.25000000
69 4 57 18.75000000
69 4 58 18.75000000
69 4 59 18.75000000
69 4 60 18.75000000
69 4 61 18.75000000
69 4 62 18.75000000
69 4 63 18.75000000
69 5 5 0.10000000
69 5 48 37.50000000
69 5 49 37.50000000
69 5 50 37.50000000
69 5 51 37.50000000
69 5 56 56.25000000
69 5 57 56.25000000
69 5 58 18.75000000
69 5 59 18.75000000
69 5 60 18.75000000
69 5 61 18.75000000
69 5 62 18.75000000
69 5 63 18.75000000
69 6 6 0.10000000
69 6 48 37.50000000
69 6 49 37.50000000
69 6 50 37.50000000
69 6 51 37.50000000
69 6 56 56.25000000
69 6 57 56.25000000
69 6 58 56.25000000
69 6 59 18.75000000
69 6 60 18.75000000
69 6 61 18.75000000
69 6 62 18.75000000
69 6 63 18.75000000
69 7 1 4.00000000
69 7 5 2.00000000
69 7 7 0.10000000
69 7 9 4.00000000
69 7 13 2.00000000
69 7 17 4.00000000
69 7 21 2.00000000
69 7 25 4.00000000
69 7 29 2.00000000
69 7 48 37.50000000
69 7 49 39.50000000
69 7 50 37.50000000
69 7 51 37.50000000
69 7 56 56.25000000
69 7 57 60.25000000
69 7 58 56.25000000
69 7 59 56.25000000
69 7 60 18.75000000
69 7 61 20.75000000
69 7 62 18.75000000
69 7 63 18.75000000
69 8 0 56.25000000
69 8 1 18.75000000
69 8 2 18.75000000
69 8 3 18.75000000
69 8 4 18.75000000
69 8 5 18.75000000
69 8 6 18.75000000
69 8 7 18.75000000
69 8 8 0.20000000
69 8 49 18.75000000
69 8 50 18.75000000
69 8 51 18.75000000
69 8 56 56.25000000
69 8 57 56.25000000
69 8 58 56.25000000
69 8 59 56.25000000
69 8 60 18.75000000
69 8 61 37.50000000
69 8 62 37.50000000
69 8 63 37.50000000
69 9 0 56.25000000
69 9 1 56.25000000
69 9 2 18.75000000
69 9 3 18.75000000
69 9 4 18.75000000
69 9 5 18.75000000
69 9 6 18.75000000
69 9 7 18.75000000
69 9 9 0.20000000
69 9 50 18.75000000
69 9 51 18.75000000
69 9 56 56.25000000
69 9 57 56.25000000
69 9 58 56.25000000
69 9 59 56.25000000
69 9 60 18.75000000
69 9 61 18.75000000
69 9 62 37.50000000
69 9 63 37.50000000
69 10 0 56.25000000
69 10 1 56.25000000
69 10 2 56.25000000
69 10 3 18.75000000
69 10 4 18.75000000
69 10 5 18.75000000
69 10 6 18.75000000
69 10 7 18.75000000
69 10 10 0.20000000
69 10 51 18.75000000
69 10 56 56.25000000
69 10 57 56.25000000
69 10 58 56.25000000
69 10 59 56.25000000
69 10 60 18.75000000
69 10 61 18.75000000
69 10 62 18.75000000
69 10 63 37.50000000
69 11 0 56.25000000
69 11 1 56.25000000
69 11 2 56.25000000
69 11 3 56.25000000
69 11 4 18.75000000
69 11 5 18.75000000
69 11 6 18.75000000
69 11 7 18.75000000
69 11 11 0.20000000
69 11 56 56.25000000
69 11 57 56.25000000
69 11 58 56.25000000
69 11 59 56.25000000
69 11 60 18.75000000
69 11 61 18.75000000
69 11 62 18.75000000
69 11 63 18.75000000
69 12 0 56.25000000
69 12 1 56.25000000
69 12 2 56.25000000
69 12 3 56.25000000
69 12 4 37.50000000
69 12 5 18.75000000
69 12 6 18.75000000
69 12 7 18.75000000
69 12 8 18.75000000
69 12 12 0.10000000
69 12 56 18.75000000
69 12 57 56.25000000
69 12 58 56.25000000
69 12 59 56.25000000
69 12 60 18.75000000
69 12 61 18.75000000
69 12 62 18.75000000
69 12 63 18.75000000
69 13 0 56.25000000
69 13 1 56.25000000
69 13 2 56.25000000
69 13 3 56.25000000
69 13 4 37.50000000
69 13 5 37.50000000
69 13 6 18.75000000
69 13 7 18.75000000
69 13 8 18.75000000
69 13 9 18.75000000
69 13 13 0.10000000
69 13 56 18.75000000
69 13 57 18.75000000
69 13 58 56.25000000
69 13 59 56.25000000
69 13 60 18.75000000
69 13 61 18.75000000
69 13 62 18.75000000
69 13 63 18.75000000
69 14 0 56.25000000
69 14 1 56.25000000
69 14 2 56.25000000
69 14 3 56.25000000
69 14 4 37.50000000
69 14 5 37.50000000
69 14 6 37.50000000
69 14 7 18.75000000
69 14 8 18.75000000
69 14 9 18.75000000
69 14 10 18.75000000
69 14 14 0.10000000
69 14 56 18.75000000
69 14 57 18.75000000
69 14 58 18.75000000
69 14 59 56.25000000
69 14 60 18.75000000
69 14 61 18.75000000
69 14 62 18.75000000
69 14 63 18.75000000
69 15 0 56.25000000
69 15 1 56.25000000
69 15 2 56.25000000
69 15 3 56.25000000
69 15 4 37.50000000
69 15 5 37.50000000
69 15 6 37.50000000
69 15 7 37.50000000
69 15 8 18.75000000
69 15 9 18.75000000
69 15 10 18.75000000
69 15 11 18.75000000
69 15 15 0.10000000
69 15 56 18.75000000
69 15 57 18.75000000
69 15 58 18.75000000
69 15 59 18.75000000
69 15 60 18.75000000
69 15 61 18.75000000
69 15 62 18.75000000
69 15 63 18.75000000
69 16 0 18.75000000
69 16 1 56.25000000
69 16 2 56.25000000
69 16 3 56.25000000
69 16 4 18.75000000
69 16 5 18.75000000
69 16 6 18.75000000
69 16 7 18.75000000
69 16 8 56.25000000
69 16 9 56.25000000
69 16 10 56.25000000
69 16 11 56.25000000
69 16 12 37.50000000
69 16 13 18.75000000
69 16 14 18.75000000
69 16 15 18.75000000
69 16 16 18.95000000
69 17 0 18.75000000
69 17 1 18.75000000
69 17 2 56.25000000
69 17 3 56.25000000
69 17 4 18.75000000
69 17 5 18.75000000
69 17 6 18.75000000
69 17 7 18.75000000
69 17 8 56.25000000
69 17 9 56.25000000
69 17 10 56.25000000
69 17 11 56.25000000
69 17 12 37.50000000
69 17 13 37.50000000
69 17 14 18.75000000
69 17 15 18.75000000
69 17 16 18.75000000
69 17 17 18.95000000
69 18 0 18.75000000
69 18 1 18.75000000
69 18 2 18.75000000
69 18 3 56.25000000
69 18 4 18.75000000
69 18 5 18.75000000
69 18 6 18.75000000
69 18 7 18.75000000
69 18 8 56.25000000
69 18 9 56.25000000
69 18 10 56.25000000
69 18 11 56.25000000
69 18 12 37.50000000
69 18 13 37.50000000
69 18 14 37.50000000
69 18 15 18.75000000
69 18 16 18.75000000
69 18 17 18.75000000
69 18 18 18.95000000
69 19 0 18.75000000
69 19 1 18.75000000
69 19 2 18.75000000
69 19 3 18.75000000
69 19 4 18.75000000
69 19 5 18.75000000
69 19 6 18.75000000
69 19 7 18.75000000
69 19 8 56.25000000
69 19 9 56.25000000
69 19 10 56.25000000
69 19 11 56.25000000
69 19 12 37.50000000
69 19 13 37.50000000
69 19 14 37.50000000
69 19 15 37.50000000
69 19 16 18.75000000
69 19 17 18.75000000
69 19 18 18.75000000
69 19 19 18.95000000
69 20 0 18.75000000
69 20 1 18.75000000
69 20 2 18.75000000
69 20 3 18.75000000
69 20 5 18.75000000
69 20 6 18.75000000
69 20 7 18.75000000
69 20 8 56.25000000
69 20 9 56.25000000
69 20 10 56.25000000
69 20 11 56.25000000
69 20 12 37.50000000
69 20 13 37.50000000
69 20 14 37.50000000
69 20 15 37.50000000
69 20 16 18.75000000
69 20 17 18.75000000
69 20 18 18.75000000
69 20 19 18.75000000
69 20 20 18.85000000
69 21 0 18.75000000
69 21 1 18.75000000
69 21 2 18.75000000
69 21 3 18.75000000
69 21 6 18.75000000
69 21 7 18.75000000
69 21 8 56.25000000
69 21 9 56.25000000
69 21 10 56.25000000
69 21 11 56.25000000
69 21 12 37.50000000
69 21 13 37.50000000
69 21 14 37.50000000
69 21 15 37.50000000
69 21 16 18.75000000
69 21 17 18.75000000
69 21 18 18.75000000
69 21 19 18.75000000
69 21 20 18.75000000
69 21 21 18.85000000
69 22 0 18.75000000
69 22 1 18.75000000
69 22 2 18.75000000
69 22 3 18.75000000
69 22 7 18.75000000
69 22 8 56.25000000
69 22 9 56.25000000
69 22 10 56.25000000
69 22 11 56.25000000
69 22 12 37.50000000
69 22 13 37.50000000
69 22 14 37.50000000
69 22 15 37.50000000
69 22 16 18.75000000
69 22 17 18.75000000
69 22 18 18.75000000
69 22 19 18.75000000
69 22 20 18.75000000
69 22 21 18.75000000
69 22 22 18.85000000
69 23 0 18.75000000
69 23 1 18.75000000
69 23 2 18.75000000
69 23 3 18.75000000
69 23 8 56.25000000
69 23 9 56.25000000
69 23 10 56.25000000
69 23 11 56.25000000
69 23 12 37.50000000
69 23 13 37.50000000
69 23 14 37.50000000
69 23 15 37.50000000
69 23 16 18.75000000
69 23 17 18.75000000
69 23 18 18.75000000
69 23 19 18.75000000
69 23 20 18.75000000
69 23 21 18.75000000
69 23 22 18.75000000
69 23 23 18.85000000
69 24 8 18.75000000
69 24 9 18.75000000
69 24 10 18.75000000
69 24 11 18.75000000
69 24 13 18.75000000
69 24 14 18.75000000
69 24 15 18.75000000
69 24 16 56.25000000
69 24 17 56.25000000
69 24 18 56.25000000
69 24 19 56.25000000
69 24 20 37.50000000
69 24 21 37.50000000
69 24 22 37.50000000
69 24 23 37.50000000
69 24 24 18.95000000
69 24 25 18.75000000
69 24 26 18.75000000
69 24 27 18.75000000
69 24 28 18.75000000
69 25 8 18.75000000
69 25 9 18.75000000
69 25 10 18.75000000
69 25 11 18.75000000
69 25 14 18.75000000
69 25 15 18.75000000
69 25 16 56.25000000
69 25 17 56.25000000
69 25 18 56.25000000
69 25 19 56.25000000
69 25 20 37.50000000
69 25 21 37.50000000
69 25 22 37.50000000
69 25 23 37.50000000
69 25 24 18.75000000
69 25 25 18.95000000
69 25 26 18.75000000
69 25 27 18.75000000
69 25 28 18.75000000
69 25 29 18.75000000
69 26 8 18.75000000
69 26 9 18.75000000
69 26 10 18.75000000
69 26 11 18.75000000
69 26 15 18.75000000
69 26 16 56.25000000
69 26 17 56.25000000
69 26 18 56.25000000
69 26 19 56.25000000
69 26 20 37.50000000
69 26 21 37.50000000
69 26 22 37.50000000
69 26 23 37.50000000
69 26 24 18.75000000
69 26 25 18.75000000
69 26 26 18.95000000
69 26 27 18.75000000
69 26 28 18.75000000
69 26 29 18.75000000
69 26 30 18.75000000
69 27 8 18.75000000
69 27 9 18.75000000
69 27 10 18.75000000
69 27 11 18.75000000
69 27 16 56.25000000
69 27 17 56.25000000
69 27 18 56.25000000
69 27 19 56.25000000
69 27 20 37.50000000
69 27 21 37.50000000
69 27 22 37.50000000
69 27 23 37.50000000
69 27 24 18.75000000
69 27 25 18.75000000
69 27 26 18.75000000
69 27 27 18.95000000
69 27 28 18.75000000
69 27 29 18.75000000
69 27 30 18.75000000
69 27 31 18.75000000
69 28 9 18.75000000
69 28 10 18.75000000
69 28 11 18.75000000
69 28 16 56.25000000
69 28 17 56.25000000
69 28 18 56.25000000
69 28 19 56.25000000
69 28 20 18.75000000
69 28 21 37.50000000
69 28 22 37.50000000
69 28 23 37.50000000
69 28 24 56.25000000
69 28 25 18.75000000
69 28 26 18.75000000
69 28 27 18.75000000
69 28 28 18.85000000
69 28 29 18.75000000
69 28 30 18.75000000
69 28 31 18.75000000
69 29 10 18.75000000
69 29 11 18.75000000
69 29 16 56.25000000
69 29 17 56.25000000
69 29 18 56.25000000
69 29 19 56.25000000
69 29 20 18.75000000
69 29 21 18.75000000
69 29 22 37.50000000
69 29 23 37.50000000
69 29 24 56.25000000
69 29 25 56.25000000
69 29 26 18.75000000
69 29 27 18.75000000
69 29 28 18.75000000
69 29 29 18.85000000
69 29 30 18.75000000
69 29 31 18.75000000
69 30 11 18.75000000
69 30 16 56.25000000
69 30 17 56.25000000
69 30 18 56.25000000
69 30 19 56.25000000
69 30 20 18.75000000
69 30 21 18.75000000
69 30 22 18.75000000
69 30 23 37.50000000
69 30 24 56.25000000
69 30 25 56.25000000
69 30 26 56.25000000
69 30 27 18.75000000
69 30 28 18.75000000
69 30 29 18.75000000
69 30 30 18.85000000
69 30 31 18.75000000
69 31 16 56.25000000
69 31 17 56.25000000
69 31 18 56.25000000
69 31 19 56.25000000
69 31 20 18.75000000
69 31 21 18.75000000
69 31 22 18.75000000
69 31 23 18.75000000
69 31 24 56.25000000
69 31 25 56.25000000
69 31 26 56.25000000
69 31 27 56.25000000
69 31 28 18.75000000
69 31 29 18.75000000
69 31 30 18.75000000
69 31 31 18.85000000
69 32 17 18.75000000
69 32 18 18.75000000
69 32 19 18.75000000
69 32 24 56.25000000
69 32 25 56.25000000
69 32 26 56.25000000
69 32 27 56.25000000
69 32 28 18.75000000
69 32 29 37.50000000
69 32 30 37.50000000
69 32 31 37.50000000
69 33 18 18.75000000
69 33 19 18.75000000
69 33 24 56.25000000
69 33 25 56.25000000
69 33 26 56.25000000
69 33 27 56.25000000
69 33 28 18.75000000
69 33 29 18.75000000
69 33 30 37.50000000
69 33 31 37.50000000
69 34 19 18.75000000
69 34 24 56.25000000
69 34 25 56.25000000
69 34 26 56.25000000
69 34 27 56.25000000
69 34 28 18.75000000
69 34 29 18.75000000
69 34 30 18.75000000
69 34 31 37.50000000
69 35 24 56.25000000
69 35 25 56.25000000
69 35 26 56.25000000
69 35 27 56.25000000
69 35 28 18.75000000
69 35 29 18.75000000
69 35 30 18.75000000
69 35 31 18.75000000
69 36 24 18.75000000
69 36 25 56.25000000
69 36 26 56.25000000
69 36 27 56.25000000
69 36 28 18.75000000
69 36 29 18.75000000
69 36 30 18.75000000
69 36 31 18.75000000
69 37 24 18.75000000
69 37 25 18.75000000
69 37 26 56.25000000
69 37 27 56.25000000
69 37 28 18.75000000
69 37 29 18.75000000
69 37 30 18.75000000
69 37 31 18.75000000
69 38 24 18.75000000
69 38 25 18.75000000
69 38 26 18.75000000
69 38 27 56.25000000
69 38 28 18.75000000
69 38 29 18.75000000
69 38 30 18.75000000
69 38 31 18.75000000
69 39 24 18.75000000
69 39 25 18.75000000
69 39 26 18.75000000
69 39 27 18.75000000
69 39 28 18.75000000
69 39 29 18.75000000
69 39 30 18.75000000
69 39 31 18.75000000
69 48 48 0.10000000
69 49 49 0.10000000
69 50 50 0.10000000
69 51 51 0.10000000
69 56 2 4.00000000
69 56 6 2.00000000
69 56 10 4.00000000
69 56 14 2.00000000
69 56 18 4.00000000
69 56 22 2.00000000
69 56 26 4.00000000
69 56 30 2.00000000
69 56 50 2.00000000
69 56 56 0.20000000
69 56 58 4.00000000
69 56 62 2.00000000
69 57 57 0.20000000
69 58 58 0.20000000
69 59 59 0.20000000
69 60 60 0.10000000
69 61 61 0.10000000
69 62 62 0.10000000
69 63 3 4.00000000
69 63 7 2.00000000
69 63 11 4.00000000
69 63 15 2.00000000
69 63 19 4.00000000
69 63 23 2.00000000
69 63 27 4.00000000
69 63 31 2.00000000
69 63 51 2.00000000
69 63 59 4.00000000
69 63 63 2.10000000
70 0 0 4.20000000
70 0 4 2.00000000
70 0 8 4.00000000
70 0 12 2.00000000
70 0 16 2.00000000
70 0 20 2.00000000
70 0 40 20.75000000
70 0 41 18.75000000
70 0 42 18.75000000
70 0 43 18.75000000
70 0 44 39.50000000
70 0 45 18.75000000
70 0 46 18.75000000
70 0 47 18.75000000
70 0 48 22.75000000
70 0 52 2.00000000
70 0 56 4.00000000
70 0 60 2.00000000
70 1 1 0.20000000
70 1 40 18.75000000
70 1 41 18.75000000
70 1 42 18.75000000
70 1 43 18.75000000
70 1 44 37.50000000
70 1 45 37.50000000
70 1 46 18.75000000
70 1 47 18.75000000
70 1 48 18.75000000
70 1 49 18.75000000
70 2 2 0.20000000
70 2 40 18.75000000
70 2 41 18.75000000
70 2 42 18.75000000
70 2 43 18.75000000
70 2 44 37.50000000
70 2 45 37.50000000
70 2 46 37.50000000
70 2 47 18.75000000
70 2 48 18.75000000
70 2 49 18.75000000
70 2 50 18.75000000
70 3 3 0.20000000
70 3 40 18.75000000
70 3 41 18.75000000
70 3 42 18.75000000
70 3 43 18.75000000
70 3 44 37.50000000
70 3 45 37.50000000
70 3 46 37.50000000
70 3 47 37.50000000
70 3 48 18.75000000
70 3 49 18.75000000
70 3 50 18.75000000
70 3 51 18.75000000
70 4 4 0.10000000
70 4 40 37.50000000
70 4 41 18.75000000
70 4 42 18.75000000
70 4 43 18.75000000
70 4 44 37.50000000
70 4 45 37.50000000
70 4 46 37.50000000
70 4 47 37.50000000
70 4 48 18.75000000
70 4 49 18.75000000
70 4 50 18.75000000
70 4 51 18.75000000
70 4 52 18.75000000
70 5 5 0.10000000
70 5 40 37.50000000
70 5 41 37.50000000
70 5 42 18.75000000
70 5 43 18.75000000
70 5 44 37.50000000
70 5 45 37.50000000
70 5 46 37.50000000
70 5 47 37.50000000
70 5 48 18.75000000
70 5 49 18.75000000
70 5 50 18.75000000
70 5 51 18.75000000
70 5 52 18.75000000
70 5 53 18.75000000
70 6 6 0.10000000
70 6 40 37.50000000
70 6 41 37.50000000
70 6 42 37.50000000
70 6 43 18.75000000
70 6 44 37.50000000
70 6 45 37.50000000
70 6 46 37.50000000
70 6 47 37.50000000
70 6 48 18.75000000
70 6 49 18.75000000
70 6 50 18.75000000
70 6 51 18.75000000
70 6 52 18.75000000
70 6 53 18.75000000
70 6 54 18.75000000
70 7 1 4.00000000
70 7 5 2.00000000
70 7 7 0.10000000
70 7 9 4.00000000
70 7 13 2.00000000
70 7 17 2.00000000
70 7 21 2.00000000
70 7 40 37.50000000
70 7 41 39.50000000
70 7 42 37.50000000
70 7 43 37.50000000
70 7 44 37.50000000
70 7 45 39.50000000
70 7 46 37.50000000
70 7 47 37.50000000
70 7 48 18.75000000
70 7 49 22.75000000
70 7 50 18.75000000
70 7 51 18.75000000
70 7 52 18.75000000
70 7 53 20.75000000
70 7 54 18.75000000
70 7 55 18.75000000
70 7 57 4.00000000
70 7 61 2.00000000
70 8 8 0.20000000
70 8 40 18.75000000
70 8 41 18.75000000
70 8 42 18.75000000
70 8 43 18.75000000
70 8 45 18.75000000
70 8 46 18.75000000
70 8 47 18.75000000
70 8 48 56.25000000
70 8 49 56.25000000
70 8 50 56.25000000
70 8 51 56.25000000
70 8 52 37.50000000
70 8 53 37.50000000
70 8 54 37.50000000
70 8 55 37.50000000
70 8 56 18.75000000
70 8 57 18.75000000
70 8 58 18.75000000
70 8 59 18.75000000
70 8 60 18.75000000
70 9 9 0.20000000
70 9 40 18.75000000
70 9 41 18.75000000
70 9 42 18.75000000
70 9 43 18.75000000
70 9 46 18.75000000
70 9 47 18.75000000
70 9 48 56.25000000
70 9 49 56.25000000
70 9 50 56.25000000
70 9 51 56.25000000
70 9 52 37.50000000
70 9 53 37.50000000
70 9 54 37.50000000
70 9 55 37.50000000
70 9 56 18.75000000
70 9 57 18.75000000
70 9 58 18.75000000
70 9 59 18.75000000
70 9 60 18.75000000
70 9 61 18.75000000
70 10 10 0.20000000
70 10 40 18.75000000
70 10 41 18.75000000
70 10 42 18.75000000
70 10 43 18.75000000
70 10 47 18.75000000
70 10 48 56.25000000
70 10 49 56.25000000
70 10 50 56.25000000
70 10 51 56.25000000
70 10 52 37.50000000
70 10 53 37.50000000
70 10 54 37.50000000
70 10 55 37.50000000
70 10 56 18.75000000
70 10 57 18.75000000
70 10 58 18.75000000
70 10 59 18.75000000
70 10 60 18.75000000
70 10 61 18.75000000
70 10 62 18.75000000
70 11 11 0.20000000
70 11 40 18.75000000
70 11 41 18.75000000
70 11 42 18.75000000
70 11 43 18.75000000
70 11 48 56.25000000
70 11 49 56.25000000
70 11 50 56.25000000
70 11 51 56.25000000
70 11 52 37.50000000
70 11 53 37.50000000
70 11 54 37.50000000
70 11 55 37.50000000
70 11 56 18.75000000
70 11 57 18.75000000
70 11 58 18.75000000
70 11 59 18.75000000
70 11 60 18.75000000
70 11 61 18.75000000
70 11 62 18.75000000
70 11 63 18.75000000
70 12 12 0.10000000
70 12 41 18.75000000
70 12 42 18.75000000
70 12 43 18.75000000
70 12 48 56.25000000
70 12 49 56.25000000
70 12 50 56.25000000
70 12 51 56.25000000
70 12 52 18.75000000
70 12 53 37.50000000
70 12 54 37.50000000
70 12 55 37.50000000
70 12 56 56.25000000
70 12 57 18.75000000
70 12 58 18.75000000
70 12 59 18.75000000
70 12 60 18.75000000
70 12 61 18.75000000
70 12 62 18.75000000
70 12 63 18.75000000
70 13 13 0.10000000
70 13 42 18.75000000
70 13 43 18.75000000
70 13 48 56.25000000
70 13 49 56.25000000
70 13 50 56.25000000
70 13 51 56.25000000
70 13 52 18.75000000
70 13 53 18.75000000
70 13 54 37.50000000
70 13 55 37.50000000
70 13 56 56.25000000
70 13 57 56.25000000
70 13 58 18.75000000
70 13 59 18.75000000
70 13 60 18.75000000
70 13 61 18.75000000
70 13 62 18.75000000
70 13 63 18.75000000
70 14 14 0.10000000
70 14 43 18.75000000
70 14 48 56.25000000
70 14 49 56.25000000
70 14 50 56.25000000
70 14 51 56.25000000
70 14 52 18.75000000
70 14 53 18.75000000
70 14 54 18.75000000
70 14 55 37.50000000
70 14 56 56.25000000
70 14 57 56.25000000
70 14 58 56.25000000
70 14 59 18.75000000
70 14 60 18.75000000
70 14 61 18.75000000
70 14 62 18.75000000
70 14 63 18.75000000
70 15 15 0.10000000
70 15 48 56.25000000
70 15 49 56.25000000
70 15 50 56.25000000
70 15 51 56.25000000
70 15 52 18.75000000
70 15 53 18.75000000
70 15 54 18.75000000
70 15 55 18.75000000
70 15 56 56.25000000
70 15 57 56.25000000
70 15 58 56.25000000
70 15 59 56.25000000
70 15 60 18.75000000
70 15 61 18.75000000
70 15 62 18.75000000
70 15 63 18.75000000
70 16 0 56.25000000
70 16 1 18.75000000
70 16 2 18.75000000
70 16 3 18.75000000
70 16 4 18.75000000
70 16 5 18.75000000
70 16 6 18.75000000
70 16 7 18.75000000
70 16 16 0.10000000
70 16 49 18.75000000
70 16 50 18.75000000
70 16 51 18.75000000
70 16 56 56.25000000
70 16 57 56.25000000
70 16 58 56.25000000
70 16 59 56.25000000
70 16 60 18.75000000
70 16 61 37.50000000
70 16 62 37.50000000
70 16 63 37.50000000
70 17 0 56.25000000
70 17 1 56.25000000
70 17 2 18.75000000
70 17 3 18.75000000
70 17 4 18.75000000
70 17 5 18.75000000
70 17 6 18.75000000
70 17 7 18.75000000
70 17 17 0.10000000
70 17 50 18.75000000
70 17 51 18.75000000
70 17 56 56.25000000
70 17 57 56.25000000
70 17 58 56.25000000
70 17 59 56.25000000
70 17 60 18.75000000
70 17 61 18.75000000
70 17 62 37.50000000
70 17 63 37.50000000
70 18 0 56.25000000
70 18 1 56.25000000
70 18 2 56.25000000
70 18 3 18.75000000
70 18 4 18.75000000
70 18 5 18.75000000
70 18 6 18.75000000
70 18 7 18.75000000
70 18 18 0.10000000
70 18 51 18.75000000
70 18 56 56.25000000
70 18 57 56.25000000
70 18 58 56.25000000
70 18 59 56.25000000
70 18 60 18.75000000
70 18 61 18.75000000
70 18 62 18.75000000
70 18 63 37.50000000
70 19 0 56.25000000
70 19 1 56.25000000
70 19 2 56.25000000
70 19 3 56.25000000
70 19 4 18.75000000
70 19 5 18.75000000
70 19 6 18.75000000
70 19 7 18.75000000
70 19 19 0.10000000
70 19 56 56.25000000
70 19 57 56.25000000
70 19 58 56.25000000
70 19 59 56.25000000
70 19 60 18.75000000
70 19 61 18.75000000
70 19 62 18.75000000
70 19 63 18.75000000
70 20 0 56.25000000
70 20 1 56.25000000
70 20 2 56.25000000
70 20 3 56.25000000
70 20 4 37.50000000
70 20 5 18.75000000
70 20 6 18.75000000
70 20 7 18.75000000
70 20 8 18.75000000
70 20 20 0.10000000
70 20 56 18.75000000
70 20 57 56.25000000
70 20 58 56.25000000
70 20 59 56.25000000
70 20 60 18.75000000
70 20 61 18.75000000
70 20 62 18.75000000
70 20 63 18.75000000
70 21 0 56.25000000
70 21 1 56.25000000
70 21 2 56.25000000
70 21 3 56.25000000
70 21 4 37.50000000
70 21 5 37.50000000
70 21 6 18.75000000
70 21 7 18.75000000
70 21 8 18.75000000
70 21 9 18.75000000
70 21 21 0.10000000
70 21 56 18.75000000
70 21 57 18.75000000
70 21 58 56.25000000
70 21 59 56.25000000
70 21 60 18.75000000
70 21 61 18.75000000
70 21 62 18.75000000
70 21 63 18.75000000
70 22 0 56.25000000
70 22 1 56.25000000
70 22 2 56.25000000
70 22 3 56.25000000
70 22 4 37.50000000
70 22 5 37.50000000
70 22 6 37.50000000
70 22 7 18.75000000
70 22 8 18.75000000
70 22 9 18.75000000
70 22 10 18.75000000
70 22 22 0.10000000
70 22 56 18.75000000
70 22 57 18.75000000
70 22 58 18.75000000
70 22 59 56.25000000
70 22 60 18.75000000
70 22 61 18.75000000
70 22 62 18.75000000
70 22 63 18.75000000
70 23 0 56.25000000
70 23 1 56.25000000
70 23 2 56.25000000
70 23 3 56.25000000
70 23 4 37.50000000
70 23 5 37.50000000
70 23 6 37.50000000
70 23 7 37.50000000
70 23 8 18.75000000
70 23 9 18.75000000
70 23 10 18.75000000
70 23 11 18.75000000
70 23 23 0.10000000
70 23 56 18.75000000
70 23 57 18.75000000
70 23 58 18.75000000
70 23 59 18.75000000
70 23 60 18.75000000
70 23 61 18.75000000
70 23 62 18.75000000
70 23 63 18.75000000
70 24 0 18.75000000
70 24 1 56.25000000
70 24 2 56.25000000
70 24 3 56.25000000
70 24 4 18.75000000
70 24 5 18.75000000
70 24 6 18.75000000
70 24 7 18.75000000
70 24 8 56.25000000
70 24 9 56.25000000
70 24 10 56.25000000
70 24 11 56.25000000
70 24 12 37.50000000
70 24 13 18.75000000
70 24 14 18.75000000
70 24 15 18.75000000
70 24 16 18.75000000
70 25 0 18.75000000
70 25 1 18.75000000
70 25 2 56.25000000
70 25 3 56.25000000
70 25 4 18.75000000
70 25 5 18.75000000
70 25 6 18.75000000
70 25 7 18.75000000
70 25 8 56.25000000
70 25 9 56.25000000
70 25 10 56.25000000
70 25 11 56.25000000
70 25 12 37.50000000
70 25 13 37.50000000
70 25 14 18.75000000
70 25 15 18.75000000
70 25 16 18.75000000
70 25 17 18.75000000
70 26 0 18.75000000
70 26 1 18.75000000
70 26 2 18.75000000
70 26 3 56.25000000
70 26 4 18.75000000
70 26 5 18.75000000
70 26 6 18.75000000
70 26 7 18.75000000
70 26 8 56.25000000
70 26 9 56.25000000
70 26 10 56.25000000
70 26 11 56.25000000
70 26 12 37.50000000
70 26 13 37.50000000
70 26 14 37.50000000
70 26 15 18.75000000
70 26 16 18.75000000
70 26 17 18.75000000
70 26 18 18.75000000
70 27 0 18.75000000
70 27 1 18.75000000
70 27 2 18.75000000
70 27 3 18.75000000
70 27 4 18.75000000
70 27 5 18.75000000
70 27 6 18.75000000
70 27 7 18.75000000
70 27 8 56.25000000
70 27 9 56.25000000
70 27 10 56.25000000
70 27 11 56.25000000
70 27 12 37.50000000
70 27 13 37.50000000
70 27 14 37.50000000
70 27 15 37.50000000
70 27 16 18.75000000
70 27 17 18.75000000
70 27 18 18.75000000
70 27 19 18.75000000
70 28 0 18.75000000
70 28 1 18.75000000
70 28 2 18.75000000
70 28 3 18.75000000
70 28 5 18.75000000
70 28 6 18.75000000
70 28 7 18.75000000
70 28 8 56.25000000
70 28 9 56.25000000
70 28 10 56.25000000
70 28 11 56.25000000
70 28 12 37.50000000
70 28 13 37.50000000
70 28 14 37.50000000
70 28 15 37.50000000
70 28 16 18.75000000
70 28 17 18.75000000
70 28 18 18.75000000
70 28 19 18.75000000
70 28 20 18.75000000
70 29 0 18.75000000
70 29 1 18.75000000
70 29 2 18.75000000
70 29 3 18.75000000
70 29 6 18.75000000
70 29 7 18.75000000
70 29 8 56.25000000
70 29 9 56.25000000
70 29 10 56.25000000
70 29 11 56.25000000
70 29 12 37.50000000
70 29 13 37.50000000
70 29 14 37.50000000
70 29 15 37.50000000
70 29 16 18.75000000
70 29 17 18.75000000
70 29 18 18.75000000
70 29 19 18.75000000
70 29 20 18.75000000
70 29 21 18.75000000
70 30 0 18.75000000
70 30 1 18.75000000
70 30 2 18.75000000
70 30 3 18.75000000
70 30 7 18.75000000
70 30 8 56.25000000
70 30 9 56.25000000
70 30 10 56.25000000
70 30 11 56.25000000
70 30 12 37.50000000
70 30 13 37.50000000
70 30 14 37.50000000
70 30 15 37.50000000
70 30 16 18.75000000
70 30 17 18.75000000
70 30 18 18.75000000
70 30 19 18.75000000
70 30 20 18.75000000
70 30 21 18.75000000
70 30 22 18.75000000
70 31 0 18.75000000
70 31 1 18.75000000
70 31 2 18.75000000
70 31 3 18.75000000
70 31 8 56.25000000
70 31 9 56.25000000
70 31 10 56.25000000
70 31 11 56.25000000
70 31 12 37.50000000
70 31 13 37.50000000
70 31 14 37.50000000
70 31 15 37.50000000
70 31 16 18.75000000
70 31 17 18.75000000
70 31 18 18.75000000
70 31 19 18.75000000
70 31 20 18.75000000
70 31 21 18.75000000
70 31 22 18.75000000
70 31 23 18.75000000
70 32 8 18.75000000
70 32 9 18.75000000
70 32 10 18.75000000
70 32 11 18.75000000
70 32 13 18.75000000
70 32 14 18.75000000
70 32 15 18.75000000
70 32 16 18.75000000
70 32 17 37.50000000
70 32 18 37.50000000
70 32 19 37.50000000
70 32 20 37.50000000
70 32 21 37.50000000
70 32 22 37.50000000
70 32 23 37.50000000
70 33 8 18.75000000
70 33 9 18.75000000
70 33 10 18.75000000
70 33 11 18.75000000
70 33 14 18.75000000
70 33 15 18.75000000
70 33 16 18.75000000
70 33 17 18.75000000
70 33 18 37.50000000
70 33 19 37.50000000
70 33 20 37.50000000
70 33 21 37.50000000
70 33 22 37.50000000
70 33 23 37.50000000
70 34 8 18.75000000
70 34 9 18.75000000
70 34 10 18.75000000
70 34 11 18.75000000
70 34 15 18.75000000
70 34 16 18.75000000
70 34 17 18.75000000
70 34 18 18.75000000
70 34 19 37.50000000
70 34 20 37.50000000
70 34 21 37.50000000
70 34 22 37.50000000
70 34 23 37.50000000
70 35 8 18.75000000
70 35 9 18.75000000
70 35 10 18.75000000
70 35 11 18.75000000
70 35 16 18.75000000
70 35 17 18.75000000
70 35 18 18.75000000
70 35 19 18.75000000
70 35 20 37.50000000
70 35 21 37.50000000
70 35 22 37.50000000
70 35 23 37.50000000
70 36 9 18.75000000
70 36 10 18.75000000
70 36 11 18.75000000
70 36 16 18.75000000
70 36 17 18.75000000
70 36 18 18.75000000
70 36 19 18.75000000
70 36 20 18.75000000
70 36 21 37.50000000
70 36 22 37.50000000
70 36 23 37.50000000
70 37 10 18.75000000
70 37 11 18.75000000
70 37 16 18.75000000
70 37 17 18.75000000
70 37 18 18.75000000
70 37 19 18.75000000
70 37 20 18.75000000
70 37 21 18.75000000
70 37 22 37.50000000
70 37 23 37.50000000
70 38 11 18.75000000
70 38 16 18.75000000
70 38 17 18.75000000
70 38 18 18.75000000
70 38 19 18.75000000
70 38 20 18.75000000
70 38 21 18.75000000
70 38 22 18.75000000
70 38 23 37.50000000
70 39 16 18.75000000
70 39 17 18.75000000
70 39 18 18.75000000
70 39 19 18.75000000
70 39 20 18.75000000
70 39 21 18.75000000
70 39 22 18.75000000
70 39 23 18.75000000
70 40 40 0.10000000
70 41 41 0.10000000
70 42 42 0.10000000
70 43 43 0.10000000
70 44 44 0.10000000
70 45 45 0.10000000
70 46 46 0.10000000
70 47 47 0.10000000
70 48 48 0.20000000
70 49 49 0.20000000
70 50 50 0.20000000
70 51 51 0.20000000
70 52 52 0.10000000
70 53 53 0.10000000
70 54 54 0.10000000
70 55 55 0.10000000
70 56 2 4.00000000
70 56 6 2.00000000
70 56 10 4.00000000
70 56 14 2.00000000
70 56 18 2.00000000
70 56 22 2.00000000
70 56 42 2.00000000
70 56 46 2.00000000
70 56 50 4.00000000
70 56 54 2.00000000
70 56 56 0.20000000
70 56 58 4.00000000
70 56 62 2.00000000
70 57 57 0.20000000
70 58 58 0.20000000
70 59 59 0.20000000
70 60 60 0.10000000
70 61 61 0.10000000
70 62 62 0.10000000
70 63 3 4.00000000
70 63 7 2.00000000
70 63 11 4.00000000
70 63 15 2.00000000
70 63 19 2.00000000
70 63 23 2.00000000
70 63 43 2.00000000
70 63 47 2.00000000
70 63 51 4.00000000
70 63 55 2.00000000
70 63 59 4.00000000
70 63 63 2.10000000
71 0 0 4.20000000
71 0 4 2.00000000
71 0 8 2.00000000
71 0 32 60.25000000
71 0 33 18.75000000
71 0 34 18.75000000
71 0 35 18.75000000
71 0 36 20.75000000
71 0 37 18.75000000
71 0 38 18.75000000
71 0 39 18.75000000
71 0 40 4.00000000
71 0 44 2.00000000
71 0 48 4.00000000
71 0 52 2.00000000
71 0 56 4.00000000
71 0 60 2.00000000
71 1 1 0.20000000
71 1 32 56.25000000
71 1 33 56.25000000
71 1 34 18.75000000
71 1 35 18.75000000
71 1 36 18.75000000
71 1 37 18.75000000
71 1 38 18.75000000
71 1 39 18.75000000
71 2 2 0.20000000
71 2 32 56.25000000
71 2 33 56.25000000
71 2 34 56.25000000
71 2 35 18.75000000
71 2 36 18.75000000
71 2 37 18.75000000
71 2 38 18.75000000
71 2 39 18.75000000
71 3 3 0.20000000
71 3 32 56.25000000
71 3 33 56.25000000
71 3 34 56.25000000
71 3 35 56.25000000
71 3 36 18.75000000
71 3 37 18.75000000
71 3 38 18.75000000
71 3 39 18.75000000
71 4 4 0.10000000
71 4 32 56.25000000
71 4 33 56.25000000
71 4 34 56.25000000
71 4 35 56.25000000
71 4 36 37.50000000
71 4 37 18.75000000
71 4 38 18.75000000
71 4 39 18.75000000
71 4 40 18.75000000
71 5 5 0.10000000
71 5 32 56.25000000
71 5 33 56.25000000
71 5 34 56.25000000
71 5 35 56.25000000
71 5 36 37.50000000
71 5 37 37.50000000
71 5 38 18.75000000
71 5 39 18.75000000
71 5 40 18.75000000
71 5 41 18.75000000
71 6 6 0.10000000
71 6 32 56.25000000
71 6 33 56.25000000
71 6 34 56.25000000
71 6 35 56.25000000
71 6 36 37.50000000
71 6 37 37.50000000
71 6 38 37.50000000
71 6 39 18.75000000
71 6 40 18.75000000
71 6 41 18.75000000
71 6 42 18.75000000
71 7 1 4.00000000
71 7 5 2.00000000
71 7 7 0.10000000
71 7 9 2.00000000
71 7 32 56.25000000
71 7 33 60.25000000
71 7 34 56.25000000
71 7 35 56.25000000
71 7 36 37.50000000
71 7 37 39.50000000
71 7 38 37.50000000
71 7 39 37.50000000
71 7 40 18.75000000
71 7 41 22.75000000
71 7 42 18.75000000
71 7 43 18.75000000
71 7 45 2.00000000
71 7 49 4.00000000
71 7 53 2.00000000
71 7 57 4.00000000
71 7 61 2.00000000
71 8 8 0.10000000
71 8 32 18.75000000
71 8 33 56.25000000
71 8 34 56.25000000
71 8 35 56.25000000
71 8 36 18.75000000
71 8 37 18.75000000
71 8 38 18.75000000
71 8 39 18.75000000
71 8 40 56.25000000
71 8 41 56.25000000
71 8 42 56.25000000
71 8 43 56.25000000
71 8 44 37.50000000
71 8 45 18.75000000
71 8 46 18.75000000
71 8 47 18.75000000
71 8 48 18.75000000
71 9 9 0.10000000
71 9 32 18.75000000
71 9 33 18.75000000
71 9 34 56.25000000
71 9 35 56.25000000
71 9 36 18.75000000
71 9 37 18.75000000
71 9 38 18.75000000
71 9 39 18.75000000
71 9 40 56.25000000
71 9 41 56.25000000
71 9 42 56.25000000
71 9 43 56.25000000
71 9 44 37.50000000
71 9 45 37.50000000
71 9 46 18.75000000
71 9 47 18.75000000
71 9 48 18.75000000
71 9 49 18.75000000
71 10 10 0.10000000
71 10 32 18.75000000
71 10 33 18.75000000
71 10 34 18.75000000
71 10 35 56.25000000
71 10 36 18.75000000
71 10 37 18.75000000
71 10 38 18.75000000
71 10 39 18.75000000
71 10 40 56.25000000
71 10 41 56.25000000
71 10 42 56.25000000
71 10 43 56.25000000
71 10 44 37.50000000
71 10 45 37.50000000
71 10 46 37.50000000
71 10 47 18.75000000
71 10 48 18.75000000
71 10 49 18.75000000
71 10 50 18.75000000
71 11 11 0.10000000
71 11 32 18.75000000
71 11 33 18.75000000
71 11 34 18.75000000
71 11 35 18.75000000
71 11 36 18.75000000
71 11 37 18.75000000
71 11 38 18.75000000
71 11 39 18.75000000
71 11 40 56.25000000
71 11 41 56.25000000
71 11 42 56.25000000
71 11 43 56.25000000
71 11 44 37.50000000
71 11 45 37.50000000
71 11 46 37.50000000
71 11 47 37.50000000
71 11 48 18.75000000
71 11 49 18.75000000
71 11 50 18.75000000
71 11 51 18.75000000
71 12 32 18.75000000
71 12 33 18.75000000
71 12 34 18.75000000
71 12 35 18.75000000
71 12 37 18.75000000
71 12 38 18.75000000
71 12 39 18.75000000
71 12 40 56.25000000
71 12 41 56.25000000
71 12 42 56.25000000
71 12 43 56.25000000
71 12 44 37.50000000
71 12 45 37.50000000
71 12 46 37.50000000
71 12 47 37.50000000
71 12 48 18.75000000
71 12 49 18.75000000
71 12 50 18.75000000
71 12 51 18.75000000
71 12 52 18.75000000
71 13 32 18.75000000
71 13 33 18.75000000
71 13 34 18.75000000
71 13 35 18.75000000
71 13 38 18.75000000
71 13 39 18.75000000
71 13 40 56.25000000
71 13 41 56.25000000
71 13 42 56.25000000
71 13 43 56.25000000
71 13 44 37.50000000
71 13 45 37.50000000
71 13 46 37.50000000
71 13 47 37.50000000
71 13 48 18.75000000
71 13 49 18.75000000
71 13 50 18.75000000
71 13 51 18.75000000
71 13 52 18.75000000
71 13 53 18.75000000
71 14 32 18.75000000
71 14 33 18.75000000
71 14 34 18.75000000
71 14 35 18.75000000
71 14 39 18.75000000
71 14 40 56.25000000
71 14 41 56.25000000
71 14 42 56.25000000
71 14 43 56.25000000
71 14 44 37.50000000
71 14 45 37.50000000
71 14 46 37.50000000
71 14 47 37.50000000
71 14 48 18.75000000
71 14 49 18.75000000
71 14 50 18.75000000
71 14 51 18.75000000
71 14 52 18.75000000
71 14 53 18.75000000
71 14 54 18.75000000
71 15 32 18.75000000
71 15 33 18.75000000
71 15 34 18.75000000
71 15 35 18.75000000
71 15 40 56.25000000
71 15 41 56.25000000
71 15 42 56.25000000
71 15 43 56.25000000
71 15 44 37.50000000
71 15 45 37.50000000
71 15 46 37.50000000
71 15 47 37.50000000
71 15 48 18.75000000
71 15 49 18.75000000
71 15 50 18.75000000
71 15 51 18.75000000
71 15 52 18.75000000
71 15 53 18.75000000
71 15 54 18.75000000
71 15 55 18.75000000
71 16 40 18.75000000
71 16 41 18.75000000
71 16 42 18.75000000
71 16 43 18.75000000
71 16 45 18.75000000
71 16 46 18.75000000
71 16 47 18.75000000
71 16 48 56.25000000
71 16 49 56.25000000
71 16 50 56.25000000
71 16 51 56.25000000
71 16 52 37.50000000
71 16 53 37.50000000
71 16 54 37.50000000
71 16 55 37.50000000
71 16 56 18.75000000
71 16 57 18.75000000
71 16 58 18.75000000
71 16 59 18.75000000
71 16 60 18.75000000
71 17 40 18.75000000
71 17 41 18.75000000
71 17 42 18.75000000
71 17 43 18.75000000
71 17 46 18.75000000
71 17 47 18.75000000
71 17 48 56.25000000
71 17 49 56.25000000
71 17 50 56.25000000
71 17 51 56.25000000
71 17 52 37.50000000
71 17 53 37.50000000
71 17 54 37.50000000
71 17 55 37.50000000
71 17 56 18.75000000
71 17 57 18.75000000
71 17 58 18.75000000
71 17 59 18.75000000
71 17 60 18.75000000
71 17 61 18.75000000
71 18 40 18.75000000
71 18 41 18.75000000
71 18 42 18.75000000
71 18 43 18.75000000
71 18 47 18.75000000
71 18 48 56.25000000
71 18 49 56.25000000
71 18 50 56.25000000
71 18 51 56.25000000
71 18 52 37.50000000
71 18 53 37.50000000
71 18 54 37.50000000
71 18 55 37.50000000
71 18 56 18.75000000
71 18 57 18.75000000
71 18 58 18.75000000
71 18 59 18.75000000
71 18 60 18.75000000
71 18 61 18.75000000
71 18 62 18.75000000
71 19 40 18.75000000
71 19 41 18.75000000
71 19 42 18.75000000
71 19 43 18.75000000
71 19 48 56.25000000
71 19 49 56.25000000
71 19 50 56.25000000
71 19 51 56.25000000
71 19 52 37.50000000
71 19 53 37.50000000
71 19 54 37.50000000
71 19 55 37.50000000
71 19 56 18.75000000
71 19 57 18.75000000
71 19 58 18.75000000
71 19 59 18.75000000
71 19 60 18.75000000
71 19 61 18.75000000
71 19 62 18.75000000
71 19 63 18.75000000
71 20 41 18.75000000
71 20 42 18.75000000
71 20 43 18.75000000
71 20 48 56.25000000
71 20 49 56.25000000
71 20 50 56.25000000
71 20 51 56.25000000
71 20 52 18.75000000
71 20 53 37.50000000
71 20 54 37.50000000
71 20 55 37.50000000
71 20 56 56.25000000
71 20 57 18.75000000
71 20 58 18.75000000
71 20 59 18.75000000
71 20 60 18.75000000
71 20 61 18.75000000
71 20 62 18.75000000
71 20 63 18.75000000
71 21 42 18.75000000
71 21 43 18.75000000
71 21 48 56.25000000
71 21 49 56.25000000
71 21 50 56.25000000
71 21 51 56.25000000
71 21 52 18.75000000
71 21 53 18.75000000
71 21 54 37.50000000
71 21 55 37.50000000
71 21 56 56.25000000
71 21 57 56.25000000
71 21 58 18.75000000
71 21 59 18.75000000
71 21 60 18.75000000
71 21 61 18.75000000
71 21 62 18.75000000
71 21 63 18.75000000
71 22 43 18.75000000
71 22 48 56.25000000
71 22 49 56.25000000
71 22 50 56.25000000
71 22 51 56.25000000
71 22 52 18.75000000
71 22 53 18.75000000
71 22 54 18.75000000
71 22 55 37.50000000
71 22 56 56.25000000
71 22 57 56.25000000
71 22 58 56.25000000
71 22 59 18.75000000
71 22 60 18.75000000
71 22 61 18.75000000
71 22 62 18.75000000
71 22 63 18.75000000
71 23 48 56.25000000
71 23 49 56.25000000
71 23 50 56.25000000
71 23 51 56.25000000
71 23 52 18.75000000
71 23 53 18.75000000
71 23 54 18.75000000
71 23 55 18.75000000
71 23 56 56.25000000
71 23 57 56.25000000
71 23 58 56.25000000
71 23 59 56.25000000
71 23 60 18.75000000
71 23 61 18.75000000
71 23 62 18.75000000
71 23 63 18.75000000
71 24 0 56.25000000
71 24 1 18.75000000
71 24 2 18.75000000
71 24 3 18.75000000
71 24 4 18.75000000
71 24 5 18.75000000
71 24 6 18.75000000
71 24 7 18.75000000
71 24 49 18.75000000
71 24 50 18.75000000
71 24 51 18.75000000
71 24 56 56.25000000
71 24 57 56.25000000
71 24 58 56.25000000
71 24 59 56.25000000
71 24 60 18.75000000
71 24 61 37.50000000
71 24 62 37.50000000
71 24 63 37.50000000
71 25 0 56.25000000
71 25 1 56.25000000
71 25 2 18.75000000
71 25 3 18.75000000
71 25 4 18.75000000
71 25 5 18.75000000
71 25 6 18.75000000
71 25 7 18.75000000
71 25 50 18.75000000
71 25 51 18.75000000
71 25 56 56.25000000
71 25 57 56.25000000
71 25 58 56.25000000
71 25 59 56.25000000
71 25 60 18.75000000
71 25 61 18.75000000
71 25 62 37.50000000
71 25 63 37.50000000
71 26 0 56.25000000
71 26 1 56.25000000
71 26 2 56.25000000
71 26 3 18.75000000
71 26 4 18.75000000
71 26 5 18.75000000
71 26 6 18.75000000
71 26 7 18.75000000
71 26 51 18.75000000
71 26 56 56.25000000
71 26 57 56.25000000
71 26 58 56.25000000
71 26 59 56.25000000
71 26 60 18.75000000
71 26 61 18.75000000
71 26 62 18.75000000
71 26 63 37.50000000
71 27 0 56.25000000
71 27 1 56.25000000
71 27 2 56.25000000
71 27 3 56.25000000
71 27 4 18.75000000
71 27 5 18.75000000
71 27 6 18.75000000
71 27 7 18.75000000
71 27 56 56.25000000
71 27 57 56.25000000
71 27 58 56.25000000
71 27 59 56.25000000
71 27 60 18.75000000
71 27 61 18.75000000
71 27 62 18.75000000
71 27 63 18.75000000
71 28 0 56.25000000
71 28 1 56.25000000
71 28 2 56.25000000
71 28 3 56.25000000
71 28 4 37.50000000
71 28 5 18.75000000
71 28 6 18.75000000
71 28 7 18.75000000
71 28 8 18.75000000
71 28 56 18.75000000
71 28 57 56.25000000
71 28 58 56.25000000
71 28 59 56.25000000
71 28 60 18.75000000
71 28 61 18.75000000
71 28 62 18.75000000
71 28 63 18.75000000
71 29 0 56.25000000
71 29 1 56.25000000
71 29 2 56.25000000
71 29 3 56.25000000
71 29 4 37.50000000
71 29 5 37.50000000
71 29 6 18.75000000
71 29 7 18.75000000
71 29 8 18.75000000
71 29 9 18.75000000
71 29 56 18.75000000
71 29 57 18.75000000
71 29 58 56.25000000
71 29 59 56.25000000
71 29 60 18.75000000
71 29 61 18.75000000
71 29 62 18.75000000
71 29 63 18.75000000
71 30 0 56.25000000
71 30 1 56.25000000
71 30 2 56.25000000
71 30 3 56.25000000
71 30 4 37.50000000
71 30 5 37.50000000
71 30 6 37.50000000
71 30 7 18.75000000
71 30 8 18.75000000
71 30 9 18.75000000
71 30 10 18.75000000
71 30 56 18.75000000
71 30 57 18.75000000
71 30 58 18.75000000
71 30 59 56.25000000
71 30 60 18.75000000
71 30 61 18.75000000
71 30 62 18.75000000
71 30 63 18.75000000
71 31 0 56.25000000
71 31 1 56.25000000
71 31 2 56.25000000
71 31 3 56.25000000
71 31 4 37.50000000
71 31 5 37.50000000
71 31 6 37.50000000
71 31 7 37.50000000
71 31 8 18.75000000
71 31 9 18.75000000
71 31 10 18.75000000
71 31 11 18.75000000
71 31 56 18.75000000
71 31 57 18.75000000
71 31 58 18.75000000
71 31 59 18.75000000
71 31 60 18.75000000
71 31 61 18.75000000
71 31 62 18.75000000
71 31 63 18.75000000
71 32 0 18.75000000
71 32 1 56.25000000
71 32 2 56.25000000
71 32 3 56.25000000
71 32 4 18.75000000
71 32 5 18.75000000
71 32 6 18.75000000
71 32 7 18.75000000
71 32 8 37.50000000
71 32 9 37.50000000
71 32 10 37.50000000
71 32 11 37.50000000
71 32 32 0.20000000
71 33 0 18.75000000
71 33 1 18.75000000
71 33 2 56.25000000
71 33 3 56.25000000
71 33 4 18.75000000
71 33 5 18.75000000
71 33 6 18.75000000
71 33 7 18.75000000
71 33 8 37.50000000
71 33 9 37.50000000
71 33 10 37.50000000
71 33 11 37.50000000
71 33 33 0.20000000
71 34 0 18.75000000
71 34 1 18.75000000
71 34 2 18.75000000
71 34 3 56.25000000
71 34 4 18.75000000
71 34 5 18.75000000
71 34 6 18.75000000
71 34 7 18.75000000
71 34 8 37.50000000
71 34 9 37.50000000
71 34 10 37.50000000
71 34 11 37.50000000
71 34 34 0.20000000
71 35 0 18.75000000
71 35 1 18.75000000
71 35 2 18.75000000
71 35 3 18.75000000
71 35 4 18.75000000
71 35 5 18.75000000
71 35 6 18.75000000
71 35 7 18.75000000
71 35 8 37.50000000
71 35 9 37.50000000
71 35 10 37.50000000
71 35 11 37.50000000
71 35 35 0.20000000
71 36 0 18.75000000
71 36 1 18.75000000
71 36 2 18.75000000
71 36 3 18.75000000
71 36 5 18.75000000
71 36 6 18.75000000
71 36 7 18.75000000
71 36 8 18.75000000
71 36 9 37.50000000
71 36 10 37.50000000
71 36 11 37.50000000
71 36 36 0.10000000
71 37 0 18.75000000
71 37 1 18.75000000
71 37 2 18.75000000
71 37 3 18.75000000
71 37 6 18.75000000
71 37 7 18.75000000
71 37 8 18.75000000
71 37 9 18.75000000
71 37 10 37.50000000
71 37 11 37.50000000
71 37 37 0.10000000
71 38 0 18.75000000
71 38 1 18.75000000
71 38 2 18.75000000
71 38 3 18.75000000
71 38 7 18.75000000
71 38 8 18.75000000
71 38 9 18.75000000
71 38 10 18.75000000
71 38 11 37.50000000
71 38 38 0.10000000
71 39 0 18.75000000
71 39 1 18.75000000
71 39 2 18.75000000
71 39 3 18.75000000
71 39 8 18.75000000
71 39 9 18.75000000
71 39 10 18.75000000
71 39 11 18.75000000
71 39 39 0.10000000
71 40 40 0.20000000
71 41 41 0.20000000
71 42 42 0.20000000
71 43 43 0.20000000
71 44 44 0.10000000
71 45 45 0.10000000
71 46 46 0.10000000
71 47 47 0.10000000
71 48 48 0.20000000
71 49 49 0.20000000
71 50 50 0.20000000
71 51 51 0.20000000
71 52 52 0.10000000
71 53 53 0.10000000
71 54 54 0.10000000
71 55 55 0.10000000
71 56 2 4.00000000
71 56 6 2.00000000
71 56 10 2.00000000
71 56 34 4.00000000
71 56 38 2.00000000
71 56 42 4.00000000
71 56 46 2.00000000
71 56 50 4.00000000
71 56 54 2.00000000
71 56 56 0.20000000
71 56 58 4.00000000
71 56 62 2.00000000
71 57 57 0.20000000
71 58 58 0.20000000
71 59 59 0.20000000
71 60 60 0.10000000
71 61 61 0.10000000
71 62 62 0.10000000
71 63 3 4.00000000
71 63 7 2.00000000
71 63 11 2.00000000
71 63 35 4.00000000
71 63 39 2.00000000
71 63 43 4.00000000
71 63 47 2.00000000
71 63 51 4.00000000
71 63 55 2.00000000
71 63 59 4.00000000
71 63 63 2.10000000
72 0 16 39.50000000
72 0 17 18.75000000
72 0 18 18.75000000
72 0 19 18.75000000
72 0 24 22.75000000
72 0 25 18.75000000
72 0 26 18.75000000
72 0 27 18.75000000
72 0 28 20.75000000
72 0 32 4.00000000
72 0 36 2.00000000
72 0 40 4.00000000
72 0 44 2.00000000
72 0 48 4.00000000
72 0 52 2.00000000
72 0 56 4.00000000
72 0 60 2.00000000
72 1 16 37.50000000
72 1 17 37.50000000
72 1 18 18.75000000
72 1 19 18.75000000
72 1 24 18.75000000
72 1 25 18.75000000
72 1 26 18.75000000
72 1 27 18.75000000
72 1 28 18.75000000
72 1 29 18.75000000
72 2 16 37.50000000
72 2 17 37.50000000
72 2 18 37.50000000
72 2 19 18.75000000
72 2 24 18.75000000
72 2 25 18.75000000
72 2 26 18.75000000
72 2 27 18.75000000
72 2 28 18.75000000
72 2 29 18.75000000
72 2 30 18.75000000
72 3 16 37.50000000
72 3 17 37.50000000
72 3 18 37.50000000
72 3 19 37.50000000
72 3 24 18.75000000
72 3 25 18.75000000
72 3 26 18.75000000
72 3 27 18.75000000
72 3 28 18.75000000
72 3 29 18.75000000
72 3 30 18.75000000
72 3 31 18.75000000
72 4 16 37.50000000
72 4 17 37.50000000
72 4 18 37.50000000
72 4 19 37.50000000
72 4 24 56.25000000
72 4 25 18.75000000
72 4 26 18.75000000
72 4 27 18.75000000
72 4 28 18.75000000
72 4 29 18.75000000
72 4 30 18.75000000
72 4 31 18.75000000
72 5 16 37.50000000
72 5 17 37.50000000
72 5 18 37.50000000
72 5 19 37.50000000
72 5 24 56.25000000
72 5 25 56.25000000
72 5 26 18.75000000
72 5 27 18.75000000
72 5 28 18.75000000
72 5 29 18.75000000
72 5 30 18.75000000
72 5 31 18.75000000
72 6 16 37.50000000
72 6 17 37.50000000
72 6 18 37.50000000
72 6 19 37.50000000
72 6 24 56.25000000
72 6 25 56.25000000
72 6 26 56.25000000
72 6 27 18.75000000
72 6 28 18.75000000
72 6 29 18.75000000
72 6 30 18.75000000
72 6 31 18.75000000
72 7 16 37.50000000
72 7 17 39.50000000
72 7 18 37.50000000
72 7 19 37.50000000
72 7 24 56.25000000
72 7 25 60.25000000
72 7 26 56.25000000
72 7 27 56.25000000
72 7 28 18.75000000
72 7 29 20.75000000
72 7 30 18.75000000
72 7 31 18.75000000
72 7 33 4.00000000
72 7 37 2.00000000
72 7 41 4.00000000
72 7 45 2.00000000
72 7 49 4.00000000
72 7 53 2.00000000
72 7 57 4.00000000
72 7 61 2.00000000
72 8 17 18.75000000
72 8 18 18.75000000
72 8 19 18.75000000
72 8 24 56.25000000
72 8 25 56.25000000
72 8 26 56.25000000
72 8 27 56.25000000
72 8 28 18.75000000
72 8 29 37.50000000
72 8 30 37.50000000
72 8 31 37.50000000
72 8 32 56.25000000
72 8 33 18.75000000
72 8 34 18.75000000
72 8 35 18.75000000
72 8 36 18.75000000
72 8 37 18.75000000
72 8 38 18.75000000
72 8 39 18.75000000
72 9 18 18.75000000
72 9 19 18.75000000
72 9 24 56.25000000
72 9 25 56.25000000
72 9 26 56.25000000
72 9 27 56.25000000
72 9 28 18.75000000
72 9 29 18.75000000
72 9 30 37.50000000
72 9 31 37.50000000
72 9 32 56.25000000
72 9 33 56.25000000
72 9 34 18.75000000
72 9 35 18.75000000
72 9 36 18.75000000
72 9 37 18.75000000
72 9 38 18.75000000
72 9 39 18.75000000
72 10 19 18.75000000
72 10 24 56.25000000
72 10 25 56.25000000
72 10 26 56.25000000
72 10 27 56.25000000
72 10 28 18.75000000
72 10 29 18.75000000
72 10 30 18.75000000
72 10 31 37.50000000
72 10 32 56.25000000
72 10 33 56.25000000
72 10 34 56.25000000
72 10 35 18.75000000
72 10 36 18.75000000
72 10 37 18.75000000
72 10 38 18.75000000
72 10 39 18.75000000
72 11 24 56.25000000
72 11 25 56.25000000
72 11 26 56.25000000
72 11 27 56.25000000
72 11 28 18.75000000
72 11 29 18.75000000
72 11 30 18.75000000
72 11 31 18.75000000
72 11 32 56.25000000
72 11 33 56.25000000
72 11 34 56.25000000
72 11 35 56.25000000
72 11 36 18.75000000
72 11 37 18.75000000
72 11 38 18.75000000
72 11 39 18.75000000
72 12 24 18.75000000
72 12 25 56.25000000
72 12 26 56.25000000
72 12 27 56.25000000
72 12 28 18.75000000
72 12 29 18.75000000
72 12 30 18.75000000
72 12 31 18.75000000
72 12 32 56.25000000
72 12 33 56.25000000
72 12 34 56.25000000
72 12 35 56.25000000
72 12 36 37.50000000
72 12 37 18.75000000
72 12 38 18.75000000
72 12 39 18.75000000
72 12 40 18.75000000
72 13 24 18.75000000
72 13 25 18.75000000
72 13 26 56.25000000
72 13 27 56.25000000
72 13 28 18.75000000
72 13 29 18.75000000
72 13 30 18.75000000
72 13 31 18.75000000
72 13 32 56.25000000
72 13 33 56.25000000
72 13 34 56.25000000
72 13 35 56.25000000
72 13 36 37.50000000
72 13 37 37.50000000
72 13 38 18.75000000
72 13 39 18.75000000
72 13 40 18.75000000
72 13 41 18.75000000
72 14 24 18.75000000
72 14 25 18.75000000
72 14 26 18.75000000
72 14 27 56.25000000
72 14 28 18.75000000
72 14 29 18.75000000
72 14 30 18.75000000
72 14 31 18.75000000
72 14 32 56.25000000
72 14 33 56.25000000
72 14 34 56.25000000
72 14 35 56.25000000
72 14 36 37.50000000
72 14 37 37.50000000
72 14 38 37.50000000
72 14 39 18.75000000
72 14 40 18.75000000
72 14 41 18.75000000
72 14 42 18.75000000
72 15 24 18.75000000
72 15 25 18.75000000
72 15 26 18.75000000
72 15 27 18.75000000
72 15 28 18.75000000
72 15 29 18.75000000
72 15 30 18.75000000
72 15 31 18.75000000
72 15 32 56.25000000
72 15 33 56.25000000
72 15 34 56.25000000
72 15 35 56.25000000
72 15 36 37.50000000
72 15 37 37.50000000
72 15 38 37.50000000
72 15 39 37.50000000
72 15 40 18.75000000
72 15 41 18.75000000
72 15 42 18.75000000
72 15 43 18.75000000
72 16 16 0.10000000
72 16 32 18.75000000
72 16 33 56.25000000
72 16 34 56.25000000
72 16 35 56.25000000
72 16 36 18.75000000
72 16 37 18.75000000
72 16 38 18.75000000
72 16 39 18.75000000
72 16 40 56.25000000
72 16 41 56.25000000
72 16 42 56.25000000
72 16 43 56.25000000
72 16 44 37.50000000
72 16 45 18.75000000
72 16 46 18.75000000
72 16 47 18.75000000
72 16 48 18.75000000
72 17 17 0.10000000
72 17 32 18.75000000
72 17 33 18.75000000
72 17 34 56.25000000
72 17 35 56.25000000
72 17 36 18.75000000
72 17 37 18.75000000
72 17 38 18.75000000
72 17 39 18.75000000
72 17 40 56.25000000
72 17 41 56.25000000
72 17 42 56.25000000
72 17 43 56.25000000
72 17 44 37.50000000
72 17 45 37.50000000
72 17 46 18.75000000
72 17 47 18.75000000
72 17 48 18.75000000
72 17 49 18.75000000
72 18 18 0.10000000
72 18 32 18.75000000
72 18 33 18.75000000
72 18 34 18.75000000
72 18 35 56.25000000
72 18 36 18.75000000
72 18 37 18.75000000
72 18 38 18.75000000
72 18 39 18.75000000
72 18 40 56.25000000
72 18 41 56.25000000
72 18 42 56.25000000
72 18 43 56.25000000
72 18 44 37.50000000
72 18 45 37.50000000
72 18 46 37.50000000
72 18 47 18.75000000
72 18 48 18.75000000
72 18 49 18.75000000
72 18 50 18.75000000
72 19 19 0.10000000
72 19 32 18.75000000
72 19 33 18.75000000
72 19 34 18.75000000
72 19 35 18.75000000
72 19 36 18.75000000
72 19 37 18.75000000
72 19 38 18.75000000
72 19 39 18.75000000
72 19 40 56.25000000
72 19 41 56.25000000
72 19 42 56.25000000
72 19 43 56.25000000
72 19 44 37.50000000
72 19 45 37.50000000
72 19 46 37.50000000
72 19 47 37.50000000
72 19 48 18.75000000
72 19 49 18.75000000
72 19 50 18.75000000
72 19 51 18.75000000
72 20 32 18.75000000
72 20 33 18.75000000
72 20 34 18.75000000
72 20 35 18.75000000
72 20 37 18.75000000
72 20 38 18.75000000
72 20 39 18.75000000
72 20 40 56.25000000
72 20 41 56.25000000
72 20 42 56.25000000
72 20 43 56.25000000
72 20 44 37.50000000
72 20 45 37.50000000
72 20 46 37.50000000
72 20 47 37.50000000
72 20 48 18.75000000
72 20 49 18.75000000
72 20 50 18.75000000
72 20 51 18.75000000
72 20 52 18.75000000
72 21 32 18.75000000
72 21 33 18.75000000
72 21 34 18.75000000
72 21 35 18.75000000
72 21 38 18.75000000
72 21 39 18.75000000
72 21 40 56.25000000
72 21 41 56.25000000
72 21 42 56.25000000
72 21 43 56.25000000
72 21 44 37.50000000
72 21 45 37.50000000
72 21 46 37.50000000
72 21 47 37.50000000
72 21 48 18.75000000
72 21 49 18.75000000
72 21 50 18.75000000
72 21 51 18.75000000
72 21 52 18.75000000
72 21 53 18.75000000
72 22 32 18.75000000
72 22 33 18.75000000
72 22 34 18.75000000
72 22 35 18.75000000
72 22 39 18.75000000
72 22 40 56.25000000
72 22 41 56.25000000
72 22 42 56.25000000
72 22 43 56.25000000
72 22 44 37.50000000
72 22 45 37.50000000
72 22 46 37.50000000
72 22 47 37.50000000
72 22 48 18.75000000
72 22 49 18.75000000
72 22 50 18.75000000
72 22 51 18.75000000
72 22 52 18.75000000
72 22 53 18.75000000
72 22 54 18.75000000
72 23 32 18.75000000
72 23 33 18.75000000
72 23 34 18.75000000
72 23 35 18.75000000
72 23 40 56.25000000
72 23 41 56.25000000
72 23 42 56.25000000
72 23 43 56.25000000
72 23 44 37.50000000
72 23 45 37.50000000
72 23 46 37.50000000
72 23 47 37.50000000
72 23 48 18.75000000
72 23 49 18.75000000
72 23 50 18.75000000
72 23 51 18.75000000
72 23 52 18.75000000
72 23 53 18.75000000
72 23 54 18.75000000
72 23 55 18.75000000
72 24 24 0.20000000
72 24 40 18.75000000
72 24 41 18.75000000
72 24 42 18.75000000
72 24 43 18.75000000
72 24 45 18.75000000
72 24 46 18.75000000
72 24 47 18.75000000
72 24 48 56.25000000
72 24 49 56.25000000
72 24 50 56.25000000
72 24 51 56.25000000
72 24 52 37.50000000
72 24 53 37.50000000
72 24 54 37.50000000
72 24 55 37.50000000
72 24 56 18.75000000
72 24 57 18.75000000
72 24 58 18.75000000
72 24 59 18.75000000
72 24 60 18.75000000
72 25 25 0.20000000
72 25 40 18.75000000
72 25 41 18.75000000
72 25 42 18.75000000
72 25 43 18.75000000
72 25 46 18.75000000
72 25 47 18.75000000
72 25 48 56.25000000
72 25 49 56.25000000
72 25 50 56.25000000
72 25 51 56.25000000
72 25 52 37.50000000
72 25 53 37.50000000
72 25 54 37.50000000
72 25 55 37.50000000
72 25 56 18.75000000
72 25 57 18.75000000
72 25 58 18.75000000
72 25 59 18.75000000
72 25 60 18.75000000
72 25 61 18.75000000
72 26 26 0.20000000
72 26 40 18.75000000
72 26 41 18.75000000
72 26 42 18.75000000
72 26 43 18.75000000
72 26 47 18.75000000
72 26 48 56.25000000
72 26 49 56.25000000
72 26 50 56.25000000
72 26 51 56.25000000
72 26 52 37.50000000
72 26 53 37.50000000
72 26 54 37.50000000
72 26 55 37.50000000
72 26 56 18.75000000
72 26 57 18.75000000
72 26 58 18.75000000
72 26 59 18.75000000
72 26 60 18.75000000
72 26 61 18.75000000
72 26 62 18.75000000
72 27 27 0.20000000
72 27 40 18.75000000
72 27 41 18.75000000
72 27 42 18.75000000
72 27 43 18.75000000
72 27 48 56.25000000
72 27 49 56.25000000
72 27 50 56.25000000
72 27 51 56.25000000
72 27 52 37.50000000
72 27 53 37.50000000
72 27 54 37.50000000
72 27 55 37.50000000
72 27 56 18.75000000
72 27 57 18.75000000
72 27 58 18.75000000
72 27 59 18.75000000
72 27 60 18.75000000
72 27 61 18.75000000
72 27 62 18.75000000
72 27 63 18.75000000
72 28 28 0.10000000
72 28 41 18.75000000
72 28 42 18.75000000
72 28 43 18.75000000
72 28 48 56.25000000
72 28 49 56.25000000
72 28 50 56.25000000
72 28 51 56.25000000
72 28 52 18.75000000
72 28 53 37.50000000
72 28 54 37.50000000
72 28 55 37.50000000
72 28 56 56.25000000
72 28 57 18.75000000
72 28 58 18.75000000
72 28 59 18.75000000
72 28 60 18.75000000
72 28 61 18.75000000
72 28 62 18.75000000
72 28 63 18.75000000
72 29 29 0.10000000
72 29 42 18.75000000
72 29 43 18.75000000
72 29 48 56.25000000
72 29 49 56.25000000
72 29 50 56.25000000
72 29 51 56.25000000
72 29 52 18.75000000
72 29 53 18.75000000
72 29 54 37.50000000
72 29 55 37.50000000
72 29 56 56.25000000
72 29 57 56.25000000
72 29 58 18.75000000
72 29 59 18.75000000
72 29 60 18.75000000
72 29 61 18.75000000
72 29 62 18.75000000
72 29 63 18.75000000
72 30 30 0.10000000
72 30 43 18.75000000
72 30 48 56.25000000
72 30 49 56.25000000
72 30 50 56.25000000
72 30 51 56.25000000
72 30 52 18.75000000
72 30 53 18.75000000
72 30 54 18.75000000
72 30 55 37.50000000
72 30 56 56.25000000
72 30 57 56.25000000
72 30 58 56.25000000
72 30 59 18.75000000
72 30 60 18.75000000
72 30 61 18.75000000
72 30 62 18.75000000
72 30 63 18.75000000
72 31 31 0.10000000
72 31 48 56.25000000
72 31 49 56.25000000
72 31 50 56.25000000
72 31 51 56.25000000
72 31 52 18.75000000
72 31 53 18.75000000
72 31 54 18.75000000
72 31 55 18.75000000
72 31 56 56.25000000
72 31 57 56.25000000
72 31 58 56.25000000
72 31 59 56.25000000
72 31 60 18.75000000
72 31 61 18.75000000
72 31 62 18.75000000
72 31 63 18.75000000
72 32 32 0.20000000
72 32 49 18.75000000
72 32 50 18.75000000
72 32 51 18.75000000
72 32 56 56.25000000
72 32 57 56.25000000
72 32 58 56.25000000
72 32 59 56.25000000
72 32 60 18.75000000
72 32 61 37.50000000
72 32 62 37.50000000
72 32 63 37.50000000
72 33 33 0.20000000
72 33 50 18.75000000
72 33 51 18.75000000
72 33 56 56.25000000
72 33 57 56.25000000
72 33 58 56.25000000
72 33 59 56.25000000
72 33 60 18.75000000
72 33 61 18.75000000
72 33 62 37.50000000
72 33 63 37.50000000
72 34 34 0.20000000
72 34 51 18.75000000
72 34 56 56.25000000
72 34 57 56.25000000
72 34 58 56.25000000
72 34 59 56.25000000
72 34 60 18.75000000
72 34 61 18.75000000
72 34 62 18.75000000
72 34 63 37.50000000
72 35 35 0.20000000
72 35 56 56.25000000
72 35 57 56.25000000
72 35 58 56.25000000
72 35 59 56.25000000
72 35 60 18.75000000
72 35 61 18.75000000
72 35 62 18.75000000
72 35 63 18.75000000
72 36 36 0.10000000
72 36 56 18.75000000
72 36 57 56.25000000
72 36 58 56.25000000
72 36 59 56.25000000
72 36 60 18.75000000
72 36 61 18.75000000
72 36 62 18.75000000
72 36 63 18.75000000
72 37 37 0.10000000
72 37 56 18.75000000
72 37 57 18.75000000
72 37 58 56.25000000
72 37 59 56.25000000
72 37 60 18.75000000
72 37 61 18.75000000
72 37 62 18.75000000
72 37 63 18.75000000
72 38 38 0.10000000
72 38 56 18.75000000
72 38 57 18.75000000
72 38 58 18.75000000
72 38 59 56.25000000
72 38 60 18.75000000
72 38 61 18.75000000
72 38 62 18.75000000
72 38 63 18.75000000
72 39 39 0.10000000
72 39 56 18.75000000
72 39 57 18.75000000
72 39 58 18.75000000
72 39 59 18.75000000
72 39 60 18.75000000
72 39 61 18.75000000
72 39 62 18.75000000
72 39 63 18.75000000
72 40 40 0.20000000
72 41 41 0.20000000
72 42 42 0.20000000
72 43 43 0.20000000
72 44 44 0.10000000
72 45 45 0.10000000
72 46 46 0.10000000
72 47 47 0.10000000
72 48 48 0.20000000
72 49 49 0.20000000
72 50 50 0.20000000
72 51 51 0.20000000
72 52 52 0.10000000
72 53 53 0.10000000
72 54 54 0.10000000
72 55 55 0.10000000
72 56 18 2.00000000
72 56 26 4.00000000
72 56 30 2.00000000
72 56 34 4.00000000
72 56 38 2.00000000
72 56 42 4.00000000
72 56 46 2.00000000
72 56 50 4.00000000
72 56 54 2.00000000
72 56 56 0.20000000
72 56 58 4.00000000
72 56 62 2.00000000
72 57 57 0.20000000
72 58 58 0.20000000
72 59 59 0.20000000
72 60 60 0.10000000
72 61 61 0.10000000
72 62 62 0.10000000
72 63 19 2.00000000
72 63 27 4.00000000
72 63 31 2.00000000
72 63 35 4.00000000
72 63 39 2.00000000
72 63 43 4.00000000
72 63 47 2.00000000
72 63 51 4.00000000
72 63 55 2.00000000
72 63 59 4.00000000
72 63 63 2.10000000
73 0 8 20.75000000
73 0 9 18.75000000
73 0 10 18.75000000
73 0 11 18.75000000
73 0 12 39.50000000
73 0 13 18.75000000
73 0 14 18.75000000
73 0 15 18.75000000
73 0 16 22.75000000
73 0 20 2.00000000
73 0 24 4.00000000
73 0 28 2.00000000
73 0 32 4.00000000
73 0 36 2.00000000
73 0 40 4.00000000
73 0 44 2.00000000
73 0 48 2.00000000
73 0 52 2.00000000
73 1 8 18.75000000
73 1 9 18.75000000
73 1 10 18.75000000
73 1 11 18.75000000
73 1 12 37.50000000
73 1 13 37.50000000
73 1 14 18.75000000
73 1 15 18.75000000
73 1 16 18.75000000
73 1 17 18.75000000
73 2 8 18.75000000
73 2 9 18.75000000
73 2 10 18.75000000
73 2 11 18.75000000
73 2 12 37.50000000
73 2 13 37.50000000
73 2 14 37.50000000
73 2 15 18.75000000
73 2 16 18.75000000
73 2 17 18.75000000
73 2 18 18.75000000
73 3 8 18.75000000
73 3 9 18.75000000
73 3 10 18.75000000
73 3 11 18.75000000
73 3 12 37.50000000
73 3 13 37.50000000
73 3 14 37.50000000
73 3 15 37.50000000
73 3 16 18.75000000
73 3 17 18.75000000
73 3 18 18.75000000
73 3 19 18.75000000
73 4 8 37.50000000
73 4 9 18.75000000
73 4 10 18.75000000
73 4 11 18.75000000
73 4 12 37.50000000
73 4 13 37.50000000
73 4 14 37.50000000
73 4 15 37.50000000
73 4 16 18.75000000
73 4 17 18.75000000
73 4 18 18.75000000
73 4 19 18.75000000
73 4 20 18.75000000
73 5 8 37.50000000
73 5 9 37.50000000
73 5 10 18.75000000
73 5 11 18.75000000
73 5 12 37.50000000
73 5 13 37.50000000
73 5 14 37.50000000
73 5 15 37.50000000
73 5 16 18.75000000
73 5 17 18.75000000
73 5 18 18.75000000
73 5 19 18.75000000
73 5 20 18.75000000
73 5 21 18.75000000
73 6 8 37.50000000
73 6 9 37.50000000
73 6 10 37.50000000
73 6 11 18.75000000
73 6 12 37.50000000
73 6 13 37.50000000
73 6 14 37.50000000
73 6 15 37.50000000
73 6 16 18.75000000
73 6 17 18.75000000
73 6 18 18.75000000
73 6 19 18.75000000
73 6 20 18.75000000
73 6 21 18.75000000
73 6 22 18.75000000
73 7 8 37.50000000
73 7 9 39.50000000
73 7 10 37.50000000
73 7 11 37.50000000
73 7 12 37.50000000
73 7 13 39.50000000
73 7 14 37.50000000
73 7 15 37.50000000
73 7 16 18.75000000
73 7 17 22.75000000
73 7 18 18.75000000
73 7 19 18.75000000
73 7 20 18.75000000
73 7 21 20.75000000
73 7 22 18.75000000
73 7 23 18.75000000
73 7 25 4.00000000
73 7 29 2.00000000
73 7 33 4.00000000
73 7 37 2.00000000
73 7 41 4.00000000
73 7 45 2.00000000
73 7 49 2.00000000
73 7 53 2.00000000
73 8 8 18.85000000
73 8 9 18.75000000
73 8 10 18.75000000
73 8 11 18.75000000
73 8 13 18.75000000
73 8 14 18.75000000
73 8 15 18.75000000
73 8 16 56.25000000
73 8 17 56.25000000
73 8 18 56.25000000
73 8 19 56.25000000
73 8 20 37.50000000
73 8 21 37.50000000
73 8 22 37.50000000
73 8 23 37.50000000
73 8 24 18.75000000
73 8 25 18.75000000
73 8 26 18.75000000
73 8 27 18.75000000
73 8 28 18.75000000
73 9 8 18.75000000
73 9 9 18.85000000
73 9 10 18.75000000
73 9 11 18.75000000
73 9 14 18.75000000
73 9 15 18.75000000
73 9 16 56.25000000
73 9 17 56.25000000
73 9 18 56.25000000
73 9 19 56.25000000
73 9 20 37.50000000
73 9 21 37.50000000
73 9 22 37.50000000
73 9 23 37.50000000
73 9 24 18.75000000
73 9 25 18.75000000
73 9 26 18.75000000
73 9 27 18.75000000
73 9 28 18.75000000
73 9 29 18.75000000
73 10 8 18.75000000
73 10 9 18.75000000
73 10 10 18.85000000
73 10 11 18.75000000
73 10 15 18.75000000
73 10 16 56.25000000
73 10 17 56.25000000
73 10 18 56.25000000
73 10 19 56.25000000
73 10 20 37.50000000
73 10 21 37.50000000
73 10 22 37.50000000
73 10 23 37.50000000
73 10 24 18.75000000
73 10 25 18.75000000
73 10 26 18.75000000
73 10 27 18.75000000
73 10 28 18.75000000
73 10 29 18.75000000
73 10 30 18.75000000
73 11 8 18.75000000
73 11 9 18.75000000
73 11 10 18.75000000
73 11 11 18.85000000
73 11 16 56.25000000
73 11 17 56.25000000
73 11 18 56.25000000
73 11 19 56.25000000
73 11 20 37.50000000
73 11 21 37.50000000
73 11 22 37.50000000
73 11 23 37.50000000
73 11 24 18.75000000
73 11 25 18.75000000
73 11 26 18.75000000
73 11 27 18.75000000
73 11 28 18.75000000
73 11 29 18.75000000
73 11 30 18.75000000
73 11 31 18.75000000
73 12 9 18.75000000
73 12 10 18.75000000
73 12 11 18.75000000
73 12 12 0.10000000
73 12 16 56.25000000
73 12 17 56.25000000
73 12 18 56.25000000
73 12 19 56.25000000
73 12 20 18.75000000
73 12 21 37.50000000
73 12 22 37.50000000
73 12 23 37.50000000
73 12 24 56.25000000
73 12 25 18.75000000
73 12 26 18.75000000
73 12 27 18.75000000
73 12 28 18.75000000
73 12 29 18.75000000
73 12 30 18.75000000
73 12 31 18.75000000
73 13 10 18.75000000
73 13 11 18.75000000
73 13 13 0.10000000
73 13 16 56.25000000
73 13 17 56.25000000
73 13 18 56.25000000
73 13 19 56.25000000
73 13 20 18.75000000
73 13 21 18.75000000
73 13 22 37.50000000
73 13 23 37.50000000
73 13 24 56.25000000
73 13 25 56.25000000
73 13 26 18.75000000
73 13 27 18.75000000
73 13 28 18.75000000
73 13 29 18.75000000
73 13 30 18.75000000
73 13 31 18.75000000
73 14 11 18.75000000
73 14 14 0.10000000
73 14 16 56.25000000
73 14 17 56.25000000
73 14 18 56.25000000
73 14 19 56.25000000
73 14 20 18.75000000
73 14 21 18.75000000
73 14 22 18.75000000
73 14 23 37.50000000
73 14 24 56.25000000
73 14 25 56.25000000
73 14 26 56.25000000
73 14 27 18.75000000
73 14 28 18.75000000
73 14 29 18.75000000
73 14 30 18.75000000
73 14 31 18.75000000
73 15 15 0.10000000
73 15 16 56.25000000
73 15 17 56.25000000
73 15 18 56.25000000
73 15 19 56.25000000
73 15 20 18.75000000
73 15 21 18.75000000
73 15 22 18.75000000
73 15 23 18.75000000
73 15 24 56.25000000
73 15 25 56.25000000
73 15 26 56.25000000
73 15 27 56.25000000
73 15 28 18.75000000
73 15 29 18.75000000
73 15 30 18.75000000
73 15 31 18.75000000
73 16 16 0.20000000
73 16 17 18.75000000
73 16 18 18.75000000
73 16 19 18.75000000
73 16 24 56.25000000
73 16 25 56.25000000
73 16 26 56.25000000
73 16 27 56.25000000
73 16 28 18.75000000
73 16 29 37.50000000
73 16 30 37.50000000
73 16 31 37.50000000
73 16 32 56.25000000
73 16 33 18.75000000
73 16 34 18.75000000
73 16 35 18.75000000
73 16 36 18.75000000
73 16 37 18.75000000
73 16 38 18.75000000
73 16 39 18.75000000
73 17 17 0.20000000
73 17 18 18.75000000
73 17 19 18.75000000
73 17 24 56.25000000
73 17 25 56.25000000
73 17 26 56.25000000
73 17 27 56.25000000
73 17 28 18.75000000
73 17 29 18.75000000
73 17 30 37.50000000
73 17 31 37.50000000
73 17 32 56.25000000
73 17 33 56.25000000
73 17 34 18.75000000
73 17 35 18.75000000
73 17 36 18.75000000
73 17 37 18.75000000
73 17 38 18.75000000
73 17 39 18.75000000
73 18 18 0.20000000
73 18 19 18.75000000
73 18 24 56.25000000
73 18 25 56.25000000
73 18 26 56.25000000
73 18 27 56.25000000
73 18 28 18.75000000
73 18 29 18.75000000
73 18 30 18.75000000
73 18 31 37.50000000
73 18 32 56.25000000
73 18 33 56.25000000
73 18 34 56.25000000
73 18 35 18.75000000
73 18 36 18.75000000
73 18 37 18.75000000
73 18 38 18.75000000
73 18 39 18.75000000
73 19 19 0.20000000
73 19 24 56.25000000
73 19 25 56.25000000
73 19 26 56.25000000
73 19 27 56.25000000
73 19 28 18.75000000
73 19 29 18.75000000
73 19 30 18.75000000
73 19 31 18.75000000
73 19 32 56.25000000
73 19 33 56.25000000
73 19 34 56.25000000
73 19 35 56.25000000
73 19 36 18.75000000
73 19 37 18.75000000
73 19 38 18.75000000
73 19 39 18.75000000
73 20 20 0.10000000
73 20 24 18.75000000
73 20 25 56.25000000
73 20 26 56.25000000
73 20 27 56.25000000
73 20 28 18.75000000
73 20 29 18.75000000
73 20 30 18.75000000
73 20 31 18.75000000
73 20 32 56.25000000
73 20 33 56.25000000
73 20 34 56.25000000
73 20 35 56.25000000
73 20 36 37.50000000
73 20 37 18.75000000
73 20 38 18.75000000
73 20 39 18.75000000
73 20 40 18.75000000
73 21 21 0.10000000
73 21 24 18.75000000
73 21 25 18.75000000
73 21 26 56.25000000
73 21 27 56.25000000
73 21 28 18.75000000
73 21 29 18.75000000
73 21 30 18.75000000
73 21 31 18.75000000
73 21 32 56.25000000
73 21 33 56.25000000
73 21 34 56.25000000
73 21 35 56.25000000
73 21 36 37.50000000
73 21 37 37.50000000
73 21 38 18.75000000
73 21 39 18.75000000
73 21 40 18.75000000
73 21 41 18.75000000
73 22 22 0.10000000
73 22 24 18.75000000
73 22 25 18.75000000
73 22 26 18.75000000
73 22 27 56.25000000
73 22 28 18.75000000
73 22 29 18.75000000
73 22 30 18.75000000
73 22 31 18.75000000
73 22 32 56.25000000
73 22 33 56.25000000
73 22 34 56.25000000
73 22 35 56.25000000
73 22 36 37.50000000
73 22 37 37.50000000
73 22 38 37.50000000
73 22 39 18.75000000
73 22 40 18.75000000
73 22 41 18.75000000
73 22 42 18.75000000
73 23 23 0.10000000
73 23 24 18.75000000
73 23 25 18.75000000
73 23 26 18.75000000
73 23 27 18.75000000
73 23 28 18.75000000
73 23 29 18.75000000
73 23 30 18.75000000
73 23 31 18.75000000
73 23 32 56.25000000
73 23 33 56.25000000
73 23 34 56.25000000
73 23 35 56.25000000
73 23 36 37.50000000
73 23 37 37.50000000
73 23 38 37.50000000
73 23 39 37.50000000
73 23 40 18.75000000
73 23 41 18.75000000
73 23 42 18.75000000
73 23 43 18.75000000
73 24 24 0.20000000
73 24 32 18.75000000
73 24 33 56.25000000
73 24 34 56.25000000
73 24 35 56.25000000
73 24 36 18.75000000
73 24 37 18.75000000
73 24 38 18.75000000
73 24 39 18.75000000
73 24 40 56.25000000
73 24 41 56.25000000
73 24 42 56.25000000
73 24 43 56.25000000
73 24 44 37.50000000
73 24 45 18.75000000
73 24 46 18.75000000
73 24 47 18.75000000
73 24 48 18.75000000
73 25 25 0.20000000
73 25 32 18.75000000
73 25 33 18.75000000
73 25 34 56.25000000
73 25 35 56.25000000
73 25 36 18.75000000
73 25 37 18.75000000
73 25 38 18.75000000
73 25 39 18.75000000
73 25 40 56.25000000
73 25 41 56.25000000
73 25 42 56.25000000
73 25 43 56.25000000
73 25 44 37.50000000
73 25 45 37.50000000
73 25 46 18.75000000
73 25 47 18.75000000
73 25 48 18.75000000
73 25 49 18.75000000
73 26 26 0.20000000
73 26 32 18.75000000
73 26 33 18.75000000
73 26 34 18.75000000
73 26 35 56.25000000
73 26 36 18.75000000
73 26 37 18.75000000
73 26 38 18.75000000
73 26 39 18.75000000
73 26 40 56.25000000
73 26 41 56.25000000
73 26 42 56.25000000
73 26 43 56.25000000
73 26 44 37.50000000
73 26 45 37.50000000
73 26 46 37.50000000
73 26 47 18.75000000
73 26 48 18.75000000
73 26 49 18.75000000
73 26 50 18.75000000
73 27 27 0.20000000
73 27 32 18.75000000
73 27 33 18.75000000
73 27 34 18.75000000
73 27 35 18.75000000
73 27 36 18.75000000
73 27 37 18.75000000
73 27 38 18.75000000
73 27 39 18.75000000
73 27 40 56.25000000
73 27 41 56.25000000
73 27 42 56.25000000
73 27 43 56.25000000
73 27 44 37.50000000
73 27 45 37.50000000
73 27 46 37.50000000
73 27 47 37.50000000
73 27 48 18.75000000
73 27 49 18.75000000
73 27 50 18.75000000
73 27 51 18.75000000
73 28 28 0.10000000
73 28 32 18.75000000
73 28 33 18.75000000
73 28 34 18.75000000
73 28 35 18.75000000
73 28 37 18.75000000
73 28 38 18.75000000
73 28 39 18.75000000
73 28 40 56.25000000
73 28 41 56.25000000
73 28 42 56.25000000
73 28 43 56.25000000
73 28 44 37.50000000
73 28 45 37.50000000
73 28 46 37.50000000
73 28 47 37.50000000
73 28 48 18.75000000
73 28 49 18.75000000
73 28 50 18.75000000
73 28 51 18.75000000
73 28 52 18.75000000
73 29 29 0.10000000
73 29 32 18.75000000
73 29 33 18.75000000
73 29 34 18.75000000
73 29 35 18.75000000
73 29 38 18.75000000
73 29 39 18.75000000
73 29 40 56.25000000
73 29 41 56.25000000
73 29 42 56.25000000
73 29 43 56.25000000
73 29 44 37.50000000
73 29 45 37.50000000
73 29 46 37.50000000
73 29 47 37.50000000
73 29 48 18.75000000
73 29 49 18.75000000
73 29 50 18.75000000
73 29 51 18.75000000
73 29 52 18.75000000
73 29 53 18.75000000
73 30 30 0.10000000
73 30 32 18.75000000
73 30 33 18.75000000
73 30 34 18.75000000
73 30 35 18.75000000
73 30 39 18.75000000
73 30 40 56.25000000
73 30 41 56.25000000
73 30 42 56.25000000
73 30 43 56.25000000
73 30 44 37.50000000
73 30 45 37.50000000
73 30 46 37.50000000
73 30 47 37.50000000
73 30 48 18.75000000
73 30 49 18.75000000
73 30 50 18.75000000
73 30 51 18.75000000
73 30 52 18.75000000
73 30 53 18.75000000
73 30 54 18.75000000
73 31 31 0.10000000
73 31 32 18.75000000
73 31 33 18.75000000
73 31 34 18.75000000
73 31 35 18.75000000
73 31 40 56.25000000
73 31 41 56.25000000
73 31 42 56.25000000
73 31 43 56.25000000
73 31 44 37.50000000
73 31 45 37.50000000
73 31 46 37.50000000
73 31 47 37.50000000
73 31 48 18.75000000
73 31 49 18.75000000
73 31 50 18.75000000
73 31 51 18.75000000
73 31 52 18.75000000
73 31 53 18.75000000
73 31 54 18.75000000
73 31 55 18.75000000
73 32 32 0.20000000
73 32 40 18.75000000
73 32 41 18.75000000
73 32 42 18.75000000
73 32 43 18.75000000
73 32 45 18.75000000
73 32 46 18.75000000
73 32 47 18.75000000
73 32 48 18.75000000
73 32 49 37.50000000
73 32 50 37.50000000
73 32 51 37.50000000
73 32 52 37.50000000
73 32 53 37.50000000
73 32 54 37.50000000
73 32 55 37.50000000
73 33 33 0.20000000
73 33 40 18.75000000
73 33 41 18.75000000
73 33 42 18.75000000
73 33 43 18.75000000
73 33 46 18.75000000
73 33 47 18.75000000
73 33 48 18.75000000
73 33 49 18.75000000
73 33 50 37.50000000
73 33 51 37.50000000
73 33 52 37.50000000
73 33 53 37.50000000
73 33 54 37.50000000
73 33 55 37.50000000
73 34 34 0.20000000
73 34 40 18.75000000
73 34 41 18.75000000
73 34 42 18.75000000
73 34 43 18.75000000
73 34 47 18.75000000
73 34 48 18.75000000
73 34 49 18.75000000
73 34 50 18.75000000
73 34 51 37.50000000
73 34 52 37.50000000
73 34 53 37.50000000
73 34 54 37.50000000
73 34 55 37.50000000
73 35 35 0.20000000
73 35 40 18.75000000
73 35 41 18.75000000
73 35 42 18.75000000
73 35 43 18.75000000
73 35 48 18.75000000
73 35 49 18.75000000
73 35 50 18.75000000
73 35 51 18.75000000
73 35 52 37.50000000
73 35 53 37.50000000
73 35 54 37.50000000
73 35 55 37.50000000
73 36 36 0.10000000
73 36 41 18.75000000
73 36 42 18.75000000
73 36 43 18.75000000
73 36 48 18.75000000
73 36 49 18.75000000
73 36 50 18.75000000
73 36 51 18.75000000
73 36 52 18.75000000
73 36 53 37.50000000
73 36 54 37.50000000
73 36 55 37.50000000
73 37 37 0.10000000
73 37 42 18.75000000
73 37 43 18.75000000
73 37 48 18.75000000
73 37 49 18.75000000
73 37 50 18.75000000
73 37 51 18.75000000
73 37 52 18.75000000
73 37 53 18.75000000
73 37 54 37.50000000
73 37 55 37.50000000
73 38 38 0.10000000
73 38 43 18.75000000
73 38 48 18.75000000
73 38 49 18.75000000
73 38 50 18.75000000
73 38 51 18.75000000
73 38 52 18.75000000
73 38 53 18.75000000
73 38 54 18.75000000
73 38 55 37.50000000
73 39 39 0.10000000
73 39 48 18.75000000
73 39 49 18.75000000
73 39 50 18.75000000
73 39 51 18.75000000
73 39 52 18.75000000
73 39 53 18.75000000
73 39 54 18.75000000
73 39 55 18.75000000
73 40 40 0.20000000
73 41 41 0.20000000
73 42 42 0.20000000
73 43 43 0.20000000
73 44 44 0.10000000
73 45 45 0.10000000
73 46 46 0.10000000
73 47 47 0.10000000
73 48 48 0.10000000
73 49 49 0.10000000
73 50 50 0.10000000
73 51 51 0.10000000
73 52 52 0.10000000
73 53 53 0.10000000
73 54 54 0.10000000
73 55 55 0.10000000
73 56 10 2.00000000
73 56 14 2.00000000
73 56 18 4.00000000
73 56 22 2.00000000
73 56 26 4.00000000
73 56 30 2.00000000
73 56 34 4.00000000
73 56 38 2.00000000
73 56 42 4.00000000
73 56 46 2.00000000
73 56 50 2.00000000
73 56 54 2.00000000
73 63 11 2.00000000
73 63 15 2.00000000
73 63 19 4.00000000
73 63 23 2.00000000
73 63 27 4.00000000
73 63 31 2.00000000
73 63 35 4.00000000
73 63 39 2.00000000
73 63 43 4.00000000
73 63 47 2.00000000
73 63 51 2.00000000
73 63 55 2.00000000
74 0 0 1.10000000
74 0 5 1.00000000
74 0 8 1.00000000
74 0 9 1.00000000
74 0 10 1.00000000
74 1 0 1.00000000
74 1 1 1.10000000
74 1 8 1.00000000
74 1 9 1.00000000
74 1 10 1.00000000
74 1 11 1.00000000
74 2 0 1.00000000
74 2 1 1.00000000
74 2 2 1.10000000
74 2 9 1.00000000
74 2 10 1.00000000
74 2 11 1.00000000
74 2 12 1.00000000
74 3 0 1.00000000
74 3 1 1.00000000
74 3 2 1.00000000
74 3 3 1.10000000
74 3 10 1.00000000
74 3 11 1.00000000
74 3 12 1.00000000
74 3 13 1.00000000
74 4 1 1.00000000
74 4 2 1.00000000
74 4 3 1.00000000
74 4 4 1.10000000
74 5 2 1.00000000
74 5 3 1.00000000
74 5 4 1.00000000
74 5 5 1.10000000
74 6 3 1.00000000
74 6 4 1.00000000
74 6 5 1.00000000
74 6 8 1.00000000
74 7 4 1.00000000
74 7 5 1.00000000
74 7 8 1.00000000
74 7 9 1.00000000
74 8 8 0.10000000
74 8 11 1.00000000
74 8 12 1.00000000
74 8 13 1.00000000
74 8 16 1.00000000
74 8 21 1.00000000
74 8 24 1.00000000
74 8 25 1.00000000
74 8 26 1.00000000
74 9 9 0.10000000
74 9 12 1.00000000
74 9 13 1.00000000
74 9 16 1.00000000
74 9 17 1.00000000
74 9 24 1.00000000
74 9 25 1.00000000
74 9 26 1.00000000
74 9 27 1.00000000
74 10 10 0.10000000
74 10 13 1.00000000
74 10 16 1.00000000
74 10 17 1.00000000
74 10 18 1.00000000
74 10 25 1.00000000
74 10 26 1.00000000
74 10 27 1.00000000
74 10 28 1.00000000
74 11 11 0.10000000
74 11 16 1.00000000
74 11 17 1.00000000
74 11 18 1.00000000
74 11 19 1.00000000
74 11 26 1.00000000
74 11 27 1.00000000
74 11 28 1.00000000
74 11 29 1.00000000
74 12 12 0.10000000
74 12 17 1.00000000
74 12 18 1.00000000
74 12 19 1.00000000
74 12 20 1.00000000
74 13 13 0.10000000
74 13 18 1.00000000
74 13 19 1.00000000
74 13 20 1.00000000
74 13 21 1.00000000
74 14 19 1.00000000
74 14 20 1.00000000
74 14 21 1.00000000
74 14 24 1.00000000
74 15 20 1.00000000
74 15 21 1.00000000
74 15 24 1.00000000
74 15 25 1.00000000
74 16 16 0.10000000
74 16 27 1.00000000
74 16 28 1.00000000
74 16 29 1.00000000
74 16 32 1.00000000
74 16 37 1.00000000
74 16 40 1.00000000
74 16 41 1.00000000
74 16 42 1.00000000
74 17 17 0.10000000
74 17 28 1.00000000
74 17 29 1.00000000
74 17 32 1.00000000
74 17 33 1.00000000
74 17 40 1.00000000
74 17 41 1.00000000
74 17 42 1.00000000
74 17 43 1.00000000
74 18 18 0.10000000
74 18 29 1.00000000
74 18 32 1.00000000
74 18 33 1.00000000
74 18 34 1.00000000
74 18 41 1.00000000
74 18 42 1.00000000
74 18 43 1.00000000
74 18 44 1.00000000
74 19 19 0.10000000
74 19 32 1.00000000
74 19 33 1.00000000
74 19 34 1.00000000
74 19 35 1.00000000
74 19 42 1.00000000
74 19 43 1.00000000
74 19 44 1.00000000
74 19 45 1.00000000
74 20 20 0.10000000
74 20 33 1.00000000
74 20 34 1.00000000
74 20 35 1.00000000
74 20 36 1.00000000
74 21 21 0.10000000
74 21 34 1.00000000
74 21 35 1.00000000
74 21 36 1.00000000
74 21 37 1.00000000
74 22 35 1.00000000
74 22 36 1.00000000
74 22 37 1.00000000
74 22 40 1.00000000
74 23 36 1.00000000
74 23 37 1.00000000
74 23 40 1.00000000
74 23 41 1.00000000
74 24 0 1.00000000
74 24 5 1.00000000
74 24 8 1.00000000
74 24 9 1.00000000
74 24 10 1.00000000
74 24 24 0.10000000
74 24 43 1.00000000
74 24 44 1.00000000
74 24 45 1.00000000
74 25 0 1.00000000
74 25 1 1.00000000
74 25 8 1.00000000
74 25 9 1.00000000
74 25 10 1.00000000
74 25 11 1.00000000
74 25 25 0.10000000
74 25 44 1.00000000
74 25 45 1.00000000
74 26 0 1.00000000
74 26 1 1.00000000
74 26 2 1.00000000
74 26 9 1.00000000
74 26 10 1.00000000
74 26 11 1.00000000
74 26 12 1.00000000
74 26 26 0.10000000
74 26 45 1.00000000
74 27 0 1.00000000
74 27 1 1.00000000
74 27 2 1.00000000
74 27 3 1.00000000
74 27 10 1.00000000
74 27 11 1.00000000
74 27 12 1.00000000
74 27 13 1.00000000
74 27 27 0.10000000
74 28 1 1.00000000
74 28 2 1.00000000
74 28 3 1.00000000
74 28 4 1.00000000
74 28 28 0.10000000
74 29 2 1.00000000
74 29 3 1.00000000
74 29 4 1.00000000
74 29 5 1.00000000
74 29 29 0.10000000
74 30 3 1.00000000
74 30 4 1.00000000
74 30 5 1.00000000
74 30 8 1.00000000
74 31 4 1.00000000
74 31 5 1.00000000
74 31 8 1.00000000
74 31 9 1.00000000
74 32 11 1.00000000
74 32 12 1.00000000
74 32 13 1.00000000
74 32 16 1.00000000
74 32 21 1.00000000
74 32 24 1.00000000
74 32 25 1.00000000
74 32 26 1.00000000
74 32 32 0.10000000
74 33 12 1.00000000
74 33 13 1.00000000
74 33 16 1.00000000
74 33 17 1.00000000
74 33 24 1.00000000
74 33 25 1.00000000
74 33 26 1.00000000
74 33 27 1.00000000
74 33 33 0.10000000
74 34 13 1.00000000
74 34 16 1.00000000
74 34 17 1.00000000
74 34 18 1.00000000
74 34 25 1.00000000
74 34 26 1.00000000
74 34 27 1.00000000
74 34 28 1.00000000
74 34 34 0.10000000
74 35 16 1.00000000
74 35 17 1.00000000
74 35 18 1.00000000
74 35 19 1.00000000
74 35 26 1.00000000
74 35 27 1.00000000
74 35 28 1.00000000
74 35 29 1.00000000
74 35 35 0.10000000
74 36 17 1.00000000
74 36 18 1.00000000
74 36 19 1.00000000
74 36 20 1.00000000
74 36 36 0.05000000
74 37 18 1.00000000
74 37 19 1.00000000
74 37 20 1.00000000
74 37 21 1.00000000
74 37 37 0.05000000
74 38 19 1.00000000
74 38 20 1.00000000
74 38 21 1.00000000
74 38 24 1.00000000
74 39 20 1.00000000
74 39 21 1.00000000
74 39 24 1.00000000
74 39 25 1.00000000
74 40 27 1.00000000
74 40 28 1.00000000
74 40 29 1.00000000
74 40 32 1.00000000
74 40 40 0.05000000
74 41 28 1.00000000
74 41 29 1.00000000
74 41 32 1.00000000
74 41 33 1.00000000
74 41 41 0.05000000
74 42 29 1.00000000
74 42 32 1.00000000
74 42 33 1.00000000
74 42 34 1.00000000
74 42 42 0.05000000
74 43 32 1.00000000
74 43 33 1.00000000
74 43 34 1.00000000
74 43 35 1.00000000
74 43 43 0.05000000
74 44 33 1.00000000
74 44 34 1.00000000
74 44 35 1.00000000
74 44 44 0.05000000
74 45 34 1.00000000
74 45 35 1.00000000
74 45 45 0.05000000
74 46 35 1.00000000
75 0 0 0.10000000
75 0 27 1.00000000
75 0 28 1.00000000
75 0 29 1.00000000
75 0 32 1.00000000
75 0 37 1.00000000
75 0 40 1.00000000
75 0 41 1.00000000
75 0 42 1.00000000
75 1 1 0.10000000
75 1 28 1.00000000
75 1 29 1.00000000
75 1 32 1.00000000
75 1 33 1.00000000
75 1 40 1.00000000
75 1 41 1.00000000
75 1 42 1.00000000
75 1 43 1.00000000
75 2 2 0.10000000
75 2 29 1.00000000
75 2 32 1.00000000
75 2 33 1.00000000
75 2 34 1.00000000
75 2 41 1.00000000
75 2 42 1.00000000
75 2 43 1.00000000
75 2 44 1.00000000
75 3 3 0.10000000
75 3 32 1.00000000
75 3 33 1.00000000
75 3 34 1.00000000
75 3 35 1.00000000
75 3 42 1.00000000
75 3 43 1.00000000
75 3 44 1.00000000
75 3 45 1.00000000
75 4 4 0.10000000
75 4 33 1.00000000
75 4 34 1.00000000
75 4 35 1.00000000
75 4 36 1.00000000
75 5 5 0.10000000
75 5 34 1.00000000
75 5 35 1.00000000
75 5 36 1.00000000
75 5 37 1.00000000
75 6 35 1.00000000
75 6 36 1.00000000
75 6 37 1.00000000
75 6 40 1.00000000
75 7 36 1.00000000
75 7 37 1.00000000
75 7 40 1.00000000
75 7 41 1.00000000
75 8 0 1.00000000
75 8 5 1.00000000
75 8 8 1.10000000
75 8 9 1.00000000
75 8 10 1.00000000
75 8 43 1.00000000
75 8 44 1.00000000
75 8 45 1.00000000
75 9 0 1.00000000
75 9 1 1.00000000
75 9 8 1.00000000
75 9 9 1.10000000
75 9 10 1.00000000
75 9 11 1.00000000
75 9 44 1.00000000
75 9 45 1.00000000
75 10 0 1.00000000
75 10 1 1.00000000
75 10 2 1.00000000
75 10 9 1.00000000
75 10 10 1.10000000
75 10 11 1.00000000
75 10 12 1.00000000
75 10 45 1.00000000
75 11 0 1.00000000
75 11 1 1.00000000
75 11 2 1.00000000
75 11 3 1.00000000
75 11 10 1.00000000
75 11 11 1.10000000
75 11 12 1.00000000
75 11 13 1.00000000
75 12 1 1.00000000
75 12 2 1.00000000
75 12 3 1.00000000
75 12 4 1.00000000
75 12 12 0.10000000
75 13 2 1.00000000
75 13 3 1.00000000
75 13 4 1.00000000
75 13 5 1.00000000
75 13 13 0.10000000
75 14 3 1.00000000
75 14 4 1.00000000
75 14 5 1.00000000
75 14 8 1.00000000
75 15 4 1.00000000
75 15 5 1.00000000
75 15 8 1.00000000
75 15 9 1.00000000
75 16 11 1.00000000
75 16 12 1.00000000
75 16 13 1.00000000
75 16 16 1.10000000
75 16 21 1.00000000
75 16 24 1.00000000
75 16 25 1.00000000
75 17 12 1.00000000
75 17 13 1.00000000
75 17 16 1.00000000
75 17 17 1.10000000
75 17 24 1.00000000
75 17 25 1.00000000
75 18 13 1.00000000
75 18 16 1.00000000
75 18 17 1.00000000
75 18 18 1.10000000
75 18 25 1.00000000
75 19 16 1.00000000
75 19 17 1.00000000
75 19 18 1.00000000
75 19 19 1.10000000
75 20 17 1.00000000
75 20 18 1.00000000
75 20 19 1.00000000
75 20 20 1.10000000
75 21 18 1.00000000
75 21 19 1.00000000
75 21 20 1.00000000
75 21 21 1.10000000
75 22 19 1.00000000
75 22 20 1.00000000
75 22 21 1.00000000
75 22 24 1.00000000
75 23 20 1.00000000
75 23 21 1.00000000
75 23 24 1.00000000
75 23 25 1.00000000
75 24 24 0.10000000
75 25 25 0.10000000
75 26 26 0.05000000
75 27 27 0.05000000
75 28 28 0.05000000
75 29 29 0.05000000
75 32 32 0.05000000
75 33 33 0.05000000
75 34 34 0.05000000
75 35 35 0.05000000
75 36 36 0.10000000
75 37 37 0.10000000
75 40 37 1.00000000
75 40 40 1.10000000
75 40 41 1.00000000
75 40 42 1.00000000
75 41 40 1.00000000
75 41 41 1.10000000
75 41 42 1.00000000
75 41 43 1.00000000
75 42 41 1.00000000
75 42 42 1.10000000
75 42 43 1.00000000
75 42 44 1.00000000
75 43 42 1.00000000
75 43 43 1.10000000
75 43 44 1.00000000
75 43 45 1.00000000
75 44 36 1.00000000
75 44 44 0.10000000
75 45 36 1.00000000
75 45 37 1.00000000
75 45 45 0.10000000
75 46 36 1.00000000
75 46 37 1.00000000
75 46 40 1.00000000
75 47 36 1.00000000
75 47 37 1.00000000
75 47 40 1.00000000
75 47 41 1.00000000
75 48 0 1.00000000
75 48 5 1.00000000
75 48 8 1.00000000
75 48 9 1.00000000
75 48 10 1.00000000
75 48 43 1.00000000
75 48 44 1.00000000
75 48 45 1.00000000
75 49 0 1.00000000
75 49 1 1.00000000
75 49 8 1.00000000
75 49 9 1.00000000
75 49 10 1.00000000
75 49 11 1.00000000
75 49 44 1.00000000
75 49 45 1.00000000
75 50 0 1.00000000
75 50 1 1.00000000
75 50 2 1.00000000
75 50 9 1.00000000
75 50 10 1.00000000
75 50 11 1.00000000
75 50 12 1.00000000
75 50 45 1.00000000
75 51 0 1.00000000
75 51 1 1.00000000
75 51 2 1.00000000
75 51 3 1.00000000
75 51 10 1.00000000
75 51 11 1.00000000
75 51 12 1.00000000
75 51 13 1.00000000
75 52 1 1.00000000
75 52 2 1.00000000
75 52 3 1.00000000
75 52 4 1.00000000
75 53 2 1.00000000
75 53 3 1.00000000
75 53 4 1.00000000
75 53 5 1.00000000
75 54 3 1.00000000
75 54 4 1.00000000
75 54 5 1.00000000
75 54 8 1.00000000
75 55 4 1.00000000
75 55 5 1.00000000
75 55 8 1.00000000
75 55 9 1.00000000
75 56 11 1.00000000
75 56 12 1.00000000
75 56 13 1.00000000
75 56 16 1.00000000
75 56 21 1.00000000
75 56 24 1.00000000
75 56 25 1.00000000
75 56 26 1.00000000
75 57 12 1.00000000
75 57 13 1.00000000
75 57 16 1.00000000
75 57 17 1.00000000
75 57 24 1.00000000
75 57 25 1.00000000
75 57 26 1.00000000
75 57 27 1.00000000
75 58 13 1.00000000
75 58 16 1.00000000
75 58 17 1.00000000
75 58 18 1.00000000
75 58 25 1.00000000
75 58 26 1.00000000
75 58 27 1.00000000
75 58 28 1.00000000
75 59 16 1.00000000
75 59 17 1.00000000
75 59 18 1.00000000
75 59 19 1.00000000
75 59 26 1.00000000
75 59 27 1.00000000
75 59 28 1.00000000
75 59 29 1.00000000
75 60 17 1.00000000
75 60 18 1.00000000
75 60 19 1.00000000
75 60 20 1.00000000
75 61 18 1.00000000
75 61 19 1.00000000
75 61 20 1.00000000
75 61 21 1.00000000
75 62 19 1.00000000
75 62 20 1.00000000
75 62 21 1.00000000
75 62 24 1.00000000
75 63 20 1.00000000
75 63 21 1.00000000
75 63 24 1.00000000
75 63 25 1.00000000
76 0 0 1.10000000
76 0 5 1.00000000
76 0 8 1.00000000
76 0 9 1.00000000
76 0 10 1.00000000
76 0 43 1.00000000
76 0 44 1.00000000
76 0 45 1.00000000
76 1 0 1.00000000
76 1 1 1.10000000
76 1 8 1.00000000
76 1 9 1.00000000
76 1 10 1.00000000
76 1 11 1.00000000
76 1 44 1.00000000
76 1 45 1.00000000
76 2 0 1.00000000
76 2 1 1.00000000
76 2 2 1.10000000
76 2 9 1.00000000
76 2 10 1.00000000
76 2 11 1.00000000
76 2 12 1.00000000
76 2 45 1.00000000
76 3 0 1.00000000
76 3 1 1.00000000
76 3 2 1.00000000
76 3 3 1.10000000
76 3 10 1.00000000
76 3 11 1.00000000
76 3 12 1.00000000
76 3 13 1.00000000
76 4 1 1.00000000
76 4 2 1.00000000
76 4 3 1.00000000
76 4 4 1.10000000
76 5 2 1.00000000
76 5 3 1.00000000
76 5 4 1.00000000
76 5 5 1.10000000
76 6 3 1.00000000
76 6 4 1.00000000
76 6 5 1.00000000
76 6 8 1.00000000
76 7 4 1.00000000
76 7 5 1.00000000
76 7 8 1.00000000
76 7 9 1.00000000
76 8 8 0.10000000
76 8 11 1.00000000
76 8 12 1.00000000
76 8 13 1.00000000
76 8 16 1.00000000
76 8 21 1.00000000
76 8 24 1.00000000
76 8 25 1.00000000
76 8 26 1.00000000
76 9 9 0.10000000
76 9 12 1.00000000
76 9 13 1.00000000
76 9 16 1.00000000
76 9 17 1.00000000
76 9 24 1.00000000
76 9 25 1.00000000
76 9 26 1.00000000
76 9 27 1.00000000
76 10 10 0.10000000
76 10 13 1.00000000
76 10 16 1.00000000
76 10 17 1.00000000
76 10 18 1.00000000
76 10 25 1.00000000
76 10 26 1.00000000
76 10 27 1.00000000
76 10 28 1.00000000
76 11 11 0.10000000
76 11 16 1.00000000
76 11 17 1.00000000
76 11 18 1.00000000
76 11 19 1.00000000
76 11 26 1.00000000
76 11 27 1.00000000
76 11 28 1.00000000
76 11 29 1.00000000
76 12 12 0.10000000
76 12 17 1.00000000
76 12 18 1.00000000
76 12 19 1.00000000
76 12 20 1.00000000
76 13 13 0.10000000
76 13 18 1.00000000
76 13 19 1.00000000
76 13 20 1.00000000
76 13 21 1.00000000
76 14 19 1.00000000
76 14 20 1.00000000
76 14 21 1.00000000
76 14 24 1.00000000
76 15 20 1.00000000
76 15 21 1.00000000
76 15 24 1.00000000
76 15 25 1.00000000
76 16 16 0.05000000
76 16 26 1.00000000
76 16 27 1.00000000
76 16 28 1.00000000
76 16 29 1.00000000
76 16 32 1.00000000
76 16 37 1.00000000
76 16 40 1.00000000
76 16 41 1.00000000
76 16 42 1.00000000
76 17 17 0.05000000
76 17 26 1.00000000
76 17 27 1.00000000
76 17 28 1.00000000
76 17 29 1.00000000
76 17 32 1.00000000
76 17 33 1.00000000
76 17 40 1.00000000
76 17 41 1.00000000
76 17 42 1.00000000
76 17 43 1.00000000
76 18 18 0.05000000
76 18 26 1.00000000
76 18 27 1.00000000
76 18 28 1.00000000
76 18 29 1.00000000
76 18 32 1.00000000
76 18 33 1.00000000
76 18 34 1.00000000
76 18 41 1.00000000
76 18 42 1.00000000
76 18 43 1.00000000
76 18 44 1.00000000
76 19 19 0.05000000
76 19 26 1.00000000
76 19 27 1.00000000
76 19 28 1.00000000
76 19 29 1.00000000
76 19 32 1.00000000
76 19 33 1.00000000
76 19 34 1.00000000
76 19 35 1.00000000
76 19 42 1.00000000
76 19 43 1.00000000
76 19 44 1.00000000
76 19 45 1.00000000
76 20 20 0.05000000
76 20 33 1.00000000
76 20 34 1.00000000
76 20 35 1.00000000
76 20 36 1.00000000
76 21 21 0.05000000
76 21 34 1.00000000
76 21 35 1.00000000
76 21 36 1.00000000
76 21 37 1.00000000
76 22 35 1.00000000
76 22 36 1.00000000
76 22 37 1.00000000
76 22 40 1.00000000
76 23 36 1.00000000
76 23 37 1.00000000
76 23 40 1.00000000
76 23 41 1.00000000
76 24 0 1.00000000
76 24 5 1.00000000
76 24 8 1.00000000
76 24 9 1.00000000
76 24 10 1.00000000
76 24 24 0.05000000
76 24 27 1.00000000
76 24 28 1.00000000
76 24 29 1.00000000
76 24 32 1.00000000
76 24 37 1.00000000
76 24 40 1.00000000
76 24 41 1.00000000
76 24 42 1.00000000
76 24 43 1.00000000
76 24 44 1.00000000
76 24 45 1.00000000
76 25 0 1.00000000
76 25 1 1.00000000
76 25 8 1.00000000
76 25 9 1.00000000
76 25 10 1.00000000
76 25 11 1.00000000
76 25 25 0.05000000
76 25 28 1.00000000
76 25 29 1.00000000
76 25 32 1.00000000
76 25 33 1.00000000
76 25 40 1.00000000
76 25 41 1.00000000
76 25 42 1.00000000
76 25 43 1.00000000
76 25 44 1.00000000
76 25 45 1.00000000
76 26 0 1.00000000
76 26 1 1.00000000
76 26 2 1.00000000
76 26 9 1.00000000
76 26 10 1.00000000
76 26 11 1.00000000
76 26 12 1.00000000
76 26 26 0.10000000
76 26 29 1.00000000
76 26 32 1.00000000
76 26 33 1.00000000
76 26 34 1.00000000
76 26 41 1.00000000
76 26 42 1.00000000
76 26 43 1.00000000
76 26 44 1.00000000
76 26 45 1.00000000
76 27 0 1.00000000
76 27 1 1.00000000
76 27 2 1.00000000
76 27 3 1.00000000
76 27 10 1.00000000
76 27 11 1.00000000
76 27 12 1.00000000
76 27 13 1.00000000
76 27 27 0.10000000
76 27 32 1.00000000
76 27 33 1.00000000
76 27 34 1.00000000
76 27 35 1.00000000
76 27 42 1.00000000
76 27 43 1.00000000
76 27 44 1.00000000
76 27 45 1.00000000
76 28 1 1.00000000
76 28 2 1.00000000
76 28 3 1.00000000
76 28 4 1.00000000
76 28 28 0.10000000
76 28 33 1.00000000
76 28 34 1.00000000
76 28 35 1.00000000
76 28 36 1.00000000
76 29 2 1.00000000
76 29 3 1.00000000
76 29 4 1.00000000
76 29 5 1.00000000
76 29 29 0.10000000
76 29 34 1.00000000
76 29 35 1.00000000
76 29 36 1.00000000
76 29 37 1.00000000
76 30 3 1.00000000
76 30 4 1.00000000
76 30 5 1.00000000
76 30 8 1.00000000
76 30 35 1.00000000
76 30 36 1.00000000
76 30 37 1.00000000
76 30 40 1.00000000
76 31 4 1.00000000
76 31 5 1.00000000
76 31 8 1.00000000
76 31 9 1.00000000
76 31 36 1.00000000
76 31 37 1.00000000
76 31 40 1.00000000
76 31 41 1.00000000
76 32 11 1.00000000
76 32 12 1.00000000
76 32 13 1.00000000
76 32 32 0.10000000
76 33 12 1.00000000
76 33 13 1.00000000
76 33 33 0.10000000
76 34 13 1.00000000
76 34 34 0.10000000
76 35 35 0.10000000
76 36 36 0.10000000
76 37 37 0.10000000
76 40 40 0.10000000
76 41 41 0.10000000
76 42 42 0.10000000
76 43 43 0.10000000
76 44 44 0.10000000
76 45 45 0.10000000
77 0 0 0.10000000
77 0 27 1.00000000
77 0 28 1.00000000
77 0 29 1.00000000
77 0 32 1.00000000
77 0 37 1.00000000
77 0 40 1.00000000
77 0 41 1.00000000
77 0 42 1.00000000
77 1 1 0.10000000
77 1 28 1.00000000
77 1 29 1.00000000
77 1 32 1.00000000
77 1 33 1.00000000
77 1 40 1.00000000
77 1 41 1.00000000
77 1 42 1.00000000
77 1 43 1.00000000
77 2 2 0.10000000
77 2 29 1.00000000
77 2 32 1.00000000
77 2 33 1.00000000
77 2 34 1.00000000
77 2 41 1.00000000
77 2 42 1.00000000
77 2 43 1.00000000
77 2 44 1.00000000
77 3 3 0.10000000
77 3 32 1.00000000
77 3 33 1.00000000
77 3 34 1.00000000
77 3 35 1.00000000
77 3 42 1.00000000
77 3 43 1.00000000
77 3 44 1.00000000
77 3 45 1.00000000
77 4 4 0.05000000
77 4 33 1.00000000
77 4 34 1.00000000
77 4 35 1.00000000
77 4 36 1.00000000
77 5 5 0.05000000
77 5 34 1.00000000
77 5 35 1.00000000
77 5 36 1.00000000
77 5 37 1.00000000
77 6 35 1.00000000
77 6 36 1.00000000
77 6 37 1.00000000
77 6 40 1.00000000
77 7 36 1.00000000
77 7 37 1.00000000
77 7 40 1.00000000
77 7 41 1.00000000
77 8 0 1.00000000
77 8 8 0.05000000
77 8 43 1.00000000
77 8 44 1.00000000
77 8 45 1.00000000
77 9 0 1.00000000
77 9 1 1.00000000
77 9 9 0.05000000
77 9 44 1.00000000
77 9 45 1.00000000
77 10 0 1.00000000
77 10 1 1.00000000
77 10 2 1.00000000
77 10 10 0.05000000
77 10 45 1.00000000
77 11 0 1.00000000
77 11 1 1.00000000
77 11 2 1.00000000
77 11 3 1.00000000
77 11 11 0.05000000
77 12 1 1.00000000
77 12 2 1.00000000
77 12 3 1.00000000
77 12 12 0.05000000
77 13 2 1.00000000
77 13 3 1.00000000
77 13 13 0.05000000
77 14 3 1.00000000
77 16 16 0.10000000
77 17 17 0.10000000
77 18 18 0.10000000
77 19 19 0.10000000
77 20 20 0.10000000
77 21 21 0.10000000
77 24 24 0.10000000
77 25 25 0.10000000
77 26 26 0.10000000
77 27 27 0.10000000
77 28 28 0.10000000
77 29 29 0.10000000
77 32 16 1.00000000
77 32 21 1.00000000
77 32 24 1.00000000
77 32 25 1.00000000
77 32 26 1.00000000
77 32 32 0.10000000
77 33 16 1.00000000
77 33 17 1.00000000
77 33 24 1.00000000
77 33 25 1.00000000
77 33 26 1.00000000
77 33 27 1.00000000
77 33 33 0.10000000
77 34 16 1.00000000
77 34 17 1.00000000
77 34 18 1.00000000
77 34 25 1.00000000
77 34 26 1.00000000
77 34 27 1.00000000
77 34 28 1.00000000
77 34 34 0.10000000
77 35 16 1.00000000
77 35 17 1.00000000
77 35 18 1.00000000
77 35 19 1.00000000
77 35 26 1.00000000
77 35 27 1.00000000
77 35 28 1.00000000
77 35 29 1.00000000
77 35 35 0.10000000
77 36 17 1.00000000
77 36 18 1.00000000
77 36 19 1.00000000
77 36 20 1.00000000
77 36 36 0.10000000
77 37 18 1.00000000
77 37 19 1.00000000
77 37 20 1.00000000
77 37 21 1.00000000
77 37 37 0.10000000
77 38 19 1.00000000
77 38 20 1.00000000
77 38 21 1.00000000
77 38 24 1.00000000
77 39 20 1.00000000
77 39 21 1.00000000
77 39 24 1.00000000
77 39 25 1.00000000
77 40 27 1.00000000
77 40 28 1.00000000
77 40 29 1.00000000
77 40 32 1.00000000
77 40 37 1.00000000
77 40 40 1.10000000
77 40 41 1.00000000
77 40 42 1.00000000
77 41 28 1.00000000
77 41 29 1.00000000
77 41 32 1.00000000
77 41 33 1.00000000
77 41 40 1.00000000
77 41 41 1.10000000
77 41 42 1.00000000
77 41 43 1.00000000
77 42 29 1.00000000
77 42 32 1.00000000
77 42 33 1.00000000
77 42 34 1.00000000
77 42 41 1.00000000
77 42 42 1.10000000
77 42 43 1.00000000
77 42 44 1.00000000
77 43 32 1.00000000
77 43 33 1.00000000
77 43 34 1.00000000
77 43 35 1.00000000
77 43 42 1.00000000
77 43 43 1.10000000
77 43 44 1.00000000
77 43 45 1.00000000
77 44 33 1.00000000
77 44 34 1.00000000
77 44 35 1.00000000
77 44 36 1.00000000
77 44 44 0.10000000
77 45 34 1.00000000
77 45 35 1.00000000
77 45 36 1.00000000
77 45 37 1.00000000
77 45 45 0.10000000
77 46 35 1.00000000
77 46 36 1.00000000
77 46 37 1.00000000
77 46 40 1.00000000
77 47 36 1.00000000
77 47 37 1.00000000
77 47 40 1.00000000
77 47 41 1.00000000
77 48 0 1.00000000
77 48 5 1.00000000
77 48 8 1.00000000
77 48 9 1.00000000
77 48 10 1.00000000
77 48 43 1.00000000
77 48 44 1.00000000
77 48 45 1.00000000
77 49 0 1.00000000
77 49 1 1.00000000
77 49 8 1.00000000
77 49 9 1.00000000
77 49 10 1.00000000
77 49 11 1.00000000
77 49 44 1.00000000
77 49 45 1.00000000
77 50 0 1.00000000
77 50 1 1.00000000
77 50 2 1.00000000
77 50 9 1.00000000
77 50 10 1.00000000
77 50 11 1.00000000
77 50 12 1.00000000
77 50 45 1.00000000
77 51 0 1.00000000
77 51 1 1.00000000
77 51 2 1.00000000
77 51 3 1.00000000
77 51 10 1.00000000
77 51 11 1.00000000
77 51 12 1.00000000
77 51 13 1.00000000
77 52 1 1.00000000
77 52 2 1.00000000
77 52 3 1.00000000
77 52 4 1.00000000
77 53 2 1.00000000
77 53 3 1.00000000
77 53 4 1.00000000
77 53 5 1.00000000
77 54 3 1.00000000
77 54 4 1.00000000
77 54 5 1.00000000
77 54 8 1.00000000
77 55 4 1.00000000
77 55 5 1.00000000
77 55 8 1.00000000
77 55 9 1.00000000
77 56 11 1.00000000
77 56 12 1.00000000
77 56 13 1.00000000
77 56 16 1.00000000
77 56 21 1.00000000
77 56 24 1.00000000
77 56 25 1.00000000
77 56 26 1.00000000
77 57 12 1.00000000
77 57 13 1.00000000
77 57 16 1.00000000
77 57 17 1.00000000
77 57 24 1.00000000
77 57 25 1.00000000
77 57 26 1.00000000
77 57 27 1.00000000
77 58 13 1.00000000
77 58 16 1.00000000
77 58 17 1.00000000
77 58 18 1.00000000
77 58 25 1.00000000
77 58 26 1.00000000
77 58 27 1.00000000
77 58 28 1.00000000
77 59 16 1.00000000
77 59 17 1.00000000
77 59 18 1.00000000
77 59 19 1.00000000
77 59 26 1.00000000
77 59 27 1.00000000
77 59 28 1.00000000
77 59 29 1.00000000
77 60 17 1.00000000
77 60 18 1.00000000
77 60 19 1.00000000
77 60 20 1.00000000
77 61 18 1.00000000
77 61 19 1.00000000
77 61 20 1.00000000
77 61 21 1.00000000
77 62 19 1.00000000
77 62 20 1.00000000
77 62 21 1.00000000
77 62 24 1.00000000
77 63 20 1.00000000
77 63 21 1.00000000
77 63 24 1.00000000
77 63 25 1.00000000
78 0 0 1.05000000
78 0 5 1.00000000
78 0 8 1.00000000
78 0 9 1.00000000
78 0 10 1.00000000
78 0 43 1.00000000
78 0 44 1.00000000
78 0 45 1.00000000
78 1 0 1.00000000
78 1 1 1.05000000
78 1 8 1.00000000
78 1 9 1.00000000
78 1 10 1.00000000
78 1 11 1.00000000
78 1 44 1.00000000
78 1 45 1.00000000
78 2 0 1.00000000
78 2 1 1.00000000
78 2 2 1.05000000
78 2 9 1.00000000
78 2 10 1.00000000
78 2 11 1.00000000
78 2 12 1.00000000
78 2 45 1.00000000
78 3 0 1.00000000
78 3 1 1.00000000
78 3 2 1.00000000
78 3 3 1.05000000
78 3 10 1.00000000
78 3 11 1.00000000
78 3 12 1.00000000
78 3 13 1.00000000
78 4 1 1.00000000
78 4 2 1.00000000
78 4 3 1.00000000
78 4 4 1.10000000
78 5 2 1.00000000
78 5 3 1.00000000
78 5 4 1.00000000
78 5 5 1.10000000
78 6 3 1.00000000
78 6 4 1.00000000
78 6 5 1.00000000
78 6 8 1.00000000
78 7 4 1.00000000
78 7 5 1.00000000
78 7 8 1.00000000
78 7 9 1.00000000
78 8 5 1.00000000
78 8 8 1.10000000
78 8 9 1.00000000
78 8 10 1.00000000
78 8 11 1.00000000
78 8 12 1.00000000
78 8 13 1.00000000
78 8 16 1.00000000
78 8 21 1.00000000
78 8 24 1.00000000
78 8 25 1.00000000
78 8 26 1.00000000
78 9 8 1.00000000
78 9 9 1.10000000
78 9 10 1.00000000
78 9 11 1.00000000
78 9 12 1.00000000
78 9 13 1.00000000
78 9 16 1.00000000
78 9 17 1.00000000
78 9 24 1.00000000
78 9 25 1.00000000
78 9 26 1.00000000
78 9 27 1.00000000
78 10 9 1.00000000
78 10 10 1.10000000
78 10 11 1.00000000
78 10 12 1.00000000
78 10 13 1.00000000
78 10 16 1.00000000
78 10 17 1.00000000
78 10 18 1.00000000
78 10 25 1.00000000
78 10 26 1.00000000
78 10 27 1.00000000
78 10 28 1.00000000
78 11 10 1.00000000
78 11 11 1.10000000
78 11 12 1.00000000
78 11 13 1.00000000
78 11 16 1.00000000
78 11 17 1.00000000
78 11 18 1.00000000
78 11 19 1.00000000
78 11 26 1.00000000
78 11 27 1.00000000
78 11 28 1.00000000
78 11 29 1.00000000
78 12 4 1.00000000
78 12 12 0.10000000
78 12 17 1.00000000
78 12 18 1.00000000
78 12 19 1.00000000
78 12 20 1.00000000
78 13 4 1.00000000
78 13 5 1.00000000
78 13 13 0.10000000
78 13 18 1.00000000
78 13 19 1.00000000
78 13 20 1.00000000
78 13 21 1.00000000
78 14 4 1.00000000
78 14 5 1.00000000
78 14 8 1.00000000
78 14 19 1.00000000
78 14 20 1.00000000
78 14 21 1.00000000
78 14 24 1.00000000
78 15 4 1.00000000
78 15 5 1.00000000
78 15 8 1.00000000
78 15 9 1.00000000
78 15 20 1.00000000
78 15 21 1.00000000
78 15 24 1.00000000
78 15 25 1.00000000
78 16 11 1.00000000
78 16 12 1.00000000
78 16 13 1.00000000
78 16 16 1.10000000
78 16 21 1.00000000
78 16 24 1.00000000
78 16 25 1.00000000
78 16 26 1.00000000
78 16 27 1.00000000
78 16 28 1.00000000
78 16 29 1.00000000
78 16 32 1.00000000
78 16 37 1.00000000
78 16 40 1.00000000
78 16 41 1.00000000
78 17 12 1.00000000
78 17 13 1.00000000
78 17 16 1.00000000
78 17 17 1.10000000
78 17 24 1.00000000
78 17 25 1.00000000
78 17 26 1.00000000
78 17 27 1.00000000
78 17 28 1.00000000
78 17 29 1.00000000
78 17 32 1.00000000
78 17 33 1.00000000
78 17 40 1.00000000
78 17 41 1.00000000
78 18 13 1.00000000
78 18 16 1.00000000
78 18 17 1.00000000
78 18 18 1.10000000
78 18 25 1.00000000
78 18 26 1.00000000
78 18 27 1.00000000
78 18 28 1.00000000
78 18 29 1.00000000
78 18 32 1.00000000
78 18 33 1.00000000
78 18 34 1.00000000
78 18 41 1.00000000
78 19 16 1.00000000
78 19 17 1.00000000
78 19 18 1.00000000
78 19 19 1.10000000
78 19 26 1.00000000
78 19 27 1.00000000
78 19 28 1.00000000
78 19 29 1.00000000
78 19 32 1.00000000
78 19 33 1.00000000
78 19 34 1.00000000
78 19 35 1.00000000
78 20 17 1.00000000
78 20 18 1.00000000
78 20 19 1.00000000
78 20 20 1.10000000
78 20 33 1.00000000
78 20 34 1.00000000
78 20 35 1.00000000
78 20 36 1.00000000
78 21 18 1.00000000
78 21 19 1.00000000
78 21 20 1.00000000
78 21 21 1.10000000
78 21 34 1.00000000
78 21 35 1.00000000
78 21 36 1.00000000
78 21 37 1.00000000
78 22 19 1.00000000
78 22 20 1.00000000
78 22 21 1.00000000
78 22 24 1.00000000
78 22 35 1.00000000
78 22 36 1.00000000
78 22 37 1.00000000
78 22 40 1.00000000
78 23 20 1.00000000
78 23 21 1.00000000
78 23 24 1.00000000
78 23 25 1.00000000
78 23 36 1.00000000
78 23 37 1.00000000
78 23 40 1.00000000
78 23 41 1.00000000
78 24 24 0.10000000
78 24 27 1.00000000
78 24 28 1.00000000
78 24 29 1.00000000
78 24 32 1.00000000
78 24 37 1.00000000
78 24 40 1.00000000
78 24 41 1.00000000
78 24 42 1.00000000
78 25 25 0.10000000
78 25 28 1.00000000
78 25 29 1.00000000
78 25 32 1.00000000
78 25 33 1.00000000
78 25 40 1.00000000
78 25 41 1.00000000
78 25 42 1.00000000
78 25 43 1.00000000
78 26 26 0.10000000
78 26 29 1.00000000
78 26 32 1.00000000
78 26 33 1.00000000
78 26 34 1.00000000
78 26 41 1.00000000
78 26 42 1.00000000
78 26 43 1.00000000
78 26 44 1.00000000
78 27 27 0.10000000
78 27 32 1.00000000
78 27 33 1.00000000
78 27 34 1.00000000
78 27 35 1.00000000
78 27 42 1.00000000
78 27 43 1.00000000
78 27 44 1.00000000
78 27 45 1.00000000
78 28 28 0.10000000
78 28 33 1.00000000
78 28 34 1.00000000
78 28 35 1.00000000
78 28 36 1.00000000
78 29 29 0.10000000
78 29 34 1.00000000
78 29 35 1.00000000
78 29 36 1.00000000
78 29 37 1.00000000
78 30 35 1.00000000
78 30 36 1.00000000
78 30 37 1.00000000
78 30 40 1.00000000
78 31 36 1.00000000
78 31 37 1.00000000
78 31 40 1.00000000
78 31 41 1.00000000
78 32 32 0.10000000
78 33 33 0.10000000
78 34 34 0.10000000
78 35 35 0.10000000
78 36 36 0.10000000
78 37 37 0.10000000
78 40 40 0.10000000
78 41 41 0.10000000
78 42 42 0.05000000
78 43 43 0.05000000
78 44 44 0.05000000
78 45 45 0.05000000
79 0 0 0.10000000
79 0 27 1.00000000
79 0 28 1.00000000
79 0 29 1.00000000
79 1 1 0.10000000
79 1 28 1.00000000
79 1 29 1.00000000
79 2 2 0.10000000
79 2 29 1.00000000
79 3 3 0.10000000
79 4 4 0.10000000
79 5 5 0.10000000
79 8 8 0.10000000
79 9 9 0.10000000
79 10 10 0.10000000
79 11 11 0.10000000
79 12 12 0.10000000
79 13 13 0.10000000
79 16 16 0.10000000
79 16 42 1.00000000
79 17 17 0.10000000
79 17 42 1.00000000
79 17 43 1.00000000
79 18 18 0.10000000
79 18 42 1.00000000
79 18 43 1.00000000
79 18 44 1.00000000
79 19 19 0.10000000
79 19 42 1.00000000
79 19 43 1.00000000
79 19 44 1.00000000
79 19 45 1.00000000
79 20 20 0.10000000
79 21 21 0.10000000
79 24 0 1.00000000
79 24 5 1.00000000
79 24 8 1.00000000
79 24 9 1.00000000
79 24 10 1.00000000
79 24 24 0.10000000
79 24 43 1.00000000
79 24 44 1.00000000
79 24 45 1.00000000
79 25 0 1.00000000
79 25 1 1.00000000
79 25 8 1.00000000
79 25 9 1.00000000
79 25 10 1.00000000
79 25 11 1.00000000
79 25 25 0.10000000
79 25 44 1.00000000
79 25 45 1.00000000
79 26 0 1.00000000
79 26 1 1.00000000
79 26 2 1.00000000
79 26 9 1.00000000
79 26 10 1.00000000
79 26 11 1.00000000
79 26 12 1.00000000
79 26 26 0.10000000
79 26 45 1.00000000
79 27 0 1.00000000
79 27 1 1.00000000
79 27 2 1.00000000
79 27 3 1.00000000
79 27 10 1.00000000
79 27 11 1.00000000
79 27 12 1.00000000
79 27 13 1.00000000
79 27 27 0.10000000
79 28 1 1.00000000
79 28 2 1.00000000
79 28 3 1.00000000
79 28 4 1.00000000
79 28 28 0.10000000
79 29 2 1.00000000
79 29 3 1.00000000
79 29 4 1.00000000
79 29 5 1.00000000
79 29 29 0.10000000
79 30 3 1.00000000
79 30 4 1.00000000
79 30 5 1.00000000
79 30 8 1.00000000
79 31 4 1.00000000
79 31 5 1.00000000
79 31 8 1.00000000
79 31 9 1.00000000
79 32 11 1.00000000
79 32 12 1.00000000
79 32 13 1.00000000
79 32 16 1.00000000
79 32 21 1.00000000
79 32 24 1.00000000
79 32 25 1.00000000
79 32 26 1.00000000
79 32 32 0.05000000
79 33 12 1.00000000
79 33 13 1.00000000
79 33 16 1.00000000
79 33 17 1.00000000
79 33 24 1.00000000
79 33 25 1.00000000
79 33 26 1.00000000
79 33 27 1.00000000
79 33 33 0.05000000
79 34 13 1.00000000
79 34 16 1.00000000
79 34 17 1.00000000
79 34 18 1.00000000
79 34 25 1.00000000
79 34 26 1.00000000
79 34 27 1.00000000
79 34 28 1.00000000
79 34 34 0.05000000
79 35 16 1.00000000
79 35 17 1.00000000
79 35 18 1.00000000
79 35 19 1.00000000
79 35 26 1.00000000
79 35 27 1.00000000
79 35 28 1.00000000
79 35 29 1.00000000
79 35 35 0.05000000
79 36 17 1.00000000
79 36 18 1.00000000
79 36 19 1.00000000
79 36 20 1.00000000
79 36 36 0.05000000
79 37 18 1.00000000
79 37 19 1.00000000
79 37 20 1.00000000
79 37 21 1.00000000
79 37 37 0.05000000
79 38 19 1.00000000
79 38 20 1.00000000
79 38 21 1.00000000
79 38 24 1.00000000
79 39 20 1.00000000
79 39 21 1.00000000
79 39 24 1.00000000
79 39 25 1.00000000
79 40 27 1.00000000
79 40 28 1.00000000
79 40 29 1.00000000
79 40 32 1.00000000
79 40 37 1.00000000
79 40 40 1.05000000
79 40 41 1.00000000
79 40 42 1.00000000
79 41 28 1.00000000
79 41 29 1.00000000
79 41 32 1.00000000
79 41 33 1.00000000
79 41 40 1.00000000
79 41 41 1.05000000
79 41 42 1.00000000
79 41 43 1.00000000
79 42 29 1.00000000
79 42 32 1.00000000
79 42 33 1.00000000
79 42 34 1.00000000
79 42 41 1.00000000
79 42 42 1.10000000
79 42 43 1.00000000
79 42 44 1.00000000
79 43 32 1.00000000
79 43 33 1.00000000
79 43 34 1.00000000
79 43 35 1.00000000
79 43 42 1.00000000
79 43 43 1.10000000
79 43 44 1.00000000
79 43 45 1.00000000
79 44 33 1.00000000
79 44 34 1.00000000
79 44 35 1.00000000
79 44 36 1.00000000
79 44 44 0.10000000
79 45 34 1.00000000
79 45 35 1.00000000
79 45 36 1.00000000
79 45 37 1.00000000
79 45 45 0.10000000
79 46 35 1.00000000
79 46 36 1.00000000
79 46 37 1.00000000
79 46 40 1.00000000
79 47 36 1.00000000
79 47 37 1.00000000
79 47 40 1.00000000
79 47 41 1.00000000
79 48 0 1.00000000
79 48 5 1.00000000
79 48 8 1.00000000
79 48 9 1.00000000
79 48 10 1.00000000
79 48 43 1.00000000
79 48 44 1.00000000
79 48 45 1.00000000
79 49 0 1.00000000
79 49 1 1.00000000
79 49 8 1.00000000
79 49 9 1.00000000
79 49 10 1.00000000
79 49 11 1.00000000
79 49 44 1.00000000
79 49 45 1.00000000
79 50 0 1.00000000
79 50 1 1.00000000
79 50 2 1.00000000
79 50 9 1.00000000
79 50 10 1.00000000
79 50 11 1.00000000
79 50 12 1.00000000
79 50 45 1.00000000
79 51 0 1.00000000
79 51 1 1.00000000
79 51 2 1.00000000
79 51 3 1.00000000
79 51 10 1.00000000
79 51 11 1.00000000
79 51 12 1.00000000
79 51 13 1.00000000
79 52 1 1.00000000
79 52 2 1.00000000
79 52 3 1.00000000
79 52 4 1.00000000
79 53 2 1.00000000
79 53 3 1.00000000
79 53 4 1.00000000
79 53 5 1.00000000
79 54 3 1.00000000
79 54 4 1.00000000
79 54 5 1.00000000
79 54 8 1.00000000
79 55 4 1.00000000
79 55 5 1.00000000
79 55 8 1.00000000
79 55 9 1.00000000
79 56 11 1.00000000
79 56 12 1.00000000
79 56 13 1.00000000
79 56 16 1.00000000
79 56 21 1.00000000
79 56 24 1.00000000
79 56 25 1.00000000
79 56 26 1.00000000
79 57 12 1.00000000
79 57 13 1.00000000
79 57 16 1.00000000
79 57 17 1.00000000
79 57 24 1.00000000
79 57 25 1.00000000
79 57 26 1.00000000
79 57 27 1.00000000
79 58 13 1.00000000
79 58 16 1.00000000
79 58 17 1.00000000
79 58 18 1.00000000
79 58 25 1.00000000
79 58 26 1.00000000
79 58 27 1.00000000
79 58 28 1.00000000
79 59 16 1.00000000
79 59 17 1.00000000
79 59 18 1.00000000
79 59 19 1.00000000
79 59 26 1.00000000
79 59 27 1.00000000
79 59 28 1.00000000
79 59 29 1.00000000
79 60 17 1.00000000
79 60 18 1.00000000
79 60 19 1.00000000
79 60 20 1.00000000
79 61 18 1.00000000
79 61 19 1.00000000
79 61 20 1.00000000
79 61 21 1.00000000
79 62 19 1.00000000
79 62 20 1.00000000
79 62 21 1.00000000
79 62 24 1.00000000
79 63 20 1.00000000
79 63 21 1.00000000
79 63 24 1.00000000
79 63 25 1.00000000
80 0 0 1.10000000
80 0 5 1.00000000
80 0 8 1.00000000
80 0 9 1.00000000
80 0 10 1.00000000
80 0 32 1.00000000
80 0 37 1.00000000
80 0 40 1.00000000
80 0 41 1.00000000
80 0 42 1.00000000
80 0 43 1.00000000
80 0 44 1.00000000
80 0 45 1.00000000
80 1 0 1.00000000
80 1 1 1.10000000
80 1 8 1.00000000
80 1 9 1.00000000
80 1 10 1.00000000
80 1 11 1.00000000
80 1 32 1.00000000
80 1 33 1.00000000
80 1 40 1.00000000
80 1 41 1.00000000
80 1 42 1.00000000
80 1 43 1.00000000
80 1 44 1.00000000
80 1 45 1.00000000
80 2 0 1.00000000
80 2 1 1.00000000
80 2 2 1.10000000
80 2 9 1.00000000
80 2 10 1.00000000
80 2 11 1.00000000
80 2 12 1.00000000
80 2 32 1.00000000
80 2 33 1.00000000
80 2 34 1.00000000
80 2 41 1.00000000
80 2 42 1.00000000
80 2 43 1.00000000
80 2 44 1.00000000
80 2 45 1.00000000
80 3 0 1.00000000
80 3 1 1.00000000
80 3 2 1.00000000
80 3 3 1.10000000
80 3 10 1.00000000
80 3 11 1.00000000
80 3 12 1.00000000
80 3 13 1.00000000
80 3 32 1.00000000
80 3 33 1.00000000
80 3 34 1.00000000
80 3 35 1.00000000
80 3 42 1.00000000
80 3 43 1.00000000
80 3 44 1.00000000
80 3 45 1.00000000
80 4 1 1.00000000
80 4 2 1.00000000
80 4 3 1.00000000
80 4 4 1.10000000
80 4 33 1.00000000
80 4 34 1.00000000
80 4 35 1.00000000
80 4 36 1.00000000
80 5 2 1.00000000
80 5 3 1.00000000
80 5 4 1.00000000
80 5 5 1.10000000
80 5 34 1.00000000
80 5 35 1.00000000
80 5 36 1.00000000
80 5 37 1.00000000
80 6 3 1.00000000
80 6 4 1.00000000
80 6 5 1.00000000
80 6 8 1.00000000
80 6 35 1.00000000
80 6 36 1.00000000
80 6 37 1.00000000
80 6 40 1.00000000
80 7 4 1.00000000
80 7 5 1.00000000
80 7 8 1.00000000
80 7 9 1.00000000
80 7 36 1.00000000
80 7 37 1.00000000
80 7 40 1.00000000
80 7 41 1.00000000
80 8 0 1.00000000
80 8 5 1.00000000
80 8 8 1.10000000
80 8 9 1.00000000
80 8 10 1.00000000
80 8 11 1.00000000
80 8 12 1.00000000
80 8 13 1.00000000
80 8 16 1.00000000
80 8 43 1.00000000
80 8 44 1.00000000
80 8 45 1.00000000
80 9 0 1.00000000
80 9 1 1.00000000
80 9 8 1.00000000
80 9 9 1.10000000
80 9 10 1.00000000
80 9 11 1.00000000
80 9 12 1.00000000
80 9 13 1.00000000
80 9 16 1.00000000
80 9 17 1.00000000
80 9 44 1.00000000
80 9 45 1.00000000
80 10 0 1.00000000
80 10 1 1.00000000
80 10 2 1.00000000
80 10 9 1.00000000
80 10 10 1.10000000
80 10 11 1.00000000
80 10 12 1.00000000
80 10 13 1.00000000
80 10 16 1.00000000
80 10 17 1.00000000
80 10 18 1.00000000
80 10 45 1.00000000
80 11 0 1.00000000
80 11 1 1.00000000
80 11 2 1.00000000
80 11 3 1.00000000
80 11 10 1.00000000
80 11 11 1.10000000
80 11 12 1.00000000
80 11 13 1.00000000
80 11 16 1.00000000
80 11 17 1.00000000
80 11 18 1.00000000
80 11 19 1.00000000
80 12 1 1.00000000
80 12 2 1.00000000
80 12 3 1.00000000
80 12 4 1.00000000
80 12 12 0.10000000
80 12 17 1.00000000
80 12 18 1.00000000
80 12 19 1.00000000
80 13 2 1.00000000
80 13 3 1.00000000
80 13 4 1.00000000
80 13 5 1.00000000
80 13 13 0.10000000
80 13 18 1.00000000
80 13 19 1.00000000
80 14 3 1.00000000
80 14 4 1.00000000
80 14 5 1.00000000
80 14 8 1.00000000
80 14 19 1.00000000
80 15 4 1.00000000
80 15 5 1.00000000
80 15 8 1.00000000
80 15 9 1.00000000
80 16 11 1.00000000
80 16 12 1.00000000
80 16 13 1.00000000
80 16 16 1.10000000
80 16 21 1.00000000
80 16 24 1.00000000
80 16 25 1.00000000
80 16 26 1.00000000
80 17 12 1.00000000
80 17 13 1.00000000
80 17 16 1.00000000
80 17 17 1.10000000
80 17 24 1.00000000
80 17 25 1.00000000
80 17 26 1.00000000
80 17 27 1.00000000
80 18 13 1.00000000
80 18 16 1.00000000
80 18 17 1.00000000
80 18 18 1.10000000
80 18 25 1.00000000
80 18 26 1.00000000
80 18 27 1.00000000
80 18 28 1.00000000
80 19 16 1.00000000
80 19 17 1.00000000
80 19 18 1.00000000
80 19 19 1.10000000
80 19 26 1.00000000
80 19 27 1.00000000
80 19 28 1.00000000
80 19 29 1.00000000
80 20 17 1.00000000
80 20 18 1.00000000
80 20 19 1.00000000
80 20 20 1.05000000
80 21 18 1.00000000
80 21 19 1.00000000
80 21 20 1.00000000
80 21 21 1.05000000
80 22 19 1.00000000
80 22 20 1.00000000
80 22 21 1.00000000
80 22 24 1.00000000
80 23 20 1.00000000
80 23 21 1.00000000
80 23 24 1.00000000
80 23 25 1.00000000
80 24 24 0.05000000
80 24 27 1.00000000
80 24 28 1.00000000
80 24 29 1.00000000
80 24 32 1.00000000
80 24 37 1.00000000
80 24 40 1.00000000
80 24 41 1.00000000
80 24 42 1.00000000
80 25 25 0.05000000
80 25 28 1.00000000
80 25 29 1.00000000
80 25 32 1.00000000
80 25 33 1.00000000
80 25 40 1.00000000
80 25 41 1.00000000
80 25 42 1.00000000
80 25 43 1.00000000
80 26 26 0.05000000
80 26 29 1.00000000
80 26 32 1.00000000
80 26 33 1.00000000
80 26 34 1.00000000
80 26 41 1.00000000
80 26 42 1.00000000
80 26 43 1.00000000
80 26 44 1.00000000
80 27 27 0.05000000
80 27 32 1.00000000
80 27 33 1.00000000
80 27 34 1.00000000
80 27 35 1.00000000
80 27 42 1.00000000
80 27 43 1.00000000
80 27 44 1.00000000
80 27 45 1.00000000
80 28 28 0.05000000
80 28 33 1.00000000
80 28 34 1.00000000
80 28 35 1.00000000
80 28 36 1.00000000
80 29 29 0.05000000
80 29 34 1.00000000
80 29 35 1.00000000
80 29 36 1.00000000
80 29 37 1.00000000
80 30 35 1.00000000
80 30 36 1.00000000
80 30 37 1.00000000
80 30 40 1.00000000
80 31 36 1.00000000
80 31 37 1.00000000
80 31 40 1.00000000
80 31 41 1.00000000
80 32 32 0.10000000
80 33 33 0.10000000
80 34 34 0.10000000
80 35 35 0.10000000
80 36 36 0.10000000
80 37 37 0.10000000
80 40 40 0.10000000
80 41 41 0.10000000
80 42 42 0.10000000
80 43 43 0.10000000
80 44 44 0.10000000
80 45 45 0.10000000
81 0 0 0.10000000
81 1 1 0.10000000
81 2 2 0.10000000
81 3 3 0.10000000
81 4 4 0.10000000
81 5 5 0.10000000
81 8 8 0.10000000
81 8 21 1.00000000
81 8 24 1.00000000
81 8 25 1.00000000
81 8 26 1.00000000
81 9 9 0.10000000
81 9 24 1.00000000
81 9 25 1.00000000
81 9 26 1.00000000
81 9 27 1.00000000
81 10 10 0.05000000
81 10 25 1.00000000
81 10 26 1.00000000
81 10 27 1.00000000
81 10 28 1.00000000
81 11 11 0.05000000
81 11 26 1.00000000
81 11 27 1.00000000
81 11 28 1.00000000
81 11 29 1.00000000
81 12 12 0.05000000
81 12 20 1.00000000
81 13 13 0.05000000
81 13 20 1.00000000
81 13 21 1.00000000
81 14 20 1.00000000
81 14 21 1.00000000
81 14 24 1.00000000
81 15 20 1.00000000
81 15 21 1.00000000
81 15 24 1.00000000
81 15 25 1.00000000
81 16 16 0.05000000
81 16 27 1.00000000
81 16 28 1.00000000
81 16 29 1.00000000
81 16 32 1.00000000
81 16 37 1.00000000
81 16 40 1.00000000
81 16 41 1.00000000
81 16 42 1.00000000
81 17 17 0.05000000
81 17 28 1.00000000
81 17 29 1.00000000
81 17 32 1.00000000
81 17 33 1.00000000
81 17 40 1.00000000
81 17 41 1.00000000
81 17 42 1.00000000
81 17 43 1.00000000
81 18 18 0.05000000
81 18 29 1.00000000
81 18 32 1.00000000
81 18 33 1.00000000
81 18 34 1.00000000
81 18 41 1.00000000
81 18 42 1.00000000
81 18 43 1.00000000
81 18 44 1.00000000
81 19 19 0.05000000
81 19 32 1.00000000
81 19 33 1.00000000
81 19 34 1.00000000
81 19 35 1.00000000
81 19 42 1.00000000
81 19 43 1.00000000
81 19 44 1.00000000
81 19 45 1.00000000
81 20 20 0.10000000
81 20 33 1.00000000
81 20 34 1.00000000
81 20 35 1.00000000
81 20 36 1.00000000
81 21 21 0.10000000
81 21 34 1.00000000
81 21 35 1.00000000
81 21 36 1.00000000
81 21 37 1.00000000
81 22 35 1.00000000
81 22 36 1.00000000
81 22 37 1.00000000
81 22 40 1.00000000
81 23 36 1.00000000
81 23 37 1.00000000
81 23 40 1.00000000
81 23 41 1.00000000
81 24 0 1.00000000
81 24 5 1.00000000
81 24 8 1.00000000
81 24 9 1.00000000
81 24 10 1.00000000
81 24 24 0.10000000
81 24 43 1.00000000
81 24 44 1.00000000
81 24 45 1.00000000
81 25 0 1.00000000
81 25 1 1.00000000
81 25 8 1.00000000
81 25 9 1.00000000
81 25 10 1.00000000
81 25 11 1.00000000
81 25 25 0.10000000
81 25 44 1.00000000
81 25 45 1.00000000
81 26 0 1.00000000
81 26 1 1.00000000
81 26 2 1.00000000
81 26 9 1.00000000
81 26 10 1.00000000
81 26 11 1.00000000
81 26 12 1.00000000
81 26 26 0.10000000
81 26 45 1.00000000
81 27 0 1.00000000
81 27 1 1.00000000
81 27 2 1.00000000
81 27 3 1.00000000
81 27 10 1.00000000
81 27 11 1.00000000
81 27 12 1.00000000
81 27 13 1.00000000
81 27 27 0.10000000
81 28 1 1.00000000
81 28 2 1.00000000
81 28 3 1.00000000
81 28 4 1.00000000
81 28 28 0.10000000
81 29 2 1.00000000
81 29 3 1.00000000
81 29 4 1.00000000
81 29 5 1.00000000
81 29 29 0.10000000
81 30 3 1.00000000
81 30 4 1.00000000
81 30 5 1.00000000
81 30 8 1.00000000
81 31 4 1.00000000
81 31 5 1.00000000
81 31 8 1.00000000
81 31 9 1.00000000
81 32 11 1.00000000
81 32 12 1.00000000
81 32 13 1.00000000
81 32 16 1.00000000
81 32 21 1.00000000
81 32 24 1.00000000
81 32 25 1.00000000
81 32 26 1.00000000
81 32 32 0.10000000
81 33 12 1.00000000
81 33 13 1.00000000
81 33 16 1.00000000
81 33 17 1.00000000
81 33 24 1.00000000
81 33 25 1.00000000
81 33 26 1.00000000
81 33 27 1.00000000
81 33 33 0.10000000
81 34 13 1.00000000
81 34 16 1.00000000
81 34 17 1.00000000
81 34 18 1.00000000
81 34 25 1.00000000
81 34 26 1.00000000
81 34 27 1.00000000
81 34 28 1.00000000
81 34 34 0.10000000
81 35 16 1.00000000
81 35 17 1.00000000
81 35 18 1.00000000
81 35 19 1.00000000
81 35 26 1.00000000
81 35 27 1.00000000
81 35 28 1.00000000
81 35 29 1.00000000
81 35 35 0.10000000
81 36 17 1.00000000
81 36 18 1.00000000
81 36 19 1.00000000
81 36 20 1.00000000
81 36 36 0.10000000
81 37 18 1.00000000
81 37 19 1.00000000
81 37 20 1.00000000
81 37 21 1.00000000
81 37 37 0.10000000
81 38 19 1.00000000
81 38 20 1.00000000
81 38 21 1.00000000
81 38 24 1.00000000
81 39 20 1.00000000
81 39 21 1.00000000
81 39 24 1.00000000
81 39 25 1.00000000
81 40 27 1.00000000
81 40 28 1.00000000
81 40 29 1.00000000
81 40 32 1.00000000
81 40 37 1.00000000
81 40 40 1.10000000
81 40 41 1.00000000
81 40 42 1.00000000
81 41 28 1.00000000
81 41 29 1.00000000
81 41 32 1.00000000
81 41 33 1.00000000
81 41 40 1.00000000
81 41 41 1.10000000
81 41 42 1.00000000
81 41 43 1.00000000
81 42 29 1.00000000
81 42 32 1.00000000
81 42 33 1.00000000
81 42 34 1.00000000
81 42 41 1.00000000
81 42 42 1.10000000
81 42 43 1.00000000
81 42 44 1.00000000
81 43 32 1.00000000
81 43 33 1.00000000
81 43 34 1.00000000
81 43 35 1.00000000
81 43 42 1.00000000
81 43 43 1.10000000
81 43 44 1.00000000
81 43 45 1.00000000
81 44 33 1.00000000
81 44 34 1.00000000
81 44 35 1.00000000
81 44 36 1.00000000
81 44 44 0.10000000
81 45 34 1.00000000
81 45 35 1.00000000
81 45 36 1.00000000
81 45 37 1.00000000
81 45 45 0.10000000
81 46 35 1.00000000
81 46 36 1.00000000
81 46 37 1.00000000
81 46 40 1.00000000
81 47 36 1.00000000
81 47 37 1.00000000
81 47 40 1.00000000
81 47 41 1.00000000
81 48 0 1.00000000
81 48 5 1.00000000
81 48 8 1.00000000
81 48 9 1.00000000
81 48 43 1.00000000
81 48 44 1.00000000
81 48 45 1.00000000
81 49 0 1.00000000
81 49 1 1.00000000
81 49 8 1.00000000
81 49 9 1.00000000
81 49 44 1.00000000
81 49 45 1.00000000
81 50 0 1.00000000
81 50 1 1.00000000
81 50 2 1.00000000
81 50 9 1.00000000
81 50 45 1.00000000
81 51 0 1.00000000
81 51 1 1.00000000
81 51 2 1.00000000
81 51 3 1.00000000
81 52 1 1.00000000
81 52 2 1.00000000
81 52 3 1.00000000
81 52 4 1.00000000
81 53 2 1.00000000
81 53 3 1.00000000
81 53 4 1.00000000
81 53 5 1.00000000
81 54 3 1.00000000
81 54 4 1.00000000
81 54 5 1.00000000
81 54 8 1.00000000
81 55 4 1.00000000
81 55 5 1.00000000
81 55 8 1.00000000
81 55 9 1.00000000
82 0 0 0.05000000
82 0 27 1.00000000
82 0 28 1.00000000
82 0 29 1.00000000
82 0 32 1.00000000
82 0 37 1.00000000
82 0 40 1.00000000
82 0 41 1.00000000
82 0 42 1.00000000
82 0 43 1.00000000
82 0 44 1.00000000
82 0 45 1.00000000
82 1 1 0.05000000
82 1 28 1.00000000
82 1 29 1.00000000
82 1 32 1.00000000
82 1 33 1.00000000
82 1 40 1.00000000
82 1 41 1.00000000
82 1 42 1.00000000
82 1 43 1.00000000
82 1 44 1.00000000
82 1 45 1.00000000
82 2 2 0.05000000
82 2 29 1.00000000
82 2 32 1.00000000
82 2 33 1.00000000
82 2 34 1.00000000
82 2 41 1.00000000
82 2 42 1.00000000
82 2 43 1.00000000
82 2 44 1.00000000
82 2 45 1.00000000
82 3 3 0.05000000
82 3 32 1.00000000
82 3 33 1.00000000
82 3 34 1.00000000
82 3 35 1.00000000
82 3 42 1.00000000
82 3 43 1.00000000
82 3 44 1.00000000
82 3 45 1.00000000
82 4 4 0.05000000
82 4 33 1.00000000
82 4 34 1.00000000
82 4 35 1.00000000
82 4 36 1.00000000
82 5 5 0.05000000
82 5 34 1.00000000
82 5 35 1.00000000
82 5 36 1.00000000
82 5 37 1.00000000
82 6 35 1.00000000
82 6 36 1.00000000
82 6 37 1.00000000
82 6 40 1.00000000
82 7 36 1.00000000
82 7 37 1.00000000
82 7 40 1.00000000
82 7 41 1.00000000
82 8 0 1.00000000
82 8 5 1.00000000
82 8 8 1.05000000
82 8 9 1.00000000
82 8 10 1.00000000
82 8 43 1.00000000
82 8 44 1.00000000
82 8 45 1.00000000
82 9 0 1.00000000
82 9 1 1.00000000
82 9 8 1.00000000
82 9 9 1.05000000
82 9 10 1.00000000
82 9 11 1.00000000
82 9 44 1.00000000
82 9 45 1.00000000
82 10 0 1.00000000
82 10 1 1.00000000
82 10 2 1.00000000
82 10 9 1.00000000
82 10 10 1.10000000
82 10 11 1.00000000
82 10 12 1.00000000
82 10 45 1.00000000
82 11 0 1.00000000
82 11 1 1.00000000
82 11 2 1.00000000
82 11 3 1.00000000
82 11 10 1.00000000
82 11 11 1.10000000
82 11 12 1.00000000
82 11 13 1.00000000
82 12 1 1.00000000
82 12 2 1.00000000
82 12 3 1.00000000
82 12 4 1.00000000
82 12 12 0.10000000
82 13 2 1.00000000
82 13 3 1.00000000
82 13 4 1.00000000
82 13 5 1.00000000
82 13 13 0.10000000
82 14 3 1.00000000
82 14 4 1.00000000
82 14 5 1.00000000
82 14 8 1.00000000
82 15 4 1.00000000
82 15 5 1.00000000
82 15 8 1.00000000
82 15 9 1.00000000
82 16 11 1.00000000
82 16 12 1.00000000
82 16 13 1.00000000
82 16 16 1.10000000
82 16 21 1.00000000
82 16 24 1.00000000
82 16 25 1.00000000
82 16 26 1.00000000
82 17 12 1.00000000
82 17 13 1.00000000
82 17 16 1.00000000
82 17 17 1.10000000
82 17 24 1.00000000
82 17 25 1.00000000
82 17 26 1.00000000
82 17 27 1.00000000
82 18 13 1.00000000
82 18 16 1.00000000
82 18 17 1.00000000
82 18 18 1.10000000
82 18 25 1.00000000
82 18 26 1.00000000
82 18 27 1.00000000
82 18 28 1.00000000
82 19 16 1.00000000
82 19 17 1.00000000
82 19 18 1.00000000
82 19 19 1.10000000
82 19 26 1.00000000
82 19 27 1.00000000
82 19 28 1.00000000
82 19 29 1.00000000
82 20 17 1.00000000
82 20 18 1.00000000
82 20 19 1.00000000
82 20 20 1.10000000
82 21 18 1.00000000
82 21 19 1.00000000
82 21 20 1.00000000
82 21 21 1.10000000
82 22 19 1.00000000
82 22 20 1.00000000
82 22 21 1.00000000
82 22 24 1.00000000
82 23 20 1.00000000
82 23 21 1.00000000
82 23 24 1.00000000
82 23 25 1.00000000
82 24 24 0.10000000
82 24 27 1.00000000
82 24 28 1.00000000
82 24 29 1.00000000
82 24 32 1.00000000
82 24 37 1.00000000
82 24 40 1.00000000
82 24 41 1.00000000
82 24 42 1.00000000
82 25 25 0.10000000
82 25 28 1.00000000
82 25 29 1.00000000
82 25 32 1.00000000
82 25 33 1.00000000
82 25 40 1.00000000
82 25 41 1.00000000
82 25 42 1.00000000
82 25 43 1.00000000
82 26 26 0.10000000
82 26 29 1.00000000
82 26 32 1.00000000
82 26 33 1.00000000
82 26 34 1.00000000
82 26 41 1.00000000
82 26 42 1.00000000
82 26 43 1.00000000
82 26 44 1.00000000
82 27 27 0.10000000
82 27 32 1.00000000
82 27 33 1.00000000
82 27 34 1.00000000
82 27 35 1.00000000
82 27 42 1.00000000
82 27 43 1.00000000
82 27 44 1.00000000
82 27 45 1.00000000
82 28 28 0.10000000
82 28 33 1.00000000
82 28 34 1.00000000
82 28 35 1.00000000
82 28 36 1.00000000
82 29 29 0.10000000
82 29 34 1.00000000
82 29 35 1.00000000
82 29 36 1.00000000
82 29 37 1.00000000
82 30 35 1.00000000
82 30 36 1.00000000
82 30 37 1.00000000
82 30 40 1.00000000
82 31 36 1.00000000
82 31 37 1.00000000
82 31 40 1.00000000
82 31 41 1.00000000
82 32 32 0.10000000
82 33 33 0.10000000
82 34 34 0.10000000
82 35 35 0.10000000
82 36 36 0.10000000
82 37 37 0.10000000
82 40 40 0.10000000
82 41 41 0.10000000
82 42 42 0.10000000
82 43 43 0.10000000
82 44 44 0.10000000
82 45 45 0.10000000
82 48 10 1.00000000
82 49 10 1.00000000
82 49 11 1.00000000
82 50 10 1.00000000
82 50 11 1.00000000
82 50 12 1.00000000
82 51 10 1.00000000
82 51 11 1.00000000
82 51 12 1.00000000
82 51 13 1.00000000
82 56 11 1.00000000
82 56 12 1.00000000
82 56 13 1.00000000
82 56 16 1.00000000
82 56 21 1.00000000
82 56 24 1.00000000
82 56 25 1.00000000
82 56 26 1.00000000
82 57 12 1.00000000
82 57 13 1.00000000
82 57 16 1.00000000
82 57 17 1.00000000
82 57 24 1.00000000
82 57 25 1.00000000
82 57 26 1.00000000
82 57 27 1.00000000
82 58 13 1.00000000
82 58 16 1.00000000
82 58 17 1.00000000
82 58 18 1.00000000
82 58 25 1.00000000
82 58 26 1.00000000
82 58 27 1.00000000
82 58 28 1.00000000
82 59 16 1.00000000
82 59 17 1.00000000
82 59 18 1.00000000
82 59 19 1.00000000
82 59 26 1.00000000
82 59 27 1.00000000
82 59 28 1.00000000
82 59 29 1.00000000
82 60 17 1.00000000
82 60 18 1.00000000
82 60 19 1.00000000
82 60 20 1.00000000
82 61 18 1.00000000
82 61 19 1.00000000
82 61 20 1.00000000
82 61 21 1.00000000
82 62 19 1.00000000
82 62 20 1.00000000
82 62 21 1.00000000
82 62 24 1.00000000
82 63 20 1.00000000
82 63 21 1.00000000
82 63 24 1.00000000
82 63 25 1.00000000
83 0 0 5475.20000000
83 1 0 864.00000000
83 2 0 864.00000000
83 3 0 864.00000000
83 4 0 864.00000000
83 5 0 864.00000000
83 7 0 4608.00000000
83 8 0 864.00000000
83 9 0 864.00000000
83 10 0 900.00000000
83 11 0 936.00000000
83 12 0 972.00000000
83 13 0 1008.00000000
83 16 0 1044.00000000
83 17 0 1080.00000000
83 18 0 1116.00000000
83 19 0 1152.00000000
83 20 0 1152.00000000
83 21 0 1152.00000000
83 24 0 1152.00000000
83 25 0 1152.00000000
83 26 0 1152.00000000
83 27 0 1152.00000000
83 28 0 1152.00000000
83 29 0 1152.00000000
83 32 0 1152.00000000
83 33 0 1152.00000000
83 34 0 1152.00000000
83 35 0 1152.00000000
83 36 0 1116.00000000
83 37 0 1080.00000000
83 40 0 1044.00000000
83 41 0 1008.00000000
83 42 0 972.00000000
83 43 0 936.00000000
83 44 0 900.00000000
83 45 0 864.00000000
83 56 0 4608.00000000
83 63 0 4608.00000000
84 0 0 4934.80000000
84 1 0 936.00000000
84 2 0 972.00000000
84 3 0 1008.00000000
84 4 0 1044.00000000
84 5 0 1080.00000000
84 7 0 4032.00000000
84 8 0 1116.00000000
84 9 0 1152.00000000
84 10 0 1152.00000000
84 11 0 1152.00000000
84 12 0 1152.00000000
84 13 0 1152.00000000
84 16 0 1116.00000000
84 17 0 1080.00000000
84 18 0 1044.00000000
84 19 0 1008.00000000
84 20 0 972.00000000
84 21 0 936.00000000
84 24 0 900.00000000
84 25 0 864.00000000
84 26 0 828.00000000
84 27 0 792.00000000
84 28 0 756.00000000
84 29 0 720.00000000
84 32 0 684.00000000
84 33 0 648.00000000
84 34 0 612.00000000
84 35 0 576.00000000
84 36 0 612.00000000
84 37 0 648.00000000
84 40 0 684.00000000
84 41 0 720.00000000
84 42 0 756.00000000
84 43 0 792.00000000
84 44 0 828.00000000
84 45 0 864.00000000
84 56 0 4032.00000000
84 63 0 4032.00000000
85 0 0 1083.20000000
85 7 0 1080.00000000
85 56 0 1080.00000000
85 63 0 1080.00000000
86 0 0 338.50000000
86 7 0 337.50000000
86 56 0 337.50000000
86 63 0 337.50000000
87 0 0 142.25000000
87 7 0 141.75000000
87 56 0 94.50000000
87 63 0 94.50000000
